;_Globals::FUN_00401000;0x401000;0x17;__stdcall;;uchar;uint
;_Globals::ThrowWin32ErrorAsHRESULT;0x401020;0x1a;__stdcall;;uchar
;CMenu::CMenu_GetAppSubstruct;0x401050;0x7;__thiscall;;int;CMenu*
;_Globals::CDsString_EnsureCapacityWide;0x401060;0x90;__cdecl;;uchar;int*;size_t;void*;int
;_Globals::CIntList_BinarySearch;0x4010f0;0x9e;__thiscall;;int;void*;int*;uchar*;int
;_Globals::CDsString_InitFromLiteral;0x401190;0x19;__thiscall;;void*;void*;short*
;_Globals::CDsString_InitFromHandle;0x4011b0;0x19;__thiscall;;void*;void*;uint*
;_Globals::FUN_004011d0;0x4011d0;0x8;__fastcall;;uchar;LPCRITICAL_SECTION
;CDSObject::CDSObject_GetClassTable;0x4011e0;0x6;__stdcall;;char**
;CDSChain::CDSChain_GetClassTable;0x4011f0;0x6;__stdcall;;uchar*
;CDSChain::CDSChain_Referenced_GetClassTable;0x401200;0x6;__stdcall;;uchar*
;CDSChain::CDSChain_Referenced_DtorScalar;0x401210;0x1e;__thiscall;;CDSChain*;CDSChain*;uchar
;CDSCollection::CDSCollection_GetTypeInfo;0x401230;0x6;__stdcall;;uchar*
;CDSCollection::CDSCollection_ScalarDeletingDtor;0x401240;0x1e;__thiscall;;CDSCollection*;CDSCollection*;uchar
;CDSChain::CDSChain_OnChainEvent;0x401260;0x8;__thiscall;;uchar;CDSChain*;uchar
;CDSCollection::CDSCollection_ScalarDeletingDtorThunk;0x401270;0x8;__thiscall;;uchar;CDSCollection*;uchar
;CStartGame1::CStartGame1_GetEmbeddedCGamePtr;0x401280;0xb;__stdcall;;int
;_Globals::MultiByteToWideChar_Wrapper;0x401290;0xaf;__thiscall;;uchar;void*;LPCSTR;UINT
;_Globals::FUN_00401340;0x401340;0xf;__fastcall;;uchar;int*
;CBulanci::CBulanci_GetPathExtension;0x401350;0x57;__thiscall;;int*;CBulanci*;int*
;CBulanci::CBulanci_DirEnumCtx_ctor;0x4013b0;0x92;__thiscall;;uchar;CBulanci*;int
;_Globals::CBulanci_DirEnumCtx_dtor;0x401450;0x5c;__fastcall;;uchar;int*
;CBulanci::FUN_004014b0;0x4014b0;0x66;__thiscall;;uchar;CBulanci*;uchar
;_Globals::FUN_00401520;0x401520;0x12;__fastcall;;uchar;uint*
;CDSFileStream::CDSFileStream_Ctor;0x401540;0xbc;__thiscall;;uchar;CDSFileStream*;int;uchar*
;CDSFileStream::CDSFileStream_GetClassTable;0x401600;0x6;__stdcall;;uchar*
;CDSFileStream::CDSFileStream_GetClassRegistry;0x401610;0x6;__stdcall;;uchar*
;CDSFileStream::IDSStream_GetClassRegistry;0x401620;0x6;__stdcall;;uchar*
;CDSFileStream::CDSFileStream_GetTypeInfo;0x401630;0x6;__stdcall;;uchar*
;CDSFileStream::CloseStream;0x401640;0x14;__fastcall;;void;int
;CDSFileStream::IDSStream_ReleaseRefcount;0x401660;0x29;__fastcall;;uchar;int
;CDSFileStream::CDSFileStream_AdjustOffsetDtor;0x401690;0x8;__thiscall;;uchar;CDSFileStream*;uchar
;CDSFileStream::CDSFileStream_ScalarDeletingDtor_thunk;0x4016a0;0x8;__thiscall;;uchar;CDSFileStream*;uchar
;CDSFileStream::ScalarDeletingDtor;0x4016b0;0x8;__thiscall;;uchar;CDSFileStream*;uchar
;CDSFileStream::CDSFileStream_dtor;0x4016c0;0x7b;__fastcall;;uchar;uint*
;CDSFileStream::GetStreamName;0x401740;0x26;__thiscall;;uint*;CDSFileStream*;uint*
;CDSFileStream::CDSFileStream_ScalarDeletingDtor;0x401770;0x1e;__thiscall;;uchar;CDSFileStream*;uchar
;CBulanci::CDSStreamStorage_ctor;0x401790;0xb1;__thiscall;;uchar;CBulanci*;int*
;CDSStreamStorage::CDSStreamStorage_GetTypeInfo;0x401850;0x6;__stdcall;;uchar*
;CDSStreamStorage::CDSStreamStorage_CloseStream;0x401860;0x8;__thiscall;;uchar;CDSStreamStorage*;uint
;CDSStreamStorage::CDSStreamStorage_ScalarDeletingDtor;0x401870;0x1e;__thiscall;;CDSStreamStorage*;CDSStreamStorage*;uchar
;CDSStreamStorage::CDSStreamStorage_ScalarDeletingDtor;0x401890;0x8;__thiscall;;uchar;CDSStreamStorage*;uchar
;CDSStreamStorage::CDSStreamStorage_ScalarDeletingDtor_thunk_Sub8;0x4018a0;0x8;__thiscall;;uchar;CDSStreamStorage*;uchar
;CDSStreamStorage::CDSStreamStorage_GetClassTable;0x4018b0;0x6;__stdcall;;uchar*
;CDSStreamStorage::CDSStreamStorage_ReleaseRefcount;0x4018c0;0x29;__fastcall;;uchar;int
;CDSStreamStorage::CDSStreamStorage_DtorBody;0x4018f0;0x8;__fastcall;;uchar;int
;CDSStreamStorage::CDSStreamStorage_ReleaseChild_thunk_Sub8;0x401900;0x8;__fastcall;;uchar;int
;_Globals::CWindow_dtor;0x401910;0x5e;__fastcall;;uchar;uchar
;CBulanci::CBulanci_SetCmdLine;0x401970;0x92;__fastcall;;void;CBulanci*
;_Globals::CAdvertising_dtor;0x401a10;0x5a;__fastcall;;uchar;uchar
;_Globals::FUN_00401a70;0x401a70;0x7f;__stdcall;;int;int*
;CMenu::CMenu_OnSubScreenBack;0x401af0;0x80;__fastcall;;void;CBulanci*
;CMenu::Catch@00401b70;0x401b70;0x41;__stdcall;;uchar*
;CMenu::CMenu_HideAllButtons;0x401bb4;0x1f;__stdcall;;uchar
;CBulanci::CBulanci_StartGameAndShowPostMatchScore;0x401be0;0x50;__fastcall;;void;CBulanci*
;CBulanci::Catch@00401c30;0x401c30;0x1b;__stdcall;;uchar*
;CBulanci::CBulanci_ShowPostMatchScoreModal;0x401c59;0x9b;__stdcall;;bool
;CGame::CGame_InitWidePathFromMbcs;0x401d00;0x21;__thiscall;;CGame*;CGame*;LPCSTR
;_Globals::CIntList_EnsureCapacity;0x401d30;0x3b;__thiscall;;uchar;void*;uint
;_Globals::FUN_00401d70;0x401d70;0x8;__fastcall;;uchar;CDSAudioBank*
;CBulanci::CBulanci_OpenPackStream;0x401d80;0x3cf;__stdcall;;uchar;int;int
;_Globals::Catch@00401fc3;0x401fc3;0x27;__stdcall;;uchar*
;CBulanci::Catch@0040214f;0x40214f;0x27;__stdcall;;uint
;CBulanci::CBulanci_InitResourceBank;0x402180;0x105;__fastcall;;void;CBulanci*
;_Globals::CDSApp_ShowSetupDialog;0x402290;0x126;__thiscall;;uchar;void*;int
;CBulanci::CBulanci_OnEvent_MenuStateMachine;0x402490;0x1ef;__thiscall;;uchar;CBulanci*;ushort;uint
;_Globals::WinMain;0x402680;0x64;__stdcall;;int;HINSTANCE;HINSTANCE;LPSTR;int
;CBulanci::CBulanci_ctor;0x4026f0;0x138;__fastcall;;uchar;uchar
;CBulanci::CBulanci_GetAppDescriptor;0x402830;0x6;__stdcall;;uchar*
;CBulanci::CBulanci_GetDataKindStubZero;0x402840;0x9;__fastcall;;uint;int
;CBulanci::CBulanci_DtorScalar_thunk_Sub4;0x402850;0x8;__thiscall;;uchar;CBulanci*;uchar
;CBulanci::CBulanci_DtorScalar_thunk_Sub10;0x402860;0x8;__thiscall;;uchar;CBulanci*;uchar
;CBulanci::CBulanci_DtorScalar_thunk_Sub18;0x402870;0x8;__thiscall;;uchar;CBulanci*;uchar
;CBulanci::CBulanci_GetClassTable;0x402880;0x6;__stdcall;;uchar*
;CBulanci::CDSReferenced_GetTypeInfo_Base;0x402890;0x6;__stdcall;;uchar*
;CBulanci::CDSView_HitTest;0x4028a0;0x2a;__thiscall;;uint;CBulanci*;int*
;CBulanci::FUN_004028d0;0x4028d0;0xbc;__fastcall;;uchar;uint*
;CBulanci::CBulanci_BuildBitmapCache;0x402990;0xfe;__thiscall;;CDSAudioBank*;CBulanci*;int;int;int*
;_Globals::CBulanci_CreateObject;0x402a90;0x67;__stdcall;;uchar
;CBulanci::CBulanci_DtorScalar;0x402b00;0x1e;__thiscall;;uchar;CBulanci*;uchar
;CBulanci::CBulanci_OnCreate;0x402b20;0x9c;__fastcall;;uchar;uchar
;CBulanci::FUN_00402bc0;0x402bc0;0x6d;__thiscall;;uchar;CBulanci*;CDSAudioBank*
;CBulanci::CBulanci_dtor;0x402c30;0x1b3;__fastcall;;uchar;uchar
;CBulanci::CBulanci_ChainDtorBody;0x402df0;0x8;__fastcall;;uchar;int
;CBulanci::CBulanci_ReferencedDtorBody;0x402e00;0x8;__fastcall;;uchar;int
;CBulanci::CBulanci_EventHandlerDtorBody;0x402e10;0x8;__fastcall;;uchar;int
;_Globals::CScroller_DtorCommon;0x402e20;0x5a;__fastcall;;uchar;uchar
;CScrollBar::CScrollBar_BlitVerticalTrack;0x402e80;0x55;__cdecl;;uchar;CPoemScroller*;int;int;int;int
;CScrollBar::CScrollBar_BlitHorizontalTrack;0x402ee0;0x55;__cdecl;;uchar;CPoemScroller*;int;int;int;int
;_Globals::WidgetStateFlags_ToTintColor;0x402f40;0x20;__cdecl;;int;ushort
;CScrollBar::CScrollBar_OnMouseMove;0x402f60;0x49;__fastcall;;void;uchar
;CRadio::CRadio_OnMouseDown;0x402fb0;0x59;__thiscall;;void;CRadio*;uint;short
;CRadio::CRadio_GetDataSize;0x403010;0x6;__stdcall;;uint
;CRadio::CRadio_Invalidate;0x403020;0x12;__fastcall;;uchar;int*
;CStaticText::CStaticText_SetStyle;0x403040;0x23;__thiscall;;uchar;CStaticText*;void*;int
;CIcon::CIcon_OnMouseDown;0x403070;0x28;__thiscall;;uchar;CIcon*;uint;short
;CIcon::CIcon_Invalidate;0x4030a0;0xe;__fastcall;;uchar;int*
;CButton::CButton_PlayClickSound;0x4030b0;0x2a;__fastcall;;uchar;int
;CButton::CButton_OnMouseDown;0x4030e0;0x3a;__thiscall;;uchar;CButton*;uint;short
;CScroller::CScroller_IDSUpdated_ArmSlot;0x403120;0x26;__fastcall;;uchar;void*
;CEdit::CEdit_GetTextLength;0x403150;0x1c;__fastcall;;uchar;int
;CEdit::CEdit_SaveData;0x403170;0x13;__thiscall;;uchar;CEdit*;void*
;CEdit::CEdit_GetDataSize;0x403190;0x6;__stdcall;;uint
;CNumEdit::CNumEdit_GetValue;0x4031a0;0xf;__thiscall;;uchar;CNumEdit*;uint*
;_Globals::CDsString_EnsureCapacityAnsi;0x4031b0;0x90;__cdecl;;uchar;int*;size_t;void*;int
;_Globals::FUN_00403240;0x403240;0x52;__cdecl;;uchar;uint*;uint*;int
;CPoemScroller::DeletingDestructorThunk_18;0x4032a0;0x18;__fastcall;;uint;int*
;CDSChained::CDSChained_GetTypeInfo;0x4032c0;0x6;__stdcall;;uchar*
;CDSChained::CDSChained_ctor;0x4032d0;0xba;__fastcall;;uint*;uint*
;CDSView::CDSView_GetClassTable;0x403390;0x6;__stdcall;;uchar*
;CDSApp::CDSView_GetDataKindStubZero;0x4033a0;0x5;__thiscall;;uint;CDSApp*;int
;CGaming::CGaming_IsSchedulerSlotActive;0x4033b0;0x1b;__thiscall;;bool;CGaming*;uint
;CScroller::CScroller_ctor;0x4033d0;0x99;__fastcall;;uchar;uchar
;CScroller::CScroller_GetClassTable;0x403470;0x6;__stdcall;;uchar*
;CScroller::CScroller_ScalarDeletingDtor_thunk;0x403480;0x8;__thiscall;;uchar;CScroller*;uchar
;CScroller::CScroller_ScalarDeletingDtor_thunk_Sub68;0x403490;0x8;__thiscall;;uchar;CScroller*;uchar
;CDSView::CDSObject_ReleaseViaVtable_ThisMinus0x10;0x4034a0;0x8;__fastcall;;uchar;int
;CScroller::CScroller_ScalarDeletingDtor_thunk;0x4034b0;0x8;__thiscall;;uchar;CScroller*;uchar
;CScroller::CScroller_ScalarDeletingDtor_thunk_Sub18;0x4034c0;0x8;__thiscall;;uchar;CScroller*;uchar
;CScroller::CScroller_GetTypeInfo;0x4034d0;0x6;__stdcall;;uchar*
;CScroller::CScroller_ScalarDeletingDtor;0x4034e0;0x1e;__thiscall;;uchar;CScroller*;uchar
;CItemInfo::CItemInfo_GetTypeInfo;0x403500;0x6;__stdcall;;uchar*
;CDSObject::CDSObject_AssignIDSReferencedVftable;0x403510;0x7;__fastcall;;uchar;uint*
;CBlackView::GetClassTable;0x403520;0x6;__stdcall;;uchar*
;CScrollBar::CScrollBar_Render;0x403530;0x330;__fastcall;;void;uchar
;CScrollBar::CScrollBar_HitTest;0x403860;0x11c;__thiscall;;undefined8;CScrollBar*;int*
;CScrollBar::CScrollBar_OnKeyDown;0x403980;0xdd;__thiscall;;uchar;CScrollBar*;int*
;CScrollBar::CScrollBar_OnTimerTick;0x403a80;0x33;__fastcall;;void;uchar
;CRadio::CRadio_Render;0x403ac0;0x1f6;__fastcall;;void;CRadio*
;CRadio::CRadio_SetSelected;0x403cc0;0x44;__thiscall;;void;CRadio*;uchar
;CRadio::CRadio_LoadData;0x403d10;0x10;__thiscall;;uchar;CRadio*;uchar
;CStartGame1::CRadio::SetItemDisabled;0x403d20;0x32;__thiscall;;uchar;CStartGame1*;int;char
;CWindow::CWindow_OnKeyDownTabEscEnter;0x403d60;0xd1;__thiscall;;uint;CWindow*;char;char
;CIcon::CIcon_Render;0x403e40;0x56;__fastcall;;void;uchar
;CIcon::CIcon_OnMouseUp;0x403ea0;0x80;__thiscall;;uchar;CIcon*;uint;uchar
;CButton::CButton_OnMouseUp;0x403f20;0x6a;__thiscall;;uchar;CButton*;uint;uchar
;CButton::CButton_OnKeyDown;0x403f90;0x9b;__thiscall;;uint;CButton*;uchar;char
;CButton::CButton_OnFocusReceived;0x404060;0x59;__thiscall;;uchar;CButton*;short
;CScroller::FUN_004040c0;0x4040c0;0x36;__fastcall;;uchar;int
;_Globals::CListViewer_GetVerticalScrollbarHeight;0x404100;0x10;__fastcall;;int;int
;CScroller::FUN_00404110;0x404110;0x65;__thiscall;;uchar;CScroller*;short;int
;CListViewer::FUN_00404180;0x404180;0x55;__thiscall;;uchar;CListViewer*;int*
;CListViewer::CListViewer_GetContentAreaSize;0x4041e0;0x52;__thiscall;;uchar;CListViewer*;int*
;CListViewer::FUN_00404240;0x404240;0x49;__thiscall;;uchar;CListViewer*;int*
;CListViewer::FUN_00404290;0x404290;0x88;__thiscall;;uchar;CListViewer*;int;int*
;_Globals::CListViewer_ScrollToItem;0x404320;0x6a;__thiscall;;uchar;void*;int
;_Globals::CListViewer_UpdateContentSize;0x404390;0x153;__thiscall;;uchar;void*;int*
;CListViewer::FUN_004044f0;0x4044f0;0x34;__thiscall;;uchar;CListViewer*;int*;int*
;CEdit::CEdit_MeasureCharWidth;0x404530;0x1b;__thiscall;;uchar;CEdit*;uchar
;CNumEdit::CNumEdit_ValidateRange;0x404550;0x37;__thiscall;;uint;CNumEdit*;short
;CBlackView::OnDraw;0x404590;0x36;__fastcall;;void;CBlackView*
;_Globals::FUN_004045d0;0x4045d0;0x11;__fastcall;;uchar;uint*
;_Globals::FUN_004045f0;0x4045f0;0xc2;__thiscall;;uchar;void*;LPCWSTR;UINT
;_Globals::CDynPtrArray_RemoveRange;0x4046c0;0x35;__thiscall;;uchar;void*;int;int
;_Globals::CDSRect_Assign;0x404700;0x2c;__thiscall;;uchar;void*;uint*
;_Globals::CDSRect_Overlaps;0x404730;0x5f;__thiscall;;uint;void*;int*
;CScrollBar::CScrollBar_ctor;0x404790;0xa8;__fastcall;;uchar;uchar
;CScrollBar::CScrollBar_GetTypeDescriptor;0x404840;0x6;__stdcall;;uchar*
;CScrollBar::CScrollBar_AdjustorThunk04_Dtor;0x404850;0x8;__thiscall;;uchar;CScrollBar*;uchar
;CScrollBar::CScrollBar_AdjustorThunk10_Dtor;0x404860;0x8;__thiscall;;uchar;CScrollBar*;uchar
;CScrollBar::CScrollBar_AdjustorThunk18_Dtor;0x404870;0x8;__thiscall;;uchar;CScrollBar*;uchar
;CScrollBar::CScrollBar_AdjustorThunk68_Dtor;0x404880;0x8;__thiscall;;uchar;CScrollBar*;uchar
;_Globals::FUN_00404890;0x404890;0x79;__fastcall;;uchar;uchar
;CStaticText::CStaticText_ctor;0x404910;0x53;__fastcall;;CStaticText*;CStaticText*
;CStaticText::CStaticText_GetTypeDescriptor;0x404970;0x6;__stdcall;;uchar*
;CStaticText::CStaticText_AdjustorThunk04_Dtor;0x404980;0x8;__thiscall;;uchar;CStaticText*;uchar
;CStaticText::CStaticText_AdjustorThunk10_Dtor;0x404990;0x8;__thiscall;;uchar;CStaticText*;uchar
;CStaticText::CStaticText_AdjustorThunk18_Dtor;0x4049a0;0x8;__thiscall;;uchar;CStaticText*;uchar
;CWindow::CWindow_GetTypeDescriptor;0x4049b0;0x6;__stdcall;;uchar*
;CBulanci::CDSChain_AdjustThisOffset_ThisMinus0xc;0x4049c0;0x8;__fastcall;;uchar;int
;CBulanci::CDSChain_AdjustThisOffset_ThisMinus14;0x4049d0;0x8;__fastcall;;uchar;int
;CIcon::CIcon_ctor;0x4049e0;0x7a;__fastcall;;CIcon*;CIcon*
;CIcon::CIcon_GetTypeDescriptor;0x404a60;0x6;__stdcall;;uchar*
;CIcon::CIcon_AdjustorThunk04_Dtor;0x404a70;0x8;__thiscall;;uchar;CIcon*;uchar
;CIcon::CIcon_AdjustorThunk10_Dtor;0x404a80;0x8;__thiscall;;uchar;CIcon*;uchar
;CIcon::CIcon_AdjustorThunk18_Dtor;0x404a90;0x8;__thiscall;;uchar;CIcon*;uchar
;CIcon::CIcon_dtor;0x404aa0;0x62;__fastcall;;void;CIcon*
;CButton::CButton_ctor;0x404b10;0x8c;__fastcall;;CButton*;CButton*
;CButton::CButton_GetTypeDescriptor;0x404ba0;0x6;__stdcall;;uchar*
;CButton::CButton_AdjustorThunk04_Dtor;0x404bb0;0x8;__thiscall;;uchar;CButton*;uchar
;CButton::CButton_AdjustorThunk10_Dtor;0x404bc0;0x8;__thiscall;;uchar;CButton*;uchar
;CButton::CButton_AdjustorThunk18_Dtor;0x404bd0;0x8;__thiscall;;uchar;CButton*;uchar
;_Globals::CreateObject;0x404be0;0x67;__stdcall;;uint*
;CListBoxItem::CListBoxItem_GetTypeInfo;0x404c70;0x6;__stdcall;;uchar*
;CChatList::FUN_00404c80;0x404c80;0x26;__thiscall;;uint*;CChatList*;uint*
;CListBoxItem::CListBoxItem_dtor;0x404cb0;0x56;__fastcall;;uchar;uint*
;CEdit::CEdit_ctor;0x404d10;0xa5;__fastcall;;uchar;uchar
;CEdit::CEdit_GetTypeDescriptor;0x404dc0;0x6;__stdcall;;uchar*
;CEdit::CEdit_AdjustorThunk04_Dtor;0x404dd0;0x8;__thiscall;;uchar;CEdit*;uchar
;CScroller::CDSChain_AdjustThisOffset;0x404de0;0x8;__fastcall;;uchar;int
;CEdit::CEdit_AdjustorThunk10_Dtor;0x404df0;0x8;__thiscall;;uchar;CEdit*;uchar
;CBlackView::CreateObject;0x404e00;0x78;__stdcall;;uint*
;CPoemScroller::BlitStatic;0x404e80;0xec;__cdecl;;uchar;CPoemScroller*;int*;int;uint
;_Globals::CScrollBar_SetValue;0x404f70;0x65;__thiscall;;uint;void*;int
;CScrollBar::CScrollBar_dtor;0x404fe0;0x12f;__thiscall;;void;CScrollBar*;int*
;CScroller::CScroller_HandlePageKeys;0x405110;0xb8;__thiscall;;uint;CScroller*;char
;_Globals::CScrollBar_SetScrollRange;0x4051d0;0x6e;__thiscall;;uchar;void*;int;int
;CRadio::CRadio_OnMouseUp;0x405240;0x3f;__thiscall;;uchar;CRadio*;uint;uchar
;_Globals::FUN_00405280;0x405280;0x53;__thiscall;;int;void*;int*
;CStaticText::CStaticText_dtor;0x4052e0;0x90;__fastcall;;uchar;uchar
;_Globals::FUN_00405370;0x405370;0xca;__fastcall;;uchar;int*
;CStartGame2::FUN_00405440;0x405440;0x81;__thiscall;;uchar;CStartGame2*;uint;uint
;CStaticText::CStaticText_Render;0x4054d0;0x83;__fastcall;;void;CStaticText*
;CWindow::CWindow_BuildAt;0x405560;0x5e;__thiscall;;CWindow*;CWindow*;int;int;int;int;uchar
;CWindow::CWindow_Render;0x4055c0;0x3a;__fastcall;;void;CWindow*
;CButton::CButton_dtor;0x405600;0xa7;__fastcall;;void;uchar
;CButton::CButton_Render;0x4056b0;0x103;__fastcall;;void;uchar
;CScroller::CScroller_Render;0x4057c0;0x123;__fastcall;;uchar;uchar
;CChatList::FUN_004058f0;0x4058f0;0x33;__thiscall;;uchar;CChatList*;int;int
;CScroller::CScroller_OnKeyDown;0x405930;0x3e;__thiscall;;bool;CScroller*;char
;CScroller::CScroller::UpdateScrollbars;0x405970;0x179;__thiscall;;uchar;CScroller*;int*
;CScroller::CScroller_SetRect;0x405af0;0x1c;__thiscall;;uchar;CScroller*;int*
;CChatList::CChatList_SetHorizontalExtent;0x405b10;0x20;__thiscall;;uchar;CChatList*;uint;uint
;CListViewer::CListViewer_HitTestItem;0x405b30;0x85;__thiscall;;uint;CListViewer*;int;int
;_Globals::FUN_00405bc0;0x405bc0;0x27;__thiscall;;uchar;void*;int
;_Globals::CListViewer_ClearSelectedItems;0x405bf0;0x4a;__fastcall;;uchar;void*
;_Globals::FUN_00405c40;0x405c40;0x57;__fastcall;;uchar;uchar
;CChatList::CChatList_ScrollToItem;0x405ca0;0x129;__thiscall;;uint;CChatList*;int
;CListViewer::CListViewer_OnMouseClick;0x405dd0;0x1b;__thiscall;;uchar;CListViewer*;int*
;CListViewer::CListViewer_RefreshHitTestAtScroll;0x405df0;0x14;__fastcall;;uchar;uchar
;CListViewer::CListViewer_AddItem;0x405e10;0x8e;__thiscall;;void*;CListViewer*;void*
;CChatList::RecalculateHorizontalExtent;0x405ea0;0x112;__fastcall;;uchar;CChatList*
;CListBox::CListBox::CListBox_RenderItem;0x405fc0;0x8d;__thiscall;;uchar;CListBox*;int*;int
;CEdit::CEdit_dtor;0x406050;0xac;__fastcall;;void;uchar
;CEdit::CEdit_Render;0x406100;0x125;__fastcall;;void;CDSView*
;CEdit::CEdit_OnTimerTick;0x406230;0x31;__stdcall;;uchar;uchar;uchar
;CEdit::CEdit_SetText;0x406270;0x15;__stdcall;;uint;int
;CNumEdit::CNumEdit_OnTextChanged;0x406290;0x67;__thiscall;;uint;CNumEdit*;int
;_Globals::CDynPtrArray_RemovePointer;0x406300;0x32;__thiscall;;uchar;void*;int;uchar*
;CDSAudioBank::CDSAudioBank_ResizeSlots;0x406340;0x4f;__thiscall;;uchar;CDSAudioBank*;int
;CEdit::CEdit_InsertTextAt;0x406390;0x2e;__thiscall;;uchar;CEdit*;int*;size_t;int*
;_Globals::CreateObject;0x4063c0;0x67;__stdcall;;uint*
;CScrollBar::CScrollBar_vDtor;0x406430;0x1e;__thiscall;;uchar;CScrollBar*;uchar
;_Globals::CreateObject;0x406450;0x67;__stdcall;;uint*
;CStaticText::CStaticText_vDtor;0x4064c0;0x1e;__thiscall;;uchar;CStaticText*;uchar
;CWindow::CWindow_dtor;0x4064e0;0x8d;__stdcall;;uint*
;_Globals::CreateObject;0x406570;0x64;__stdcall;;uint*
;CIcon::CIcon_vDtor;0x4065e0;0x1e;__thiscall;;uchar;CIcon*;uchar
;_Globals::CreateObject;0x406600;0x67;__stdcall;;uint*
;CButton::CButton_vDtor;0x406670;0x1e;__thiscall;;uchar;CButton*;uchar
;CListBoxItem::CListBoxItem_ScalarDeletingDtor;0x4066c0;0x1e;__thiscall;;CListBoxItem*;CListBoxItem*;uchar
;_Globals::CreateObject;0x4066e0;0x67;__stdcall;;uint*
;CNumEdit::CNumEdit_GetTypeDescriptor;0x406750;0x6;__stdcall;;uchar*
;CEdit::CEdit_AdjustorThunk18_Dtor;0x406760;0x8;__thiscall;;uchar;CEdit*;uchar
;CScrollBar::CScrollBar_Invalidate;0x406770;0x50;__fastcall;;void;CDSUpdatedItem*
;_Globals::CScrollBar_NudgeOnArrowHold;0x4067c0;0x42;__thiscall;;uchar;void*;char
;_Globals::CScrollBar_SetDragMode;0x406810;0x183;__thiscall;;uchar;void*;uint;uint*
;CScroller::FUN_004069b0;0x4069b0;0x61;__thiscall;;uchar;CScroller*;char
;_Globals::CRadio_OnMouseMove;0x406a20;0x26;__thiscall;;uchar;void*;int*
;CStaticText::CStaticText_BuildAtAuto;0x406a50;0x14a;__thiscall;;uchar;CStaticText*;int;uint;uint;uint;uint
;CStaticText::CStaticText_BuildAt;0x406ba0;0x11d;__thiscall;;CStaticText*;CStaticText*;uint;uint;int;uint;uint;uint;uint;uint
;CScroller::CScroller_OnKeyUp;0x406cc0;0x3e;__thiscall;;bool;CScroller*;char
;CListViewer::CListViewer_RenderItems;0x406d00;0x1b0;__thiscall;;uchar;CListViewer*;int*
;CEdit::CEdit_LayoutToCaret;0x406eb0;0x170;__thiscall;;uint;CEdit*;uint
;_Globals::FUN_00407020;0x407020;0x17;__fastcall;;uchar;uchar
;CEdit::CEdit_OnFocusEvent;0x407040;0x7d;__thiscall;;void;CEdit*;short;CEdit*
;_Globals::CEdit_SubmitText;0x4070c0;0x158;__thiscall;;uint;void*;LPCWSTR;char
;CNumEdit::CNumEdit_OnFocusOut;0x407220;0x8d;__fastcall;;uchar;void*
;_Globals::CIntList_InsertAt;0x4072b0;0x42;__thiscall;;int;void*;uint;int
;CRadio::CRadio_ctor;0x407300;0x9f;__fastcall;;uchar;uchar
;CRadio::CRadio_GetTypeDescriptor;0x4073a0;0x6;__stdcall;;uchar*
;CRadio::CRadio_AdjustorThunk04_Dtor;0x4073b0;0x8;__thiscall;;uchar;CRadio*;uchar
;CRadio::CRadio_AdjustorThunk10_Dtor;0x4073c0;0x8;__thiscall;;uchar;CRadio*;uchar
;CRadio::CRadio_AdjustorThunk18_Dtor;0x4073d0;0x8;__thiscall;;uchar;CRadio*;uchar
;CNumEdit::CNumEdit_Allocate;0x4073e0;0x7b;__stdcall;;uint*
;CScrollBar::CScrollBar_OnMouseDown;0x407460;0x5a;__thiscall;;uchar;CScrollBar*;int*;short
;CScrollBar::CScrollBar_OnMouseUp;0x4074c0;0x3b;__thiscall;;uchar;CScrollBar*;uint;uchar
;CRadio::CRadio_dtor;0x407500;0xea;__fastcall;;void;uchar
;_Globals::FUN_004075f0;0x4075f0;0x107;__thiscall;;uchar;void*;LPCWSTR;uint
;_Globals::CListViewer_InsertItemAt;0x407710;0x4f;__thiscall;;uchar;void*;uint;int
;CEdit::CEdit_BuildAt;0x407760;0x18d;__thiscall;;uchar;CEdit*;uint;uint;uint;uint;uint;uint;uint;uint
;CEdit::CEdit_OnKeyDown;0x4078f0;0x206;__thiscall;;char;CEdit*;uchar*;uchar*
;CEdit::CEdit_OnChar;0x407b40;0x1da;__thiscall;;uchar;CEdit*;uchar
;CEdit::CEdit_LoadData;0x407d20;0x29;__thiscall;;uchar;CEdit*;uint*
;CStartGame2::CNumEdit_BuildAt;0x407d50;0x87;__thiscall;;uchar;CStartGame2*;uint;uint;uint;uint;uint;uint;uint;uint
;CNumEdit::CNumEdit_AdjustorThunk04_Dtor;0x407de0;0x1c;__thiscall;;uchar;CNumEdit*;uchar
;CNumEdit::CNumEdit_vDtor;0x407e00;0xf;__fastcall;;uchar;void*
;_Globals::FUN_00407e10;0x407e10;0xf;__fastcall;;uchar;CDSAudioBank*
;_Globals::CIntListInsertSortedOrAppend;0x407e20;0x9e;__thiscall;;int;void*;int;uchar*;int
;_Globals::CreateObject;0x407ec0;0x67;__stdcall;;uint*
;CRadio::CRadio_vDtor;0x407f30;0x1e;__thiscall;;uchar;CRadio*;uchar
;CListViewer::CListViewer_ctor;0x407f50;0x71;__fastcall;;uint*;uint*
;CListViewer::CListViewer_GetTypeDescriptor;0x407fd0;0x6;__stdcall;;uchar*
;CListViewer::CListViewer_ScalarDeletingDtor_thunk_Sub68;0x407fe0;0x8;__thiscall;;uchar;CListViewer*;uchar
;CListViewer::CListViewer_ScalarDeletingDtor_thunk;0x407ff0;0x8;__thiscall;;uchar;CListViewer*;uchar
;CListViewer::CListViewer_ScalarDeletingDtor_thunk_Sub18;0x408000;0x8;__thiscall;;uchar;CListViewer*;uchar
;CListViewer::CListViewer_ScalarDeletingDtor_thunk;0x408010;0x8;__thiscall;;uchar;CListViewer*;uchar
;CListViewer::CListViewer_dtor;0x408020;0xa9;__fastcall;;void;uchar
;_Globals::CListViewer_SetItemSelected;0x4080d0;0xc8;__thiscall;;uchar;void*;int;char
;CListViewer::CListViewer_OnFocusSelectItem;0x4081a0;0x60;__thiscall;;uchar;CListViewer*;int*
;CListBox::CListBox::CListBox_dtor;0x408200;0x83;__fastcall;;uchar;uchar
;CListBox::CListBox::CListBox_GetTypeDescriptor;0x408290;0x6;__stdcall;;uchar*
;CListBox::CListBox_ScalarDeletingDtor_thunk;0x4082a0;0x8;__thiscall;;uchar;CListBox*;uchar
;CListBox::CListBox_ScalarDeletingDtor_thunk_Sub18;0x4082b0;0x8;__thiscall;;uchar;CListBox*;uchar
;_Globals::CreateObject;0x4082c0;0x67;__stdcall;;uint*
;CListViewer::CListViewer_vDtor;0x408330;0x1e;__thiscall;;uchar;CListViewer*;uchar
;CListBox::CListBox::CListBox_vDtor;0x408350;0x1e;__thiscall;;uchar;CListBox*;uchar
;CScrollBar::CScrollBar_BuildAt;0x408370;0x1cf;__thiscall;;uchar;CScrollBar*;int;int;int;int;uint*
;CRadio::CRadio_BuildAt;0x408540;0x199;__thiscall;;uchar;CRadio*;uint;uint
;CIcon::CIcon_BuildAt;0x4086e0;0x10a;__thiscall;;uchar;CIcon*;uint;uint;ushort;int
;CButton::CButton_BuildAt;0x4087f0;0x1cc;__thiscall;;uint*;CButton*;int;ushort;uchar;uint;uint;uint;uint*
;CScroller::CScroller_BuildAt;0x4089c0;0x232;__thiscall;;uchar;CScroller*;int;int;uint;int
;CListViewer::CListViewer_BuildAt;0x408c00;0xba;__thiscall;;uchar;CListViewer*;int;int;uint;int;uint;uint;uint
;CListBox::CListBox__CListBox_BuildAt;0x408cc0;0x123;__thiscall;;uchar;CListBox*;int;int;uint;int;uint;uint
;CListBox::CListBox::CListBox_Allocate;0x408df0;0xa3;__stdcall;;uint*
;_Globals::CreateObject;0x408ea0;0x67;__stdcall;;CDSScript*
;CScoreItem::Deserialize;0x408f50;0x34;__thiscall;;uchar;CScoreItem*;int*
;CScoreItem::Serialize;0x408f90;0x34;__thiscall;;uchar;CScoreItem*;int*
;CScoreItem_CompareByNetScore;0x408fd0;0x19;__cdecl;;int;int*;int*
;FUN_00408ff0;0x408ff0;0x15;__cdecl;;int;int*;int*
;FUN_00409010;0x409010;0x9;__fastcall;;uchar;uint*
;CDSGZipStream::CloseStream;0x409030;0x14;__fastcall;;uchar;int
;CLevelScore::Deserialize;0x409050;0x22;__thiscall;;uchar;CLevelScore*;int*
;CBulanci::FUN_00409080;0x409080;0x31;__thiscall;;uint;CBulanci*;int
;_Globals::CBulanci_ClearProfileKeyList;0x4090c0;0x3e;__fastcall;;uchar;int
;CPoem::CPoem::Deserialize;0x409100;0x8;__thiscall;;uchar;CPoem*;int*
;_Globals::CDsString_WriteHandleToStream;0x409110;0x5c;__thiscall;;uchar;void*;int
;CDSEasyMemStream::CDSEasyMemStream_ctor;0x409170;0x7e;__thiscall;;CDSEasyMemStream*;CDSEasyMemStream*;uchar*;uint
;CDSEasyMemStream::CDSEasyMemStream_GetTypeInfo;0x4091f0;0x6;__stdcall;;uchar*
;CDSEasyMemStream::CloseStream;0x409200;0x14;__fastcall;;uchar;int
;CDSEasyMemStream::GetSize;0x409220;0x5;__thiscall;;longlong;CDSEasyMemStream*
;CDSEasyMemStream::TellPosition;0x409230;0x5;__thiscall;;longlong;CDSEasyMemStream*
;CDSEasyMemStream::CDSEasyMemStream_ScalarDeletingDtor_thunk_Sub4;0x409240;0x8;__thiscall;;uchar;CDSEasyMemStream*;uchar
;CDSEasyMemStream::CDSEasyMemStream_ScalarDeletingDtor_thunk;0x409250;0x8;__thiscall;;uchar;CDSEasyMemStream*;uchar
;CDSFileStream::IDSStream_ReleaseRefcount_thunk_Sub4;0x409260;0x8;__fastcall;;uchar;int
;CDSEasyMemStream::CDSEasyMemStream_dtor;0x409270;0x77;__fastcall;;uchar;uint*
;CDSEasyMemStream::CDSEasyMemStream_ScalarDeletingDtor;0x4092f0;0x1e;__thiscall;;CDSEasyMemStream*;CDSEasyMemStream*;uchar
;CLevelScore::GetClassIdentifier;0x409310;0x6;__stdcall;;uchar*
;CLevelScore::DeletingDestructorThunk_4;0x409320;0x8;__thiscall;;uchar;CLevelScore*;uchar
;CLevelScore::CLevelScore_dtor;0x409330;0x6c;__fastcall;;uchar;uint*
;CScoreItem::GetClassIdentifier;0x4093a0;0x6;__stdcall;;uchar*
;CScoreItem::DeletingDestructorThunk_4;0x4093b0;0x8;__thiscall;;uchar;CScoreItem*;uchar
;CScoreItem::Destructor;0x4093c0;0x5f;__fastcall;;uchar;uint*
;CPoem::GetClassIdentifier;0x409420;0x6;__stdcall;;uchar*
;CPoem::DeletingDestructorThunk_4;0x409430;0x8;__thiscall;;uchar;CPoem*;uchar
;CPoem::CPoem::DeletingDestructorThunk_12;0x409440;0x8;__thiscall;;uchar;CPoem*;uchar
;CDSFileStream::IDSStream_AddRef;0x409450;0x8;__fastcall;;uchar;int
;CPoem::DeletingDestructorThunk_10;0x409460;0x8;__thiscall;;uchar;CPoem*;uchar
;CPoem::GetResourceName;0x409470;0x6;__stdcall;;uchar*
;CPoem::AlwaysReturnsZero;0x409480;0x3;__stdcall;;uchar
;CDSFileStream::IDSStream_Release;0x409490;0x8;__fastcall;;uchar;int
;CPoem::Destructor;0x4094a0;0x6d;__fastcall;;uchar;uint*
;_Globals::CDSRegKey_ctor;0x409510;0x97;__thiscall;;void*;void*;HKEY;int;uchar*
;_Globals::CDSRegKeyQueryScope_dtor;0x4095b0;0x62;__fastcall;;uchar;int*
;CBulanci::CLevelScore_InitializeDefaultScores;0x409620;0x70;__fastcall;;void;CBulanci*
;CLevelScore::Serialize;0x409690;0x38;__thiscall;;void;CLevelScore*;int*
;CBulanci::FUN_004096d0;0x4096d0;0xf5;__stdcall;;uchar;void*;int*;int*;uint*;char
;FUN_004097d0;0x4097d0;0xa;__fastcall;;uchar;int
;CGame_PlayerRec_dtor;0x4097e0;0x10;__fastcall;;uchar;int
;_Globals::FUN_004097f0;0x4097f0;0x7a;__fastcall;;uchar;int
;CPoem::CPoem::GetText;0x409870;0x26;__thiscall;;uchar;CPoem*;void*
;CDSGZipStream::CDSGZipStream_dtor;0x4098a0;0xbb;__fastcall;;uchar;uint*
;CDSGZipStream::CDSGZipStream_GetTypeInfo;0x409960;0x6;__stdcall;;uchar*
;CDSFileStream::CDSFileStream_ReleaseViaChained;0x409970;0x8;__fastcall;;uchar;int
;CDSGZipStream::CDSGZipStream_ScalarDeletingDtor_thunk_Sub4;0x409980;0x8;__thiscall;;uchar;CDSGZipStream*;uchar
;CDSGZipStream::CDSGZipStream_ScalarDeletingDtor;0x409990;0x8;__thiscall;;uchar;CDSGZipStream*;uchar
;CDSGZipStream::CDSGZipStream_ScalarDeletingDtor_thunk_Sub14;0x4099a0;0x8;__thiscall;;uchar;CDSGZipStream*;uchar
;CDSGZipStream::GetStreamName;0x4099b0;0x20;__thiscall;;uint;CDSGZipStream*;uint
;CDSGZipStream::CDSGZipStream_ScalarDeletingDtor;0x4099d0;0x1e;__thiscall;;uchar;CDSGZipStream*;uchar
;CLevelScore::CLevelScore_scalar_deleting_dtor;0x409a40;0x1e;__thiscall;;CLevelScore*;CLevelScore*;uchar
;CScoreItem::ScalarDeletingDestructor;0x409a90;0x1e;__thiscall;;CScoreItem*;CScoreItem*;uchar
;CPoem::factory;0x409ab0;0x3c;__stdcall;;uint*
;CPoem::ScalarDeletingDestructor;0x409af0;0x1e;__thiscall;;CPoem*;CPoem*;uchar
;CBulanci::CLevelScore_AddPlayerScore;0x409b10;0xa9;__thiscall;;uint*;CBulanci*;uint*;uint;uint
;CBulanci::FUN_00409bc0;0x409bc0;0x10c;__thiscall;;uchar;CBulanci*;void*;int*;int*;uint;char
;CBulanci::SaveConfigToRegistry;0x409cd0;0x23d;__fastcall;;void;CBulanciConfigStore*
;CBulanci::Catch@00409f0d;0x409f0d;0x10;__stdcall;;uint
;_Globals::CBulanci_ClearLevelScriptList;0x409f20;0x3d;__fastcall;;uchar;int
;CBulanci::CBulanci_EnumerateLevelScripts;0x409f60;0x143;__stdcall;;void;CBulanci*
;CBulanci::FUN_0040a0b0;0x40a0b0;0x1de;__fastcall;;uchar;int
;CBulanci::CBulanci_InstallFactoryDefaults;0x40a290;0xe4;__fastcall;;void;uchar*
;_Globals::CBulanci_DestroyConfigStore;0x40a380;0xbb;__fastcall;;uchar;uchar*
;CDSChain::CDSChain_LoadConfigFromRegistry;0x40a440;0x1ef;__fastcall;;void;CDSChain_full*
;CDSChain::Catch@0040a62f;0x40a62f;0x1e;__stdcall;;uchar*
;CDSChain::CDSChain_LoadConfigFromRegistry_finally;0x40a650;0x21;__stdcall;;void
;CDSChain::CDSChain_ctor;0x40a680;0xa4;__fastcall;;CDSChain*;CDSChain*
;FID_conflict:operator==;0x40a730;0x9d;__cdecl;;bool;uchar*;uchar*
;_Globals::CDSAnim_CleanupBody;0x40a7d0;0x5a;__fastcall;;uchar;uchar
;CGame::CGame_FocusLobbyScroller;0x40a840;0x14;__fastcall;;uchar;int
;CStartGame1::CStartGame1_ApplyHostJoinVisibility;0x40a860;0x60;__fastcall;;void;CStartGame1*
;CStartGame1::CStartGame1::ApplyLocalPlayersConstraints;0x40a8c0;0xa1;__fastcall;;uchar;int
;CStartGame1::CStartGame1_ApplyJoinModeVisibility;0x40a970;0x5a;__thiscall;;uchar;CStartGame1*;char
;CStartGame1::CStartGame1::OnTotalPlayersChange;0x40a9d0;0x13;__fastcall;;uchar;int
;CStartGame1::CStartGame1::OnLocalPlayersChange;0x40a9f0;0x8;__fastcall;;uchar;int
;CRadio::CRadio_SaveData;0x40aa00;0xc;__thiscall;;uchar;CRadio*;uchar
;CColorSwitch::CColorSwitch_OnEvent;0x40aa10;0x21;__thiscall;;uchar;CColorSwitch*;short
;CColorSwitch::CColorSwitch_SetSelected;0x40aa40;0x1a;__thiscall;;uchar;uint;uchar
;CColorSwitch::CColorSwitch_SetSelectedFromPtr;0x40aa60;0x10;__thiscall;;uchar;CColorSwitch*;uchar
;CBulPicture::CBulPicture_ApplyTeamPalette;0x40aa70;0x26;__thiscall;;uchar;CBulPicture*;uchar
;CBulPicture::CBulPicture_OnRecolorEvent;0x40aaa0;0x2b;__thiscall;;uchar;CBulPicture*;short;uint
;CGameTypeDlg::FUN_0040aad0;0x40aad0;0x24;__fastcall;;uchar;int*
;CGameTypeDlg::FUN_0040ab00;0x40ab00;0x82;__thiscall;;uchar;CGameTypeDlg*;short;int;uint
;CBulanci::FUN_0040ab90;0x40ab90;0x25;__thiscall;;uchar;CBulanci*;uint;uint
;CBulanci::CLoadingLevel_SetProgress;0x40abc0;0x8;__thiscall;;uchar;CBulanci*;uint;uint
;CScore_PlayerRankComparator;0x40abd0;0xf;__cdecl;;int;int;int
;CScore::OnKeyPress;0x40abe0;0x32;__thiscall;;uint;CScore*;char;char
;CPauseDlg::CPauseDlg_OnKeyDown;0x40ac20;0x2d;__thiscall;;uint;CPauseDlg*;char;char
;CPauseDlg::FUN_0040ac50;0x40ac50;0x4a;__fastcall;;uchar;int
;CAdvertising::ArmDismissTimer;0x40aca0;0x14;__thiscall;;uchar;CAdvertising*;uint
;CAdvertising::CAdvertising_Dismiss;0x40acc0;0x19;__fastcall;;uint;int
;_Globals::FUN_0040ace0;0x40ace0;0x24;__cdecl;;int;int;int
;_Globals::FUN_0040ad10;0x40ad10;0x8;__fastcall;;uchar;int
;CBulAnim::CleanupBody;0x40ad20;0x5d;__fastcall;;void;CBulAnim*
;CProgressBar::CProgressBar_GetTypeDescriptor;0x40ad80;0x6;__stdcall;;uchar*
;CDSView::CDSView_ScalarDeletingDtor_thunk;0x40ad90;0x8;__thiscall;;uchar;CDSView*;uchar
;CDSView::CDSView_DtorScalar;0x40ada0;0x1e;__thiscall;;CDSView*;CDSView*;uchar
;CSessionList::CSessionList_OnEvent;0x40adc0;0x32;__thiscall;;uchar;CSessionList*;short;uint;uint
;CStartGame1::CStartGame1_UpdateModalChildVisibility;0x40ae00;0x2a;__fastcall;;uchar;int
;CStartGame1::CStartGame1_OnRadioChange;0x40ae30;0x5c;__thiscall;;uchar;CStartGame1*;short;int;uint
;CStartGame1::CStartGame1_OnEvent;0x40ae90;0x3b;__thiscall;;uchar;CStartGame1*;ushort
;CColorSet::CColorSet_Render;0x40aed0;0xfb;__fastcall;;void;CColorSet*
;CBulAnim::ApplyTeamPalette;0x40afd0;0x45;__thiscall;;uchar;CBulAnim*;uchar
;CBulAnim::OnTeamPaletteEvt;0x40b020;0x2b;__thiscall;;uchar;CBulAnim*;short;uint
;CBulPicture::DrawSurface;0x40b050;0x65;__fastcall;;uchar;CBulPicture*
;CLevelList::CLevelList_ctor;0x40b0c0;0x5b;__fastcall;;CLevelList*;CLevelList*
;CLevelList::CLevelList_GetTypeDescriptor;0x40b120;0x6;__stdcall;;uchar*
;CListBox::CListBox_ScalarDeletingDtor_thunk_Sub68;0x40b130;0x8;__thiscall;;uchar;CListBox*;uchar
;CGameCounter::CGameCounter_OnEvent;0x40b140;0xaf;__thiscall;;uchar;CGameCounter*;short;uint
;CProgressBar::CProgressBar_Render;0x40b1f0;0x9e;__fastcall;;void;CProgressBar*
;CExitDlg::CExitDlg_RouteSyntheticCloseEvent;0x40b290;0x54;__thiscall;;uchar;CExitDlg*;ushort
;CPauseDlg::CPauseDlg_OnNotify;0x40b2f0;0x111;__thiscall;;uchar;CPauseDlg*;short;char;int
;CPauseDlg::CPauseDlg_OnCommand;0x40b410;0x92;__thiscall;;void;CPauseDlg*;ushort
;CAdvertising::OnTimerTick;0x40b4b0;0x18;__fastcall;;uchar;void*
;CAdvertising::OnLButtonDown;0x40b4d0;0x28;__fastcall;;uchar;int*
;CAdvertising::OnKeyDown;0x40b500;0x38;__thiscall;;uint;CAdvertising*;char;char
;_Globals::FUN_0040b540;0x40b540;0x18;__fastcall;;uchar;int*
;CDSChained::FUN_0040b560;0x40b560;0xd7;__thiscall;;CDSChained*;CDSChained*;uint*
;CListBoxItem::CListBoxItem_ctor;0x40b640;0x89;__thiscall;;CListBoxItem*;CListBoxItem*;wchar_t*
;CMenu::CListBoxItem_ctorWithAssoc;0x40b6d0;0x89;__thiscall;;uchar;CMenu*;int;uint
;CMsgDialog::CMsgDialog_GetClassTable;0x40b760;0x6;__stdcall;;uchar*
;CSessionItem::CSessionItem_GetTypeDescriptor;0x40b770;0x6;__stdcall;;uchar*
;CColorSet::CColorSet_GetTypeDescriptor;0x40b780;0x6;__stdcall;;uchar*
;CColorSet::CColorSet_ScalarDeletingDtor_thunk;0x40b790;0x8;__thiscall;;uchar;CColorSet*;uchar
;CColorSet::CColorSet_ScalarDeletingDtor_thunk_Sub18;0x40b7a0;0x8;__thiscall;;uchar;CColorSet*;uchar
;CColorSet::CColorSet_ScalarDeletingDtor_thunk_Sub4;0x40b7b0;0x8;__thiscall;;uchar;CColorSet*;uchar
;CColorSet::CColorSet_dtor;0x40b7c0;0x5e;__fastcall;;void;CColorSet*
;CBulAnim::GetTypeInfo_Sub68;0x40b820;0x6;__stdcall;;uchar*
;CBulAnim::GetTypeInfo_Sub78;0x40b830;0x6;__stdcall;;uchar*
;CBulAnim::PrimaryTick_thunk;0x40b840;0x8;__fastcall;;uchar;int
;CBulAnim::PrimaryRender_thunk;0x40b850;0x1c;__thiscall;;uchar;CBulAnim*;char
;CBulAnim::PrimaryDtor_thunk;0x40b870;0x6;__stdcall;;uchar*
;CBulAnim::Sub78_CDSObjectAdjust_thunk;0x40b880;0x8;__fastcall;;uchar;int
;CBulAnim::Sub78Dtor_thunk;0x40b890;0x8;__thiscall;;uchar;CBulAnim*;uchar
;CBulAnim::Sub68Dtor_thunk;0x40b8a0;0x8;__thiscall;;uchar;CBulAnim*;uchar
;CBulPicture::CBulPicture_GetClassTable;0x40b8b0;0x6;__stdcall;;uchar*
;CBulPicture::CBulPicture_ScalarDeletingDtor_thunk_Sub18;0x40b8c0;0x8;__thiscall;;uchar;CBulPicture*;uchar
;CBulPicture::CBulPicture_ScalarDeletingDtor_thunk_Sub4;0x40b8d0;0x8;__thiscall;;uchar;CBulPicture*;uchar
;CBulPicture::CBulPicture_ScalarDeletingDtor_thunk_Sub10;0x40b8e0;0x8;__thiscall;;uchar;CBulPicture*;uchar
;CBulPicture::CBulPicture_dtor;0x40b8f0;0x5e;__fastcall;;void;CBulPicture*
;CColorSwitch::CColorSwitch_GetTypeDescriptor;0x40b950;0x6;__stdcall;;uchar*
;CColorSwitch::CColorSwitch_AdjustorThunk04_Dtor;0x40b960;0x8;__thiscall;;uchar;CColorSwitch*;uchar
;CColorSwitch::CColorSwitch_AdjustorThunk10_Dtor;0x40b970;0x8;__thiscall;;uchar;CColorSwitch*;uchar
;CColorSwitch::CColorSwitch_AdjustorThunk18_Dtor;0x40b980;0x8;__thiscall;;uchar;CColorSwitch*;uchar
;CColorSwitch::CColorSwitch_dtor;0x40b990;0x5e;__fastcall;;void;uchar
;CChatEdit::CChatEdit_GetTypeDescriptor;0x40b9f0;0x6;__stdcall;;uchar*
;CEdit::CEdit_ScalarDeletingDtor_thunk;0x40ba00;0x8;__thiscall;;uchar;CEdit*;uchar
;CEdit::CEdit_vDtor;0x40ba10;0x1e;__thiscall;;uchar;CEdit*;uchar
;_Globals::CreateObject;0x40ba30;0x67;__stdcall;;uchar
;CWindow::CWindow_ctor;0x40baa0;0x91;__fastcall;;CWindow*;CWindow*
;CStartGame2::CStartGame2_GetTypeDescriptor;0x40bb40;0x6;__stdcall;;uchar*
;CStartGame2::CStartGame2_VectorDtorWrapper_thunk_Sub70;0x40bb50;0x8;__thiscall;;uchar;CStartGame2*;uchar
;CStartGame2::CStartGame2_VectorDtorWrapper_thunk_Sub18;0x40bb60;0x8;__thiscall;;uchar;CStartGame2*;uchar
;CStartGame2::CStartGame2_VectorDtorWrapper_thunk_Sub4;0x40bb70;0x8;__thiscall;;uchar;CStartGame2*;uchar
;CStartGame2::CStartGame2_VectorDtorWrapper_thunk_Sub10;0x40bb80;0x8;__thiscall;;uchar;CStartGame2*;uchar
;_Globals::CStartGame2_dtor;0x40bb90;0x5a;__fastcall;;uchar;uchar
;CKeybShow::CKeybShow_GetTypeDescriptor;0x40bbf0;0x6;__stdcall;;uchar*
;CGameTypeDlg::CGameTypeDlg_GetClassTable;0x40bc00;0x6;__stdcall;;uchar*
;CWindow::CWindow_ScalarDeletingDtor_thunk_Sub18;0x40bc10;0x8;__thiscall;;uchar;CWindow*;uchar
;CGameCounter::Constructor;0x40bc20;0x7a;__fastcall;;CGameCounter*;CGameCounter*
;CGameCounter::GetClassIdentifier;0x40bca0;0x6;__stdcall;;uchar*
;CGameCounter::DeletingDestructorThunk_10;0x40bcb0;0x8;__thiscall;;uchar;CGameCounter*;uchar
;CGameCounter::DeletingDestructorThunk_18;0x40bcc0;0x8;__thiscall;;uchar;CGameCounter*;uchar
;CGameCounter::DeletingDestructorThunk_4;0x40bcd0;0x8;__thiscall;;uchar;CGameCounter*;uchar
;_Globals::CGameCounter_dtor;0x40bce0;0x62;__fastcall;;uchar;uchar
;CProgressBar::CProgressBar_Allocate;0x40bd50;0x71;__stdcall;;uint*
;CScore::GetClassIdentifier;0x40bdd0;0x6;__stdcall;;uchar*
;CScore::DeletingDestructorThunk_18;0x40bde0;0x8;__thiscall;;uchar;CScore*;uchar
;CScore::DeletingDestructorThunk_4;0x40bdf0;0x8;__thiscall;;uchar;CScore*;uchar
;CScore::DeletingDestructorThunk_10;0x40be00;0x8;__thiscall;;uchar;CScore*;uchar
;CPauseDlg::CPauseDlg_GetClassTable;0x40be10;0x6;__stdcall;;uchar*
;CWindow::CWindow_ScalarDeletingDtor_thunk;0x40be20;0x8;__thiscall;;uchar;CWindow*;uchar
;CVolume::CVolume_GetTypeDescriptor;0x40be30;0x6;__stdcall;;uchar*
;CVolume::CVolume_AdjustorThunk04_Dtor;0x40be40;0x8;__thiscall;;uchar;CVolume*;uchar
;CVolume::CVolume_AdjustorThunk10_Dtor;0x40be50;0x8;__thiscall;;uchar;CVolume*;uchar
;CVolume::CVolume_AdjustorThunk18_Dtor;0x40be60;0x8;__thiscall;;uchar;CVolume*;uchar
;CVolume::CVolume_AdjustorThunk68_Dtor;0x40be70;0x8;__thiscall;;uchar;CVolume*;uchar
;CMsgDialog::CMsgDialog_ctor;0x40be80;0x1d2;__thiscall;;CMsgDialog*;CMsgDialog*;int;uint*
;CTcpIpConfig::CTcpIpConfig;0x40c060;0x25b;__thiscall;;void;CTcpIpConfig*
;CTcpIpConfig::CTcpIpConfig_GetTypeDescriptor;0x40c2c0;0x6;__stdcall;;uchar*
;CSessionList::CSessionList_BuildDialog;0x40c2d0;0x25e;__fastcall;;CSessionList*;CSessionList*
;CSessionList::CSessionList_GetTypeDescriptor;0x40c530;0x6;__stdcall;;uchar*
;CWindow::CWindow_ScalarDeletingDtor_thunk;0x40c540;0x8;__thiscall;;uchar;CWindow*;uchar
;_Globals::CSessionList_GetPick;0x40c550;0x18;__fastcall;;uint;int
;CGame::CSessionList_SelectBySessionGuid;0x40c570;0x56;__thiscall;;void;CGame*;uchar*
;CGame::CSessionList_SetStatusFromStringHandle;0x40c5d0;0x76;__thiscall;;void;CGame*;int
;CStartGame1::CStartGame1_BuildUi;0x40c650;0x60d;__fastcall;;uchar;uchar
;CColorSet::CColorSet_SetColorIndex;0x40cc60;0x55;__thiscall;;void;CColorSet*;uchar
;CColorSet::CColorSet_LoadData;0x40ccc0;0x10;__thiscall;;uchar;CColorSet*;CColorSet*
;CColorSwitch::CColorSwitch_Render;0x40ccd0;0x12a;__fastcall;;void;CColorSwitch*
;CColorSwitch::CColorSwitch_OnMouseClick;0x40ce00;0x45;__thiscall;;uchar;CColorSwitch*;int*
;CChatEdit::CChatEdit_BuildAt;0x40ce50;0x8c;__thiscall;;uchar;CChatEdit*;uint*;uint;uint;uint
;CChatEdit::CChatEdit_OnChar;0x40cee0;0x12e;__thiscall;;char;CChatEdit*;uchar*;uchar*
;CChatList::CChatList_BuildAt;0x40d010;0x79;__thiscall;;CChatList*;CChatList*;int*;uint;uint
;CChatList::CChatList_GetTypeDescriptor;0x40d090;0x6;__stdcall;;uchar*
;CListBox::CListBox_ScalarDeletingDtor_thunk_Sub4;0x40d0a0;0x8;__thiscall;;uchar;CListBox*;uchar
;CChatList::CChatList_OnEvent;0x40d0b0;0x2ab;__thiscall;;uchar;CChatList*;short;int;uint*
;CMenu::CLevelList_AddItem;0x40d360;0x8d;__thiscall;;uchar;CMenu*;int
;CStartGame2::CStartGame2_SelectPlayerByName;0x40d3f0;0x9d;__thiscall;;void;CStartGame2*;wchar_t*
;CLevelList::CLevelList_RenderItem;0x40d490;0x8e;__thiscall;;uchar;CLevelList*;int*;int
;CStartGame2::CStartGame2_UpdateDuplicateSerialWarning;0x40d520;0x50;__fastcall;;void;CStartGame2*
;CStartGame2::CStartGame2_UpdateGamemodeCaption;0x40d570;0x133;__fastcall;;void;uchar
;CStartGame2::CStartGame2_OnCustomMsg;0x40d6b0;0x114;__thiscall;;uchar;CStartGame2*;ushort;int;uint
;CStartGame2::CStartGame2_OnBroadcast;0x40d7e0;0x148;__thiscall;;uchar;CStartGame2*;short;int;uint
;CStartGame2::CGameTypeDlg_BuildUi;0x40d930;0x633;__thiscall;;uchar;CStartGame2*;int
;CProgressBar::CProgressBar_ctor;0x40df70;0x36;__fastcall;;CProgressBar*;CProgressBar*
;CLoadingLevel::CLoadingLevel_ctor;0x40dfb0;0x14d;__fastcall;;uchar;uchar
;CLoadingLevel::CLoadingLevel_GetClassTable;0x40e100;0x6;__stdcall;;uchar*
;CScore::Destructor;0x40e120;0x88;__fastcall;;uchar;uchar
;CVolume::CVolume_BuildAt;0x40e1b0;0x74;__thiscall;;uchar;CVolume*;int*;uint*
;CVolume::CVolume_StopAudioPreview;0x40e230;0x31;__fastcall;;void;uchar
;CVolume::CVolume_OnMouseUp;0x40e270;0x1d;__thiscall;;uchar;CVolume*;uint;uchar
;CSetupDlg::CSetupDlgCtor;0x40e290;0x238;__fastcall;;uchar;uchar
;CSetupDlg::CSetupDlg_GetClassTable;0x40e4d0;0x6;__stdcall;;uchar*
;CSetupDlg::FUN_0040e4e0;0x40e4e0;0xa6;__thiscall;;uchar;CSetupDlg*;int
;_Globals::FUN_0040e590;0x40e590;0x1e;__thiscall;;uchar;void*;int
;CSetupDlg::CSetupDlg_OnVolumeFocus;0x40e5b0;0x31;__thiscall;;uchar;CSetupDlg*;short;int
;CAdvertising::CAdvertising_ctor;0x40e5f0;0x116;__fastcall;;CAdvertising*;CAdvertising*
;CAdvertising::GetClassId;0x40e710;0x6;__stdcall;;uchar*
;CAdvertising::CAdvertising_ScalarDeletingDtor_thunk_Sub10;0x40e720;0x8;__thiscall;;uchar;CAdvertising*;uchar
;CAdvertising::CAdvertising_ScalarDeletingDtor_thunk_Sub70;0x40e730;0x8;__thiscall;;uchar;CAdvertising*;uchar
;CAdvertising::deleting_destructor_thunk_0x18;0x40e740;0x8;__thiscall;;uchar;CAdvertising*;uchar
;CAdvertising::CAdvertising::deleting_destructor_thunk_0x4;0x40e750;0x8;__thiscall;;uchar;CAdvertising*;uchar
;CStartGame2::CStartGame1_IdentityCast_Sub6c;0x40e760;0x8;__fastcall;;uchar;int
;CStartGame2::CStartGame1_ReleaseViaVtable_Sub70;0x40e770;0x8;__fastcall;;uchar;int
;CMsgDialog::CMsgDialog_Allocate;0x40e780;0x8d;__stdcall;;uint*
;_Globals::CreateObject;0x40e810;0x64;__stdcall;;uint
;CSessionItem::CSessionItem_Initialize;0x40e8b0;0xcc;__thiscall;;CSessionItem*;CSessionItem*;int
;_Globals::CreateObject;0x40e980;0x64;__stdcall;;uchar
;CColorSet::CColorSet_Allocate;0x40e9f0;0x8d;__stdcall;;uint*
;CColorSet::CColorSet_vDtor;0x40ea80;0x1e;__thiscall;;CColorSet*;CColorSet*;uchar
;CBulAnim::CreateCBulAnim;0x40eaa0;0x89;__stdcall;;uchar
;CBulPicture::CBulPicture_Create;0x40eb30;0x9a;__stdcall;;uint*
;CBulPicture::CBulPicture_ScalarDeletingDtor;0x40ebd0;0x1e;__thiscall;;CBulPicture*;CBulPicture*;uchar
;CColorSwitch::CColorSwitch_ctor;0x40ebf0;0x8d;__stdcall;;uint*
;CColorSwitch::CColorSwitch_vDtor;0x40ec80;0x1e;__thiscall;;uchar;CColorSwitch*;uchar
;CChatEdit::CChatEdit_Allocate;0x40eca0;0x7b;__stdcall;;uint*
;_Globals::CreateObject;0x40ed20;0x67;__stdcall;;uint*
;CStartGame2::CStartGame2_VectorDtorWrapper;0x40ed90;0x1e;__thiscall;;uchar;CStartGame2*;uchar
;CKeybShow::CKeybShow_Allocate;0x40edb0;0x8d;__stdcall;;uint*
;CGameTypeDlg::CGameTypeDlg_CreateObject;0x40ee40;0x90;__stdcall;;uint*
;_Globals::CreateObject;0x40eed0;0x67;__stdcall;;uint*
;CGameCounter::ScalarDeletingDestructor;0x40ef40;0x1e;__thiscall;;CGameCounter*;CGameCounter*;uchar
;_Globals::CreateObject;0x40ef60;0x64;__stdcall;;uchar
;CScore::Create;0x40efd0;0x94;__stdcall;;uint*
;CScore::ScalarDeletingDestructor;0x40f070;0x1e;__thiscall;;CScore*;CScore*;uchar
;CPauseDlg::CPauseDlg_Allocate;0x40f090;0x8d;__stdcall;;uint*
;CWindow::CWindow_vDtor;0x40f120;0x1e;__thiscall;;uchar;CWindow*;uchar
;CVolume::CVolume_Allocate;0x40f140;0x9a;__stdcall;;uint*
;_Globals::CreateObject;0x40f1e0;0x64;__stdcall;;uchar
;_Globals::CreateObject;0x40f250;0x67;__stdcall;;uchar
;_Globals::FUN_0040f2c0;0x40f2c0;0xb5;__cdecl;;uint;int
;_Globals::CSessionList_AppendEnumSession;0x40f380;0x72;__cdecl;;uchar;int;int
;CStartGame1::CStartGame1_ctor;0x40f400;0xab;__fastcall;;CStartGame1*;CStartGame1*
;CStartGame1::CStartGame1_GetSingleton;0x40f4b0;0x6;__stdcall;;uchar*
;CStartGame1::CStartGame1_ScalarDeletingDtor_thunk_Sub10;0x40f4c0;0x8;__thiscall;;uchar;CStartGame1*;uchar
;CStartGame1::CStartGame1_ScalarDeletingDtor_thunk_Sub70;0x40f4d0;0x8;__thiscall;;uchar;CStartGame1*;uchar
;CStartGame1::CStartGame1_ScalarDeletingDtor_thunk_Sub18;0x40f4e0;0x8;__thiscall;;uchar;CStartGame1*;uchar
;CStartGame1::CStartGame1_AdjustOffsetDtor;0x40f4f0;0x8;__thiscall;;uchar;CStartGame1*;uchar
;CStartGame1::CStartGame1_dtor;0x40f500;0x5a;__fastcall;;uchar;uchar
;CStartGame1::CStartGame1_ScalarDeletingDtor;0x40f560;0x1e;__thiscall;;uchar;CStartGame1*;uchar
;CColorSet::CColorSet_OnMouseDown;0x40f580;0x8b;__thiscall;;uchar;CColorSet*;int*
;CStartGame2::CStartGame2_Tick_CheckDuplicateNames;0x40f610;0x1b6;__thiscall;;uint;CStartGame2*;int
;CStartGame2::CKeybShow_Build;0x40f7d0;0x2a0;__thiscall;;uchar;CStartGame2*;int
;CVolume::CVolume_dtor;0x40fa70;0x8d;__fastcall;;uchar;uchar
;CVolume::CVolume_OnMouseDown;0x40fb00;0x6e;__thiscall;;void;CVolume*;int*;short
;CAdvertising::CAdvertising_ScalarDeletingDtor;0x40fb70;0x1e;__thiscall;;CAdvertising*;CAdvertising*;uchar
;_Globals::CreateObject;0x40fb90;0x67;__stdcall;;uchar
;CVolume::CVolume_vDtor;0x40fc00;0x1e;__thiscall;;uchar;CVolume*;uchar
;CStartGame2::CStartGame2_OnCmd;0x40fc20;0x1d7;__thiscall;;uchar;CStartGame2*;ushort
;CAdvertising::LoadSplashImage;0x40fe30;0xec;__thiscall;;uchar;CAdvertising*;uint
;CChatList::CChatList_Allocate;0x40ff20;0xa3;__stdcall;;uint*
;CMenu::CColorSet_ctor_slotPillar;0x40ffd0;0xf3;__thiscall;;void*;CMenu*;uint;uint;uchar
;CColorSwitch::CColorSwitch_BuildAt;0x4100d0;0xf8;__thiscall;;uchar;CColorSwitch*;uint;uint;uint
;CBulanci::CBulPicture_ctor;0x4101d0;0xf9;__thiscall;;uchar;CBulanci*;uint;uint;uint;uint
;_Globals::CStartGame2_BuildLobbyChatPanel;0x4102d0;0x213;__cdecl;;uchar;void*;int;int;int
;CMenu::CStartGame2_ctor;0x4104f0;0x92c;__thiscall;;uchar;CMenu*;uchar
;CBulanci::CGameCounterCtor;0x410e20;0x1f0;__fastcall;;CGameCounter*;CGameCounter*
;CBulanci::CScoreCtor;0x411010;0xb3b;__thiscall;;CBulanci*;CBulanci*;CGame*
;CExitDlg::CExitDlg_ctor;0x411b50;0x283;__fastcall;;CExitDlg*;CExitDlg*
;CExitDlg::CExitDlg_GetClassTable;0x411de0;0x6;__stdcall;;uchar*
;CBulanci::CPauseDlg_Build;0x411df0;0x2f6;__thiscall;;uchar;CBulanci*;uint
;_Globals::CreateObject;0x4120f0;0x64;__stdcall;;uchar
;CGame::CDirectKeyb_PollKeyboard;0x412160;0x40;__fastcall;;void;CDirectKeyb*
;CGame::CDirectKeyb_GetKeyEdge;0x4121a0;0x28;__thiscall;;char;CGame*;uchar
;CDirectKeyb::CDirectKeyb::CDirectKeyb_ctor;0x4121d0;0x132;__fastcall;;uint*;uint*
;CDirectKeyb::Catch@00412302;0x412302;0x38;__stdcall;;uchar
;CDirectKeyb::CDirectKeyb_GetClassTable;0x412340;0x6;__stdcall;;uchar*
;CDirectKeyb::CDirectKeyb_dtor;0x412350;0x77;__fastcall;;uchar;uint*
;_Globals::CreateObject;0x4123d0;0x67;__stdcall;;uint*
;CDirectKeyb::CDirectKeyb_ScalarDeletingDtor;0x412440;0x1e;__thiscall;;CDirectKeyb*;CDirectKeyb*;uchar
;_Globals::CGame_TeardownNetworkSession;0x412460;0x30;__fastcall;;uchar;int
;_Globals::GetMaxAmmoForKind;0x412490;0xe;__stdcall;;uchar;uchar
;_Globals::CGame_NetSendKick_t0a;0x4124a0;0x71;__thiscall;;uchar;void*;uint
;CGaming::FUN_00412520;0x412520;0x2a;__fastcall;;uchar;int
;CPanel::CPanel_FindPlayerSlot;0x412550;0x3b;__thiscall;;uchar;uint;uchar
;_Globals::CGameGetPlayerMidGameStatusByte;0x412590;0x12;__thiscall;;uint;void*;uchar
;_Globals::CGame_IsPlayerAliveForLastMan;0x4125b0;0x31;__thiscall;;uint;void*;uchar
;_Globals::CGame_AllSlotsHaveState;0x4125f0;0x41;__thiscall;;bool;void*;char
;_Globals::FUN_00412640;0x412640;0x17;__fastcall;;uint;int
;_Globals::CGameGetModeAndScoreLimit;0x412660;0x1d;__thiscall;;uchar;void*;int*
;CBulanci::CGameGetPlayerScoreForMode;0x412680;0x54;__thiscall;;int;CBulanci*;uchar
;CBulanci::CGameGetPlayerScoreForRanking;0x4126e0;0x31;__thiscall;;int;CBulanci*;uchar
;CMenu::CMenu_InitPlayerSlotFromDefaults;0x412720;0x3a;__thiscall;;uchar;CMenu*;int
;CMenu::CMenu_GetDigitFromVirtualKey;0x412760;0x11;__thiscall;;uint;CMenu*;uchar
;CMenu::CMenu_CleanupSlots;0x412780;0x42;__fastcall;;uchar;uchar
;CMenu::CMenu_ThrowModalDone;0x4127d0;0x23;__fastcall;;uchar;int
;CGame::CGame_OnSysMsg_DestroyPlayer;0x412800;0x4f;__thiscall;;uchar;CGame*;int
;CBulanek::CBulanek_CopyScoreBlockToSlot;0x412850;0x44;__thiscall;;uchar;CBulanek*;uchar;uint;uint*
;_Globals::CGame_SetTeamScore;0x4128a0;0x41;__thiscall;;uchar;void*;uchar;int
;_Globals::FUN_004128f0;0x4128f0;0x1e;__thiscall;;uint;void*;uchar
;_Globals::CGameGetPlayerNamePtr;0x412910;0x12;__thiscall;;wchar_t**;void*;uchar
;_Globals::CGameGetPlayerColorByte;0x412930;0x12;__thiscall;;uchar;void*;uchar
;_Globals::CGame_NetSendWorldEvent_t13;0x412950;0x3d;__thiscall;;uchar;void*;ushort*
;_Globals::CGame_NetSendPlayerEvent2_t14;0x412990;0x2c;__thiscall;;uchar;void*;uchar
;CGaming::FUN_004129c0;0x4129c0;0x32;__fastcall;;uchar;int
;_Globals::CGame_NetSendRoundTimer_t12;0x412a00;0x33;__thiscall;;uchar;void*;ushort
;CBulanek::CGame_NetSendDamage_t0c;0x412a40;0x34;__thiscall;;uchar;CBulanek*;uchar;uchar
;_Globals::CGame_NetSendTriByteEvent_t19;0x412a80;0x3c;__thiscall;;uchar;void*;uchar;uchar;uchar
;_Globals::CGame_NetSendPlaceObject_t18;0x412ac0;0x4d;__thiscall;;uchar;void*;uchar;uchar;ushort*
;CBulanek::CGame_NetSendPlayerState_t0d;0x412b10;0x4d;__thiscall;;uchar;CBulanek*;uchar;uchar;ushort*
;_Globals::CGame_NetSendPlayerEvent1_t0e;0x412b60;0x2c;__thiscall;;uchar;void*;uchar
;_Globals::CGame_NetSendShotSpawn_t0f;0x412b90;0x55;__thiscall;;uchar;void*;uchar;uchar;uchar;ushort*
;_Globals::CGame_NetSendHit_t10;0x412bf0;0x4d;__thiscall;;uchar;void*;uchar;uchar;ushort*
;CBulanek::CGame_NetSendPlayerDie_t11;0x412c40;0x2c;__thiscall;;uchar;CBulanek*;uchar
;CStartGame2::CGame_NetSendSetAvatar_t03;0x412c70;0x5f;__thiscall;;uchar;CStartGame2*;uchar;void*;char
;CStartGame2::CGame_NetSendSlotCount_t04;0x412cd0;0x61;__thiscall;;uchar;CStartGame2*;void*;char
;CStartGame2::CGame_NetSendAdminByte_t64;0x412d40;0x56;__thiscall;;uchar;CStartGame2*;void*;char
;CGame::CGame_NetSendCountdown_t07;0x412da0;0x50;__thiscall;;void;CGame*;char
;_Globals::CGame_NetSendCustomScriptPayload_t15;0x412df0;0x98;__thiscall;;uchar;void*;int*
;CStartGame2::CStartGame2_ApplySetAvatar;0x412e90;0x32;__thiscall;;uchar;uint;uchar;uchar;void*
;CStartGame2::FUN_00412ed0;0x412ed0;0x3d;__thiscall;;uchar;uint;uchar;int;void*
;CStartGame2::CStartGame2_SetGameTypeAdminByte;0x412f10;0x21;__thiscall;;uchar;uint;uchar;void*
;_Globals::CDsStringHandleVector_MoveTail;0x412f40;0x60;__cdecl;;uchar;void*;void*;int
;CGaming::FUN_00412fa0;0x412fa0;0x83;__thiscall;;uchar;CGaming*;void*
;CMenu::CMenu_DoModalChild;0x413030;0xad;__thiscall;;short;CMenu*;void*;char
;_Globals::CGame_ClearSchedulerChildren;0x4130e0;0x3c;__fastcall;;uchar;int
;CGame::CGame_FindScheduledEventIndexByKey;0x413120;0x3c;__thiscall;;int;CGame*;uchar;uchar
;CGame::CGame_GetControlBindingTable;0x413160;0x1c;__thiscall;;uint;CGame*;uchar
;CGaming::CGame_NetSendRoundResult_t0b;0x413180;0x7a;__thiscall;;uchar;CGaming*;char;short
;_Globals::CGame_CopyDefaultPaletteSeed;0x413200;0x12;__cdecl;;uchar;uint*;int
;_Globals::CGame_BuildPaletteLut;0x413220;0x169;__cdecl;;uchar;uint*;uint
;CGaming::CGaming_AppendKeyToInputBuffer;0x413390;0x7d;__thiscall;;uchar;CGaming*;char;char
;_Globals::FUN_00413410;0x413410;0x25;__cdecl;;uchar;uint*;int
;_Globals::FUN_00413440;0x413440;0xae;__thiscall;;int;void*;uint*;uchar*;int
;_Globals::FUN_004134f0;0x4134f0;0x1c;__fastcall;;uchar;uint*
;_Globals::CGame_ResetForLobby;0x413510;0x4d;__fastcall;;uchar;int
;_Globals::CGame_FindResourceByName;0x413560;0xb1;__thiscall;;int;void*;int
;CMenu::FUN_00413620;0x413620;0x18a;__fastcall;;uchar;int
;_Globals::CMenu_ShowConnectingDialog;0x4137b0;0x90;__fastcall;;uchar;uchar
;CGame::CGame_RemoveScheduledEventByKey;0x413840;0x39;__thiscall;;uint;CGame*;uchar;uchar;char
;CGame::CGame_FindScheduledEventByKey;0x413880;0x2b;__thiscall;;uint;CGame*;uchar;uchar
;CGame::CGame_NetSendOpposingEvent_t17;0x4138b0;0x8f;__thiscall;;uchar;CGame*;uint;uint;uint
;CBulanci::CGame_FindLevelScoreInChain;0x413940;0x64;__fastcall;;uint;CGame*
;CStartGame2::CGame_NetSendRename_t02;0x4139b0;0xc4;__thiscall;;uchar;CStartGame2*;uchar;void*;char
;CStartGame2::CStartGame2_ApplyPlayerRename;0x413a80;0x96;__thiscall;;uchar;CStartGame2*;uchar;int;void*
;CMenu::CMenuGetResourceById;0x413b20;0x6f;__thiscall;;uchar;CMenu*;uint
;CGame::NetSendChat;0x413b90;0xb1;__thiscall;;uchar;CGame*;uchar;int*;void*
;_Globals::CGame_BuildTeamPaletteLut;0x413c50;0x1f;__cdecl;;uchar;uint*;int
;_Globals::FUN_00413c70;0x413c70;0x6b;__thiscall;;int;void*;int;uchar*
;CBulanci::CGame_StartGame;0x413ce0;0x3aa;__fastcall;;void;CMenu*
;CBulanci::Catch@0041408a;0x41408a;0x70;__stdcall;;uchar
;_Globals::Catch@004140fa;0x4140fa;0x64;__stdcall;;uchar
;_Globals::Catch@0041415e;0x41415e;0x11;__stdcall;;uchar
;CMenu::CMenu_PickSession;0x414170;0xc2;__thiscall;;uchar;CMenu*;uint*
;CMenu::Catch@00414232;0x414232;0x16;__stdcall;;uchar
;_Globals::CGame_SetCommStrm;0x414250;0x2b;__thiscall;;uchar;void*;int*
;CBulanci::CGame_GetOrCreateLevelScore;0x414280;0xb1;__fastcall;;void;CGame*
;CStartGame2::CGame_NetSendSetLevel_t05;0x414340;0xdf;__thiscall;;uchar;CStartGame2*;void*;char
;CStartGame2::CStartGame2_SetSelectedLevel;0x414420;0x92;__thiscall;;uchar;CStartGame2*;int;void*
;_Globals::CDsStringPtrArray_ReleaseRange;0x4144c0;0x2b;__cdecl;;uchar;int;int
;CGame::FUN_004144f0;0x4144f0;0x56;__thiscall;;uchar;CGame*;uchar;uchar;uint;char
;CGame::CGame_NetSendTeamScoreEvent_t16;0x414550;0xe8;__thiscall;;uchar;CGame*;uint;uint;uint
;CMenu::CMenu_NetSendKickAll;0x414640;0x6c;__fastcall;;uchar;uchar
;_Globals::FUN_004146b0;0x4146b0;0x75;__thiscall;;uchar;void*;int
;_Globals::CGame_LevelList_EnsureCapacity;0x414730;0x3b;__thiscall;;uchar;void*;uint
;_Globals::FUN_00414770;0x414770;0x12;__fastcall;;uchar;int
;CMenu::CMenu_ShowLobby;0x414790;0xb7;__fastcall;;void;uchar
;CMenu::Catch@00414847;0x414847;0x21;__stdcall;;uchar
;_Globals::CDsStringHandleVector_InsertAt;0x414870;0x97;__thiscall;;int;void*;int;int
;_Globals::FUN_00414910;0x414910;0xf;__fastcall;;uchar;void*
;_Globals::CGame_LevelList_AddByName;0x414920;0x15d;__thiscall;;int;void*;int;uchar*;uchar*
;CDSObject::CGame_ctor;0x414a80;0x1d1;__fastcall;;CGame*;CGame*
;CGame::CGame_GetTypeInfo;0x414c60;0x6;__stdcall;;uchar*
;CGame::CGame_ScalarDeletingDtor_thunk_Sub1c;0x414c70;0x8;__thiscall;;uchar;CGame*;uchar
;CGame::CGame_ScalarDeletingDtor_thunk_Sub4;0x414c80;0x8;__thiscall;;uchar;CGame*;uchar
;CGame::CGame_GetTypeInfo_EventHandler;0x414c90;0x6;__stdcall;;uchar*
;CGame::CGame_dtor;0x414ca0;0x12c;__fastcall;;void;CGame*
;CMenu::CMenu_OpenNetworkSession;0x414dd0;0x43d;__fastcall;;uchar;uchar
;CMenu::Catch@0041520d;0x41520d;0x11;__stdcall;;uchar
;CGame::CGame_RebuildLevelListFromPlayerRecs;0x415220;0x64;__thiscall;;uchar;CGame*;uint*;int
;CGame::CGame_ProcessNetMessage;0x415290;0xb81;__thiscall;;uchar;CGame*;int;int*
;_Globals::CreateObject;0x415ef0;0x67;__stdcall;;uint*
;CGame::CGame_ScalarDeletingDtor;0x415f60;0x1e;__thiscall;;CGame*;CGame*;uchar
;CGaming::CGaming_DrainRecordedNetMessages;0x415f80;0xa5;__fastcall;;void;CGaming*
;CGame::CGame::SchedulerDispatch;0x416030;0x3d7;__thiscall;;uchar;CGame*;uint
;CGame::Catch@00416407;0x416407;0x4f;__stdcall;;uint
;CBulanek::CBulanek_IsInKnockdownAnimBand;0x416490;0x1c;__fastcall;;uint;int
;CAnim::CAnim_RenderAnimFrame;0x4164f0;0x1f;__thiscall;;uchar;CAnim*;char
;_Globals::CDSView_DtorTeardownAnimInner;0x416510;0x5d;__fastcall;;uchar;uchar
;_Globals::FUN_00416590;0x416590;0x16;__fastcall;;uchar;int
;_Globals::FUN_004165b0;0x4165b0;0x17;__fastcall;;uchar;int
;_Globals::FUN_004165d0;0x4165d0;0x34;__fastcall;;uchar;uint
;_Globals::CBulanek_NetSendTeamScoreOnCollect;0x416610;0x1a;__thiscall;;uchar;void*;uint
;CBulanek::CBulanek_GetActiveWeaponKind;0x416630;0xa;__fastcall;;uint;int
;_Globals::CBulanek_GetAmmoForKind;0x416640;0xf;__thiscall;;uchar;void*;uchar
;CDeath::CDeath_UpdateLastManStandingState;0x416650;0x18;__fastcall;;uchar;int
;_Globals::CBulanek_GetSpawnQuipSlot;0x416670;0x20;__fastcall;;uint;int
;CBulanek::CBulanek_GetDelayedQuipSlot;0x416690;0x20;__fastcall;;uint;int
;CBulanek::CBulanek_GetHitQuipSlot;0x4166b0;0x20;__fastcall;;uint;int
;CBulanek::FUN_004166d0;0x4166d0;0x2a;__thiscall;;uchar;CBulanek*;int*
;CBulanek::FUN_00416700;0x416700;0x17;__fastcall;;uchar;void*
;_Globals::FUN_00416720;0x416720;0x26;__fastcall;;uint;int
;CWeapon::CWeapon_ReleaseViaVtable;0x416750;0x1c;__fastcall;;uchar;int*
;CBulanci::CDSView_OnMouseStub;0x416770;0x3;__stdcall;;uchar
;_Globals::CWeapon_PlayFireAnim;0x416780;0xb;__fastcall;;uchar;int
;CMina::CMina_RenderAnimFrame;0x416790;0x37;__thiscall;;uchar;CMina*;char
;_Globals::DefineTraceArea_PostTransitionEvent;0x4167e0;0x2d;__stdcall;;uchar;int;char
;CGaming::CGaming_GetObjectAtSlotSafe;0x416810;0x1a;__thiscall;;uint;CGaming*;uchar
;CBulanek::CBulanek_PostScriptEvent;0x416830;0x29;__thiscall;;uchar;CBulanek*;uchar;ushort;uint;uint
;CGaming::CGaming_OnKeyDown;0x416860;0x3a;__thiscall;;uchar;CGaming*;char
;CGaming::CGaming_OnKeyUp;0x4168a0;0x13;__thiscall;;uchar;CGaming*;char
;CBulanek::CBulanek_SetCloneFlag;0x4168c0;0xd;__thiscall;;uchar;uint;uchar
;_Globals::CGaming_GetObjectAtSlotUnchecked;0x4168d0;0xf;__thiscall;;uint;void*;uchar
;CGaming::CGaming_IsRoundEndTransitionComplete;0x4168e0;0xb;__fastcall;;bool;int
;CGaming::CGaming_PostMouseMoveToOccupiedHudSlot;0x4168f0;0x43;__fastcall;;void;CGaming*
;CGaming::CGaming_CountActiveEntities;0x416940;0x29;__fastcall;;int;int
;_Globals::CGaming_CountOccupiedPlayerSlots;0x416970;0x21;__fastcall;;int;int
;CGame::FUN_004169a0;0x4169a0;0x63;__thiscall;;uchar;CGame*;uchar;uchar;uchar
;CGame::FUN_00416a10;0x416a10;0x58;__thiscall;;uchar;CGame*;uchar;uchar;uchar
;CBulanci::CBulanci_CopyNetSessionFields;0x416a70;0x17;__thiscall;;uchar;CBulanci*;uint;uint
;CLevelScript::CLevelScriptTimer_FireOnTimer;0x416a90;0x17;__fastcall;;uchar;int
;CLevelScript::CLevelScriptOpExt_SetActive;0x416ab0;0x23;__cdecl;;int;int
;CLevelScript::CLevelScriptOpExt_SetInsertMode;0x416ae0;0x27;__cdecl;;uchar;int
;CLevelScript::CLevelScriptOpExt_HideView;0x416b10;0x1b;__cdecl;;int*;int
;CLevelScript::CLevelScriptOpExt_ShowView;0x416b30;0x1b;__cdecl;;int*;int
;CLevelScript::CLevelScriptOpExt_GetSlot;0x416b50;0x1a;__cdecl;;uchar;int
;CLevelScript::CLevelScriptOpExt_SetAnim;0x416b70;0x35;__cdecl;;int;int
;CLevelScript::CLevelScriptOpExt_AnimResume;0x416bb0;0x1b;__cdecl;;int;int
;CLevelScript::CLevelScriptOpExt_SetAnimFrame;0x416bd0;0x27;__cdecl;;int;int
;CLevelScript::CLevelScriptOpExt_RegisterTimer;0x416c00;0x35;__cdecl;;uint;CLevelScriptCtx*
;CLevelScript::CLevelScriptOpExt_TimerStop;0x416c40;0x22;__cdecl;;uint;int
;CLevelScript::CLevelScriptOpExt_TimerStart;0x416c70;0x20;__cdecl;;uint;int
;CLevelScript::CLevelScriptOpExt_TimerRelease;0x416c90;0x1c;__cdecl;;uint;int
;CLevelScript::CLevelScriptOpExt_TimerSetData;0x416cb0;0x28;__cdecl;;uint;int
;_Globals::CDSScript_ReadKindAndRect4;0x416ce0;0x41;__cdecl;;uint;uint*;int
;CLevelScript::CLevelScriptOpExt_IsServer;0x416d30;0x13;__cdecl;;bool;int
;CLevelScript::CLevelScriptOpExt_StrmSend;0x416d50;0x20;__cdecl;;int*;int
;CLevelScript::CLevelScriptOpExt_SetCommStrm;0x416d70;0x20;__cdecl;;int*;int
;CLevelScript::CLevelScriptOpExt_IsNet;0x416d90;0x24;__cdecl;;char;int
;CLevelScript::CLevelScriptOpExt_PlayAnim;0x416dc0;0x30;__cdecl;;int;int
;CLevelScript::CLevelScriptOpExt_SeekAnim;0x416df0;0x4a;__cdecl;;uint*;int
;CLevelScript::CLevelScriptOpExt_CollResize;0x416e40;0x40;__cdecl;;CDSCollection*;int
;CLevelScript::CLevelScriptOpExt_CollRemove;0x416e80;0x53;__cdecl;;void*;int
;CLevelScript::CLevelScriptOpExt_FreeObject;0x416ee0;0x19;__cdecl;;uint;int
;CLevelScript::CLevelScriptOpExt_EnableFireThrough;0x416f00;0x23;__cdecl;;int;int
;CGameView::CGameView_GetClassTable;0x416f30;0x6;__stdcall;;uchar*
;CDSView::CDSView_AdjustorThunk04_Dtor;0x416f40;0x8;__thiscall;;uchar;CDSView*;uchar
;CGameView::CGameView_GetSpatialBucketKey;0x416f50;0x7;__thiscall;;int;CGameView*
;CObstacle::CObstacle_ctor;0x416f60;0x4b;__fastcall;;uint*;uint*
;CObstacle::CObstacle_GetClassTable;0x416fb0;0x6;__stdcall;;uchar*
;CObstacle::CObstacle_ctorFromLevelScript;0x416fc0;0x6f;__thiscall;;CObstacle*;CObstacle*;uint*
;CGameView::CShot_SubobjectCtor;0x417030;0xa7;__fastcall;;uchar;uchar
;CShot::CShot_GetClassTable;0x4170e0;0x6;__stdcall;;uchar*
;CShot::CShot_dtor;0x4170f0;0x5d;__fastcall;;void;uchar
;CShot::CShot_DtorScalar_thunk_Sub18;0x417150;0x8;__thiscall;;uchar;CShot*;uchar
;CShot::CShot_DtorScalar_thunk_Sub4;0x417160;0x8;__thiscall;;uchar;CShot*;uchar
;CShot::CShot_DtorScalar_thunk_Sub88;0x417170;0xb;__thiscall;;uchar;CShot*;uchar
;CShot::CShot_DtorScalar_thunk_Sub10;0x417180;0x8;__thiscall;;uchar;CShot*;uchar
;CShot::CShot_DtorScalar;0x417190;0x1e;__thiscall;;uchar;CShot*;uchar
;_Globals::CAnim_dtor;0x4171b0;0x60;__fastcall;;uchar;uchar
;CGameView::CGameView_GetWorldCollisionRect;0x417210;0x46;__thiscall;;uchar;CGameView*;int*
;_Globals::FUN_00417260;0x417260;0x6c;__fastcall;;uchar;int
;CBulanek::FUN_004172d0;0x4172d0;0xa5;__fastcall;;uchar;int
;CBulanek::CBulanek_OnShow;0x417380;0x62;__thiscall;;uchar;CBulanek*;char
;_Globals::CBulanek_HasAmmoForCurrentWeapon;0x4173f0;0x11;__fastcall;;uchar;void*
;CBulanek::CBulanek_CopyCollisionRectLocal;0x417410;0x44;__thiscall;;void;CBulanek*;int*
;CBulanek::CBulanek_OffsetCollisionRectByFacing;0x417460;0x3e;__thiscall;;uchar;CBulanek*;int*;int*;int
;_Globals::CBulanek_CanDispatchPlayerAction;0x4174a0;0x5a;__thiscall;;uint;void*;int;char
;_Globals::CBulanek_DecrementWeaponAmmo;0x417500;0x62;__fastcall;;uchar;void*
;CBulanek::CBulanek_ResetAmmoAndPlayReload;0x417570;0x76;__fastcall;;void;uchar
;CBulanek::CBulanek_AdaptDisplaySize;0x4175f0;0x4c;__thiscall;;uchar;CBulanek*;uint*
;CBulanek::CBulanek_Draw;0x417640;0x284;__fastcall;;void;CBulanek*
;CBulanek::CBulanek_SetAnimStateAndNotify;0x4178d0;0x18;__thiscall;;uchar;CBulanek*;uint;uint*
;CBulanek::CBulanek_UpdateStateFromParams;0x4178f0;0x13;__thiscall;;uchar;CBulanek*;uint;uint;int
;CBulanek::FUN_00417910;0x417910;0x3f;__fastcall;;uchar;uchar
;_Globals::TriggerSoundEffect;0x417950;0x45;__cdecl;;void;int;uchar;int*
;CWeapon::SetAmmo;0x4179a0;0x1c;__thiscall;;void;CWeapon*;int
;_Globals::CBulanek_PlayItemPickupSound;0x4179c0;0x1e;__cdecl;;uchar;uchar;int*
;CBulanek::CBulanek_SetFacingFromByte;0x4179e0;0x18;__thiscall;;uchar;CBulanek*;uchar
;CWeapon::CWeapon_UpdateStateFromParams;0x417a00;0x13;__thiscall;;void;CWeapon*;uint;uint;int
;_Globals::CWeapon_FireMachineGunBurstStart;0x417a20;0x17;__fastcall;;uchar;int
;CDeath::FUN_00417a40;0x417a40;0x2f;__thiscall;;uchar;CDeath*;uint;int;int
;CDeath::CDeath_UpdateStateFromParams;0x417a70;0x13;__thiscall;;uchar;CDeath*;uint;uint;int
;CDeath::FUN_00417a90;0x417a90;0x55;__fastcall;;uchar;int
;CDeath2::CDeath2_UpdateStateFromParams;0x417af0;0x13;__thiscall;;uchar;CDeath2*;uint;uint;int
;CDeath2::CDeath2_HideViewIfParentShown;0x417b10;0x1e;__fastcall;;uchar;int
;CShot::CShot_ComputePelletRect;0x417b30;0x96;__thiscall;;uchar;CShot*;int*;int*;int
;CShot::CShot_Draw;0x417bd0;0xa1;__fastcall;;uchar;uchar
;CBulanci::FUN_00417c80;0x417c80;0x59;__thiscall;;uchar;CBulanci*;int
;_Globals::CGaming_FreeDangerZoneNodes;0x417ce0;0x37;__fastcall;;uchar;int
;_Globals::CLevelScript_DispatchTraceAreaTransition;0x417d20;0xaf;__thiscall;;uchar;void*;uint;uint*;char
;_Globals::FUN_00417dd0;0x417dd0;0x69;__thiscall;;uchar;void*;uint;char;uint*;char
;CBulanek::CGaming_IsPlayerSlotOccupied;0x417e40;0x36;__thiscall;;bool;CBulanek*;uchar
;_Globals::CGaming_OnSlotPlacementEvent;0x417e80;0xb5;__thiscall;;uchar;void*;uchar;uchar;uchar;int*;char
;CGameView::FUN_00417f40;0x417f40;0x34;__thiscall;;uint;CGameView*;uchar;int;uchar
;CBulanek::CBulanek_GetKillerGenderByteAtSlot;0x417f80;0x2d;__thiscall;;uint;CBulanek*;uchar
;_Globals::CGaming_RegisterObjectAtSlot;0x417fb0;0x45;__thiscall;;uchar;void*;int;uchar
;_Globals::TriggerLevelScriptSound;0x418000;0xb3;__thiscall;;uchar;void*;uchar;int
;CGame::CGaming_OnNetMsg_t11_PlayerDie;0x4180c0;0x14;__thiscall;;uchar;CGame*;uchar
;CBulanek::FUN_004180e0;0x4180e0;0x175;__thiscall;;uchar;CBulanek*;int
;CBitmap::CLevelScript_FireOnBitmapEvt_FromView;0x418260;0x30;__thiscall;;uchar;CBitmap*;int;ushort
;CGameView::CLevelScript_FireOnSlotPlaced_FromView;0x418290;0x39;__thiscall;;uchar;CGameView*;uchar;uchar;uchar
;CGameView::CGameView_FireOnSlotDisplaced;0x4182d0;0x2d;__thiscall;;uchar;CGameView*;uchar;uchar
;_Globals::_Globals::SpatialQuery;0x418300;0xc1;__thiscall;;int*;void*;uint*;void*;int*;char;char
;CExplosion::CollectEntitiesInBlastRect;0x4183d0;0xcc;__thiscall;;int;CExplosion*;uint*;int;char
;CBulanek::CGaming_InsertEntityByDepth;0x4184a0;0xf5;__thiscall;;uchar;CBulanek*;void*
;CGame::CGame_OnNetMsg_t15_FireOnNetCustom;0x4185a0;0x1f;__thiscall;;uchar;CGame*;uint
;CLevelScript::ctor;0x4185c0;0xb4;__fastcall;;CLevelScript*;CLevelScript*
;CLevelScript::CLevelScript_GetTypeInfo;0x418680;0x6;__stdcall;;uchar*
;CLevelScript::CLevelScript_ScalarDeletingDtor_thunk_Sub438;0x418690;0xb;__thiscall;;uchar;CLevelScript*;uchar
;CLevelScript::CLevelScript_ScalarDeletingDtor_thunk_Sub440;0x4186a0;0xb;__thiscall;;uchar;CLevelScript*;uchar
;CLevelScript::CLevelScript_ScalarDeletingDtor_thunk_Sub4;0x4186b0;0x8;__thiscall;;uchar;CLevelScript*;uchar
;CLevelScript::CLevelScript_CDSChain_AdjustThisOffset_thunk_Sub42c;0x4186c0;0xb;__fastcall;;uchar;int
;CLevelScript::CLevelScript_ScalarDeletingDtor_thunk_Sub430;0x4186d0;0xb;__thiscall;;uchar;CLevelScript*;uchar
;CLevelScript::CLevelScript_CDSChain_AdjustThisOffset_thunk_Sub43c;0x4186e0;0xb;__fastcall;;uchar;int
;CLevelScript::CLevelScript_dtor;0x4186f0;0x7d;__fastcall;;uchar;CLevelScript*
;CLevelScript::CLevelScriptOpExt_BindToSlot;0x418770;0x28;__cdecl;;int;int
;CLevelScript::CLevelScriptOpExt_SetObstacleBounds;0x4187a0;0x59;__cdecl;;int;int
;CLevelScript::CLevelScriptOpExt_CreateObstacle;0x418800;0xa1;__cdecl;;CObstacle*;int
;CLevelScript::CLevelScriptOpExt_ResortDepth;0x4188b0;0x24;__cdecl;;uchar;int
;CLevelScript::CLevelScriptOpExt_TranslateTo;0x4188e0;0x33;__cdecl;;uchar;int
;CLevelScript::CLevelScriptOpExt_EvalSeq3;0x418920;0x22;__cdecl;;uint;int
;CLevelScript::CLevelScriptOpExt_SpawnAtView;0x418950;0x30;__cdecl;;uint;CLevelScript*
;CLevelScript::CLevelScriptOpExt_SetAnimDirection;0x418980;0x28;__cdecl;;int;int
;CLevelScript::CLevelScriptOpExt_MapSet;0x4189b0;0x2e;__cdecl;;uint;int
;CLevelScript::CLevelScriptOpExt_MapGet;0x4189e0;0x1d;__cdecl;;uint;int
;CLevelScript::CLevelScriptOpExt_IsViewKind;0x418a00;0x48;__cdecl;;bool;int
;CLevelScript::CLevelScriptOpExt_NewCollection;0x418a50;0x31;__stdcall;;uint*
;CLevelScript::CLevelScriptOpExt_GetField0C;0x418a90;0x12;__cdecl;;uint;int
;CLevelScript::CLevelScriptOpExt_ArrayGet;0x418ab0;0x28;__cdecl;;uint;int
;CLevelScript::CLevelScriptOpExt_ArraySet;0x418ae0;0x36;__cdecl;;int;int
;CLevelScript::CLevelScriptOpExt_CollInsert;0x418b20;0x40;__cdecl;;void*;CDSScript*
;CLevelScript::CLevelScriptOpExt_GetImage;0x418b60;0x5c;__cdecl;;uchar;int
;_Globals::Catch@00418bbc;0x418bbc;0x6;__stdcall;;uchar*
;CLevelScript::CLevelScript_ReleaseNestedRefcount_thunk_Sub440;0x418be0;0xb;__fastcall;;uchar;int
;CLevelScript::CLevelScript_ReleaseNestedRefcount_thunk_Sub430;0x418bf0;0xb;__fastcall;;uchar;int
;ODSImage::ODSImage_ctor;0x418c00;0x5a;__thiscall;;ODSImage*;ODSImage*;int*
;CGameView::CGameView_CreateObject;0x418c60;0xa0;__stdcall;;uint*
;_Globals::CreateObject;0x418d00;0x67;__stdcall;;uint*
;CGameView::FUN_00418d70;0x418d70;0x11b;__fastcall;;uint*;uint*
;CBulanek::CBulanek_GetClassTable;0x418e90;0x6;__stdcall;;uchar*
;CBulanek::CBulanek_DtorScalar_thunk_Sub88;0x418ea0;0xb;__thiscall;;uchar;CBulanek*;uchar
;CBulanek::CBulanek_DtorScalar_thunk_Sub10;0x418eb0;0x8;__thiscall;;uchar;CBulanek*;uchar
;CBulanek::CBulanek_DtorScalar_thunk_Sub18;0x418ec0;0x8;__thiscall;;uchar;CBulanek*;uchar
;CShot::CShot_ReleaseViaVtable_thunk_Sub88;0x418ed0;0xb;__fastcall;;uchar;int
;CBulanek::CBulanek_DtorScalar_thunk_Sub4;0x418ee0;0x8;__thiscall;;uchar;CBulanek*;uchar
;ODSImage::ODSImage_FactoryCtor;0x418ef0;0x6e;__fastcall;;uint*;uint*
;CWeapon::CWeapon_GetClassTable;0x418f60;0x6;__stdcall;;uchar*
;_Globals::CreateObject;0x418f70;0x67;__stdcall;;uint*
;_Globals::CGameEntity_SetEntityType;0x418fe0;0x29;__thiscall;;uchar;void*;uint
;CGameView::CGameView_Update;0x419010;0x56;__thiscall;;uchar;CGameView*;int*
;ODSImage::FUN_00419070;0x419070;0xa5;__fastcall;;uchar;uchar
;CBitmap::CBitmap_GetClassTable;0x419120;0x6;__stdcall;;uchar*
;CBitmap::CBitmap_OnDraw;0x419130;0xb;__fastcall;;uchar;int
;CBitmap::CBitmap_ScalarDeletingDtor;0x419140;0x1e;__thiscall;;CBitmap*;CBitmap*;uchar
;CBitmap::CBitmap_AdjustOffsetDtor;0x419160;0x8;__thiscall;;uchar;CBitmap*;uchar
;CBitmap::CBitmap_ScalarDeletingDtor_thunk_Sub88;0x419170;0xb;__thiscall;;uchar;CBitmap*;uchar
;CBitmap::CBitmap_ScalarDeletingDtor_thunk_Sub10;0x419180;0x8;__thiscall;;uchar;CBitmap*;uchar
;CBitmap::CBitmap_ScalarDeletingDtor_thunk_Sub18;0x419190;0x8;__thiscall;;uchar;CBitmap*;uchar
;CGameView::CGameView_ctor;0x4191a0;0xd3;__thiscall;;CGameView*;CGameView*;uint;uint;int*
;CBitmap::CBitmap_FireOnBitmapEvtFromView;0x419280;0x2d;__thiscall;;uchar;CBitmap*;uint;ushort
;CBulanek::CBulanek_CheckSlotCollision;0x4192b0;0x1ca;__thiscall;;uint;CBulanek*;uchar
;CBulanek::CBulanek_TryApplyPickupMask;0x4194b0;0x17;__thiscall;;uint;CBulanek*;uint;uint
;CBulanek::CBulanek_CheckSlotMaskCollisions;0x4194c7;0x5e;__stdcall;;uint;uint;uint;uint
;_Globals::CBulanek_TestRectOverlapWithEntity;0x419530;0x22;__thiscall;;uint;void*;uint
;CBulanek::CBulanek_GetSpatialBucketKey;0x419560;0x59;__fastcall;;int;uchar
;CBulanek::CBulanek_GetWorldCollisionRect;0x4195c0;0x26;__thiscall;;uchar;CBulanek*;int*
;_Globals::CBulanek_ClampMoveRectByCollision;0x4195f0;0x1aa;__thiscall;;uchar;void*;uint;int*;int*;int*
;CBulanek::CBulanek_SetFacingTrack;0x4197b0;0xbe;__thiscall;;uint;CBulanek*;int;char
;CAnim::CAnim_SubobjectCtor;0x419870;0xa1;__fastcall;;CAnim*;CAnim*
;CAnim::CAnim_GetClassTable;0x419920;0x6;__stdcall;;uchar*
;CAnim::CAnim_ReleaseViaVtable_thunk_Sub98;0x419930;0xb;__fastcall;;uchar;int
;CAnim::CAnim_ctor;0x419940;0xb3;__thiscall;;CAnim*;CAnim*;uint;uint;int*;int
;CBulanek::CDeath_ctor;0x419a00;0x79;__thiscall;;uchar;CBulanek*;uint;uint;uint
;CDeath::CDeath_GetClassTable;0x419a80;0x6;__stdcall;;uchar*
;CAnim::CAnim_AdjustOffsetDtor;0x419a90;0x8;__thiscall;;uchar;CAnim*;uchar
;CBulanek::CDeath2_ctor;0x419aa0;0x5f;__thiscall;;uchar;CBulanek*;uint
;CDeath2::CDeath2_GetClassTable;0x419b00;0x6;__stdcall;;uchar*
;CAnim::CAnim_ScalarDeletingDtor_thunk_Sub18;0x419b10;0x8;__thiscall;;uchar;CAnim*;uchar
;CAnim::CAnim_ScalarDeletingDtor_thunk_Sub98;0x419b20;0xb;__thiscall;;uchar;CAnim*;uchar
;CAnim::CAnim_ScalarDeletingDtor_thunk_Sub88;0x419b30;0xb;__thiscall;;uchar;CAnim*;uchar
;CShot::FUN_00419b40;0x419b40;0x147;__fastcall;;uchar;void*
;CGaming::CGaming_UnregisterAndRemoveObject;0x419ca0;0x74;__thiscall;;void;CGaming*;CDSView*
;CGaming::CGaming_ClearAllEntities;0x419d20;0x40;__fastcall;;uchar;CGaming*
;_Globals::CGaming_OnTimerCountdown;0x419d60;0xda;__thiscall;;uchar;void*;short;uint;int
;CGaming::CGaming_UnregisterRoundHudObjects;0x419e40;0x44;__fastcall;;uchar;CGaming*
;_Globals::CGaming_CheckTraceAreasForEntity;0x419e90;0xdb;__thiscall;;uchar;void*;uint*;uint;int*;char
;CMina::CMina_CheckTraceAreasForSlot;0x419f70;0x5a;__thiscall;;uchar;CMina*;uint*
;CMina::FUN_00419fd0;0x419fd0;0x4c;__fastcall;;uchar;CMina*
;_Globals::CGaming_OnPlayerCollectItem;0x41a020;0x8a;__thiscall;;uchar;void*;void*;int*;uint
;CGame::CGame_DestroyObjectAtSlot;0x41a0c0;0x28;__thiscall;;uchar;CGame*;uchar
;_Globals::CGaming_TryGetPlayerCoords;0x41a0f0;0x4b;__thiscall;;uint;void*;uchar;uint*
;_Globals::CGaming_RespawnPlayerAtSafeLocation;0x41a140;0x126;__thiscall;;uchar;void*;uchar
;CGaming::FUN_0041a270;0x41a270;0x24;__thiscall;;uchar;CGaming*;uint*
;CGaming::CGaming_CleanupInactiveBullets;0x41a2a0;0x4c;__fastcall;;uchar;CGaming*
;CExplosion::CollectLandminesInBlastRect;0x41a2f0;0x9d;__thiscall;;int;CExplosion*;int*;int
;CBulanek::AddEntity;0x41a390;0xb1;__thiscall;;void;CBulanek*;CDSView*;uchar
;CLevelScript::CLevelScript_ScalarDeletingDtor;0x41a450;0x1e;__thiscall;;CLevelScript*;CLevelScript*;uchar
;CLevelScript::CLevelScriptOpExt_SetOrderAxis;0x41a470;0x23;__cdecl;;void*;int
;CLevelScript::CLevelScriptOpExt_InsertView;0x41a4a0;0x25;__cdecl;;uchar;int
;CLevelScript::CLevelScriptOpExt_RemoveView;0x41a4d0;0x3d;__cdecl;;int*;CLevelScriptCtx*
;CDSWav::CDSWav_GetClassMeta;0x41a510;0x6;__stdcall;;uchar*
;CDSWav::CDSWav_GetTypeInfo;0x41a520;0x6;__stdcall;;uchar*
;CDSWav::CDSWav_ScalarDeletingDtor_thunk;0x41a530;0x8;__thiscall;;uchar;CDSWav*;uchar
;CDSWav::CDSWav_ScalarDeletingDtor_thunk_Sub4;0x41a540;0x8;__thiscall;;uchar;CDSWav*;uchar
;CDSObject::CDSObject::CDSObject_dtor;0x41a550;0x6c;__fastcall;;uchar;uint*
;CDSWavStream::CDSWavStream_GetTypeInfo;0x41a5c0;0x6;__stdcall;;uchar*
;CDSWavStream::CDSWavStream_ScalarDeletingDtor_thunk_Sub4;0x41a5d0;0x8;__thiscall;;uchar;CDSWavStream*;uchar
;CDSWavStream::CDSWav_ReleaseChild_thunk_Sub30;0x41a5e0;0x8;__fastcall;;uchar;int
;CDSWavStream::CDSWav_ReleaseChild_thunk_Sub34;0x41a5f0;0x8;__fastcall;;uchar;int
;CDSWavStream::CDSWavStream_ScalarDeletingDtor_thunk_Sub30;0x41a600;0x8;__thiscall;;uchar;CDSWavStream*;uchar
;CDSWavStream::CDSChain_AdjustThisOffset_ThisMinus30;0x41a610;0x8;__fastcall;;uchar;int
;CDSWavStream::CDSWavStream_ScalarDeletingDtor_thunk_Sub34;0x41a620;0x8;__thiscall;;uchar;CDSWavStream*;uchar
;CDSWavStream::CDSWavStream_ScalarDeletingDtor_thunk_Sub18;0x41a630;0x8;__thiscall;;uchar;CDSWavStream*;uchar
;CDSWavStream::CDSWavStream_dtor;0x41a640;0x5a;__fastcall;;void;CDSWavStream*
;_Globals::CreateObject;0x41a6a0;0x67;__stdcall;;uint*
;_Globals::CreateObject;0x41a710;0x64;__stdcall;;uint*
;_Globals::CreateObject;0x41a780;0x67;__stdcall;;uchar
;_Globals::CreateObject;0x41a7f0;0x67;__stdcall;;uchar
;CDeath::CDeath_SubobjectCtor;0x41a860;0x53;__fastcall;;uchar;uchar
;CDeath2::CDeath2_SubobjectCtor;0x41a8c0;0x53;__fastcall;;uchar;uchar
;CTeleportPoint::CTeleportPoint_InitVtables;0x41a920;0x45;__fastcall;;uchar;uchar
;CTeleportPoint::CTeleportPoint_GetClassTable;0x41a970;0x6;__stdcall;;uchar*
;CShot::CDSChain_AdjustThisOffset_ThisMinus84;0x41a980;0xb;__fastcall;;uchar;int
;CMina::CMina_DefaultCtor;0x41a990;0x96;__fastcall;;CMina*;CMina*;uint
;CMina::CMina_GetClassTable;0x41aa30;0x6;__stdcall;;uchar*
;CDSChain::CDSChain_ReleaseChild;0x41aa40;0x8;__fastcall;;uchar;int
;CMina::CMina_ScalarDeletingDtor_thunk_Subf0;0x41aa50;0xb;__thiscall;;uchar;CMina*;uchar
;CMina::CMina_ScalarDeletingDtor_thunk_Sub18;0x41aa60;0x8;__thiscall;;uchar;CMina*;uchar
;CMina::CMina_ScalarDeletingDtor_thunk_Sub98;0x41aa70;0xb;__thiscall;;uchar;CMina*;uchar
;CMina::CMina_IdentityCast_Subec;0x41aa80;0xb;__fastcall;;uchar;int
;CMina::CMina_AdjustOffsetDtor;0x41aa90;0x8;__thiscall;;uchar;CMina*;uchar
;CMina::CMina_ReleaseViaVtable_Subf0;0x41aaa0;0xb;__fastcall;;uchar;int
;CMina::CMina_ScalarDeletingDtor_thunk_Sub88;0x41aab0;0xb;__thiscall;;uchar;CMina*;uchar
;CMina::CMina_ScalarDeletingDtor_thunk_Sub10;0x41aac0;0x8;__thiscall;;uchar;CMina*;uchar
;CExplosion::CExplosion_InitVtables;0x41aad0;0x45;__fastcall;;uchar;uchar
;CExplosion::CExplosion_GetClassTable;0x41ab20;0x6;__stdcall;;uchar*
;CAnim::CAnim_ScalarDeletingDtor_thunk_Sub10;0x41ab30;0x8;__thiscall;;uchar;CAnim*;uchar
;CAnim::CDSChain_AdjustThisOffset_ThisMinus94;0x41ab40;0xb;__fastcall;;uchar;int
;CAnim::CAnim_ScalarDeletingDtor;0x41ab50;0x1e;__thiscall;;CAnim*;CAnim*;uchar
;CGaming::CGaming_Ctor;0x41ab70;0x123;__fastcall;;CGaming*;CGaming*
;CGaming::CGaming_GetClassTable;0x41aca0;0x6;__stdcall;;uchar*
;CGaming::CGaming_ScalarDeletingDtor_thunk_Sub4;0x41acb0;0x8;__thiscall;;uchar;CGaming*;uchar
;CGaming::CGaming_ScalarDeletingDtor_thunk_Sub68;0x41acc0;0x8;__thiscall;;uchar;CGaming*;uchar
;CGaming::CGaming_ScalarDeletingDtor_thunk_Sub10;0x41acd0;0x8;__thiscall;;uchar;CGaming*;uchar
;CGaming::CGaming_ScalarDeletingDtor_thunk_Sub18;0x41ace0;0x8;__thiscall;;uchar;CGaming*;uchar
;CGameView::CGameView_OnEvent;0x41acf0;0x8d;__thiscall;;uchar;CGameView*;short;uint;uint*
;_Globals::FUN_0041ad80;0x41ad80;0x28;__cdecl;;uchar;void*;uint;uint
;CBulanek::CBulanek_dtor;0x41adb0;0x11f;__fastcall;;uchar;uchar
;CBulanek::CBulanek_SchedulerTick;0x41aed0;0x9f;__thiscall;;uchar;CBulanek*;void*
;_Globals::FUN_0041af70;0x41af70;0x203;__fastcall;;uint;uchar
;CBulanek::CWeapon_OnSchedulerEvent;0x41b180;0xe;__fastcall;;uchar;int
;CAnim::FUN_0041b190;0x41b190;0x30;__thiscall;;uchar;CAnim*;void*
;CShot::CShot_SchedulerTick;0x41b1d0;0x33;__thiscall;;uchar;CShot*;void*
;CMina::CMina_OnSchedulerHook;0x41b210;0x3d;__thiscall;;uchar;CMina*;void*
;CExplosion::DamageAtPoint;0x41b250;0x133;__thiscall;;uint;CExplosion*;int*;int;int;char;uchar
;CBulanci::CBulanci_RegisterPlayerAndRespawn;0x41b390;0x1d;__thiscall;;uchar;CBulanci*;uchar
;CGaming::FUN_0041b3b0;0x41b3b0;0x67;__thiscall;;uchar;CGaming*;int
;_Globals::FUN_0041b420;0x41b420;0x80;__thiscall;;uint*;void*;uint;uint*;uint;int
;CMina::FUN_0041b4a0;0x41b4a0;0x60;__thiscall;;uchar;CMina*;void*
;CGaming::CGaming_TickAmbientAnimations;0x41b500;0x90;__fastcall;;void;CGaming*
;CGaming::CGaming_RetestTraceAreasForEntity;0x41b5a0;0x7a;__thiscall;;uchar;CGaming*;int*
;CGaming::FUN_0041b620;0x41b620;0xb0;__thiscall;;uchar;CGaming*;void*
;CBulanci::CGaming_LoadBackgroundMusic;0x41b6d0;0x151;__thiscall;;uchar;CBulanci*;uchar
;CBulanci::Catch@0041b821;0x41b821;0x22;__stdcall;;uchar
;CGaming::CGaming_dtor;0x41b850;0x201;__fastcall;;uchar;CGaming*
;_Globals::CGaming_SetMusicAndSoundBank;0x41ba60;0x46;__thiscall;;uchar;void*;uint;uint
;CGaming::FUN_0041bab0;0x41bab0;0x4b;__thiscall;;uchar;CGaming*;void*
;CLevelScript::CLevelScriptOpExt_SetMusic;0x41bb00;0x28;__cdecl;;uint;int
;CLevelScript::CLevelScriptOpExt_DefineDangerZone;0x41bb30;0x45;__cdecl;;uint;CDSScript*
;CLevelScript::CLevelScriptOpExt_DefineTraceArea;0x41bb80;0x52;__cdecl;;uint;CLevelScript*
;CDSWav::CDSWav_ScalarDeletingDtor;0x41bbe0;0x1e;__thiscall;;CDSWav*;CDSWav*;uchar
;CDSWavStream::CDSWavStream_ScalarDeletingDtor;0x41bc00;0x1e;__thiscall;;CDSWavStream*;CDSWavStream*;uchar
;CBulanek::CBulanek_DtorScalar;0x41bc20;0x1e;__thiscall;;uchar;CBulanek*;uchar
;_Globals::CreateObject;0x41bc40;0x67;__stdcall;;uchar
;_Globals::CreateObject;0x41bcb0;0x67;__stdcall;;uchar
;_Globals::CreateObject;0x41bd20;0x67;__stdcall;;uchar
;_Globals::CreateObject;0x41bd90;0x67;__stdcall;;uchar
;_Globals::CreateObject;0x41be00;0x67;__stdcall;;uchar
;_Globals::CreateObject;0x41be70;0x67;__stdcall;;uint*
;CGaming::CGaming_ScalarDeletingDtor;0x41bee0;0x1e;__thiscall;;CGaming*;CGaming*;uchar
;CWeapon::Update;0x41bf00;0x66;__fastcall;;void;CWeapon*
;CWeapon::CWeapon_HideAssociatedView;0x41bf70;0xf;__fastcall;;uchar;int
;_Globals::FUN_0041bf80;0x41bf80;0x83;__thiscall;;uchar;void*;int*
;CMina::CMina_dtor;0x41c010;0xbb;__fastcall;;void;CMina*
;CMina::FUN_0041c0d0;0x41c0d0;0x62;__fastcall;;uchar;int
;CGaming::CGaming_OnResumeOrStartGame;0x41c140;0x144;__thiscall;;uchar;CGaming*;char
;CGaming::CGaming_RunPreMatchModal;0x41c290;0x295;__fastcall;;uchar;CGaming*
;CMina::CMina_ScalarDeletingDtor;0x41c530;0x1e;__thiscall;;CMina*;CMina*;uchar
;CWeapon::Destructor;0x41c550;0xa1;__fastcall;;uchar;uint*
;CWeapon::Init;0x41c600;0x10;__thiscall;;uchar;CWeapon*;uint;int*
;CBulanek::CBulanek_ResolveAndBindAnimTrack;0x41c610;0x247;__fastcall;;uchar;void*
;CBulanek::CBulanek_BindDeathTombstoneAnim;0x41c860;0x133;__fastcall;;void;CBulanek*
;CTeleportPoint::CTeleportPoint_Ctor;0x41c9a0;0x1c2;__thiscall;;CTeleportPoint*;CTeleportPoint*;int*;uint;CTeleportPoint
;CMina::CMina_Ctor;0x41cb70;0x163;__thiscall;;CMina*;CMina*;uchar
;CMina::InitMine;0x41cce0;0x14e;__thiscall;;CMina*;CMina*;int
;CExplosion::CExplosion_Ctor;0x41ce30;0x179;__thiscall;;CExplosion*;CExplosion*;uint;CExplosion
;CBulanci::CBulanci_AllocAnimFromSprite;0x41cfb0;0xdd;__thiscall;;uchar;CBulanci*;uint*;uint;char
;CBulanek::CBulanek_CreateRespawnTeleportPair;0x41d090;0x1b0;__thiscall;;uint;CBulanek*;int*;int;int;char
;_Globals::CGame_SpawnPickupObject;0x41d240;0x3c;__thiscall;;uint;void*;uint;uint
;CGame::CGame_OnNetMsg_t18_PlaceWorldPickup;0x41d280;0x3e;__thiscall;;uchar;CGame*;uint;uint;int*
;CGame::CGame_OnNetMsg_t13_PlaceSpecialPickup;0x41d2c0;0x11;__thiscall;;uchar;CGame*;int*
;CBulanci::CGaming_LoadLevelAssetAndMusic;0x41d2e0;0x2a0;__fastcall;;void;CGaming*
;_Globals::Catch@0041d3c6;0x41d3c6;0x10;__stdcall;;uchar*
;CBulanci::Catch@0041d580;0x41d580;0x1d;__stdcall;;uchar
;CBulanci::Catch@0041d59d;0x41d59d;0x45;__stdcall;;uint
;CGaming::CGaming_OnCmd;0x41d5f0;0xea;__thiscall;;uchar;CGaming*;ushort;int
;CLevelScript::CLevelScript::CLevelScriptOpExt_CreateAnim;0x41d6e0;0x132;__cdecl;;CAnim*;int
;CLevelScript::CLevelScriptOpExt_CreateImage;0x41d820;0xc9;__cdecl;;CGameView*;int
;CLevelScript::CLevelScriptOpExt_LoadPreface;0x41d8f0;0x98;__cdecl;;uint;CDSScript*
;CLevelScript::CLevelScriptOpExt_SetViewImage;0x41d990;0xb2;__cdecl;;int;int
;CLevelScript::CLevelScriptOpExt_CreateMine;0x41da50;0x8e;__cdecl;;CMina*;CLevelScript*
;CWeapon::CWeapon_ScalarDeletingDtor;0x41dae0;0x1e;__thiscall;;CWeapon*;CWeapon*;uchar
;CBulanek::CBulanek_OnTakeDamage;0x41db00;0xb9;__thiscall;;uint;CBulanek*;int;int;char
;ODSImage::CWeapon_ctor;0x41dbc0;0x1ad;__thiscall;;ODSImage*;ODSImage*;uint;ODSImage
;_Globals::CShot_ResolveHit;0x41dd70;0xec;__thiscall;;uchar;void*;int;void*
;CShot::TraceCollision;0x41de60;0x100;__thiscall;;uint;CShot*;int*;int*;uchar*
;CShot::CShot_Update;0x41df60;0x105;__thiscall;;uchar;CShot*;int*
;_Globals::_Globals::ExplodeMine;0x41e070;0xc5;__fastcall;;uchar*;int*
;CExplosion::ApplyAreaDamage;0x41e140;0x17c;__fastcall;;uchar;CExplosion*
;_Globals::CGaming_SpawnPickupAndBroadcast;0x41e2c0;0x86;__thiscall;;uchar;void*;uint
;CGaming::CGaming_RandomPickupSpawner_Tick;0x41e350;0x8a;__fastcall;;int;CGaming*
;CLevelScript::CLevelScriptOpExt_KillObject;0x41e3e0;0x4d;__cdecl;;uint;CDSScript*
;CLevelScript::CLevelScriptOpExt_TeleportPlayerTo;0x41e430;0x79;__cdecl;;uint;CLevelScript*
;CGameView::CBulanekCtor;0x41e4b0;0x5d7;__thiscall;;CGameView*;CGameView*;uchar*;CGameView;void*;int;CGameView*;int;int;int
;CBulanek::CBulanek_ApplyPickupEffect;0x41ea90;0x10d;__thiscall;;uchar;uint;ODSImage
;_Globals::CGame_ApplyPickup;0x41eba0;0x100;__thiscall;;uchar;void*;ODSImage;uchar
;CBulanek::CBulanek_CycleWeaponPickup;0x41eca0;0x61;__fastcall;;uchar;uchar
;CBulanek::FUN_0041ed10;0x41ed10;0x41;__fastcall;;uchar;uchar
;_Globals::DetonatePlayerMines;0x41ed60;0x87;__fastcall;;uchar;int
;CShot::CShot_Ctor;0x41edf0;0x1bb;__thiscall;;uint;uint;uint*;CGameView*;uchar;uchar;uchar;int
;CMina::OnEvent;0x41efb0;0x24;__thiscall;;uchar;CMina*;short;uint;uint*
;CExplosion::OnEvent;0x41efe0;0x2c;__thiscall;;uchar;CExplosion*;uint;short
;CGame::CGame_OnNetMsg_t19_PlayerPickedUpWorldObj;0x41f010;0x1e;__thiscall;;uchar;CGame*;uchar;ODSImage;uchar
;CGame::CGame_OnNetMsg_t14_PlayerPickedUpSpecial;0x41f030;0x18;__thiscall;;uchar;CGame*;uchar
;CGaming::CGaming_OnSchedulerTimer;0x41f050;0x6e;__thiscall;;uchar;CGaming*;int
;_Globals::CGaming_TickPlayerCollisions;0x41f0c0;0x10f;__thiscall;;uchar;void*;uchar
;_Globals::CGaming_SpawnSpecialPickupIfAllowed;0x41f1d0;0x3b;__thiscall;;uchar;void*;char
;CGame::CGame::OnNetMsg_t0c_ApplyWeaponLoadout;0x41f210;0x19;__thiscall;;uchar;CGame*;uchar;ODSImage
;_Globals::CGaming_SpawnBulletAndPlaySound;0x41f230;0x117;__thiscall;;uchar;void*;uint*;uchar;uchar;uchar;int*;int
;_Globals::CGaming_TickRoundStateAndScoring;0x41f350;0x1ac;__thiscall;;uchar;void*;uchar
;_Globals::CGaming_SpawnAndInitializePlayer;0x41f500;0xcb;__thiscall;;uchar;void*;CGameView;CGameView*;int;int;int
;_Globals::CGaming_SpawnPracticeDummy;0x41f5d0;0x3b;__thiscall;;uchar;void*;CGameView*;int;int;int
;CLevelScript::CLevelScriptOpExt_SpawnEnemyAt;0x41f610;0x84;__cdecl;;uint;CLevelScript*
;CLevelScript::CLevelScriptOpExt_SpawnOpponentEx;0x41f6a0;0x8e;__cdecl;;uint;CLevelScript*
;CLevelScript::CLevelScriptOpExt_InsertOpponent;0x41f730;0x40;__cdecl;;uint;CLevelScriptCtx*
;_Globals::CGaming_RespawnPlayer;0x41f770;0x182;__thiscall;;uchar;void*;char;uchar;int*
;CBulanek::CBulanek_OnDeath;0x41f900;0x28e;__thiscall;;uchar;uint;uchar;uchar
;CBulanek::CBulanek_Update;0x41fb90;0x110;__thiscall;;void;CBulanek*;int*
;CTeleportPoint::TriggerTeleportFX;0x41fca0;0x31;__fastcall;;void;CTeleportPoint*
;_Globals::CWeapon_FirePistol;0x41fce0;0x104;__fastcall;;uchar;CWeapon*
;_Globals::CWeapon_FireGrenade;0x41fdf0;0xd9;__fastcall;;uchar;CWeapon*
;CTeleportPoint::OnEvent;0x41fed0;0xbe;__thiscall;;uchar;CTeleportPoint*;uint;short
;CBulanci::CGaming_ctor;0x41ff90;0x4c5;__thiscall;;CGaming*;CBulanci*;CBulanci*
;CBulanci::Catch@00420455;0x420455;0x20;__stdcall;;uchar
;CGaming::FUN_00420480;0x420480;0x89;__thiscall;;uchar;CGaming*;int*
;CGame::CGaming_OnNetMsg_t10_Hit;0x420510;0x20;__thiscall;;uchar;CGame*;uchar;uchar;int*
;_Globals::FUN_00420530;0x420530;0x15;__thiscall;;uchar;void*;CGameView
;_Globals::CGaming_SpawnCoopPartnerSlots;0x420550;0x48;__fastcall;;uchar;void*
;_Globals::CBulanek_SpawnPlayerAndCampaignSlots;0x4205a0;0x6e;__fastcall;;uchar;uchar
;CLevelScript::CLevelScriptOpExt_InsertBulanci;0x420610;0x12;__cdecl;;uint;int
;CLevelScript::CLevelScriptOpExt_InsertVampires;0x420630;0x12;__cdecl;;uint;int
;_Globals::CBulanek_DispatchCurrentWeaponAction;0x420650;0x2f;__fastcall;;uchar;CWeapon*
;CGaming::CGaming_OnCustomEvent;0x4206a0;0xfc;__thiscall;;uchar;CGaming*;ushort;int*;uint
;_Globals::CBulanek_TriggerPrimaryActionAndBroadcast;0x4208c0;0x47;__fastcall;;uchar;int
;CBulanek::CBulanek_ApplyAction;0x420910;0x95;__thiscall;;uchar;CBulanek*;int;char
;CGame::CGame_DispatchPlayerAction;0x4209b0;0x3e;__thiscall;;uint;CGame*;uchar;uchar;char
;CGame::CGaming_OnNetMsg_t0d_PlayerState;0x4209f0;0x74;__thiscall;;uchar;CGame*;uchar;uchar;int*
;CGame::CGame_OnNetMsg_t0e_PrimaryAction;0x420a70;0x14;__thiscall;;uchar;CGame*;uchar
;CBulanek::CBulanek_TryBotRandomAction;0x420a90;0x94;__fastcall;;uchar;uchar
;CBulanek::CBulanek_WeaponSchedulerCallback;0x420b30;0x1f1;__thiscall;;void;CBulanek*;uint
;CBulanek::CBulanek_OnEvent;0x420d40;0x445;__thiscall;;uchar;CBulanek*;ushort;uint*;uint*
;CWeapon::Fire;0x4212b0;0x2fd;__thiscall;;uchar;CWeapon*;uint;ushort
;CHelpHistoryScript::HhPassFirstSubExpr;0x4215c0;0x1b;__cdecl;;uint;int
;CHelpScript::ctor;0x4215e0;0x92;__fastcall;;CHelpScript*;CHelpScript*
;CHelpScript::CHelpScript_GetClassTable;0x421680;0x6;__stdcall;;uchar*
;CHelpScript::CHelpScript_ScalarDeletingDtor_thunk;0x421690;0xb;__thiscall;;uchar;CHelpScript*;uchar
;CHelpScript::CHelpScript_ScalarDeletingDtor_thunk_Sub438;0x4216a0;0xb;__thiscall;;uchar;CHelpScript*;uchar
;CHelpScript::CHelpScript_AdjustOffsetDtor;0x4216b0;0x8;__thiscall;;uchar;CHelpScript*;uchar
;CLevelScript::CLevelScript_ReleaseNestedRefcount;0x4216c0;0x2f;__fastcall;;uchar;int
;CHelpScript::CHelpScript_dtor;0x4216f0;0x5d;__fastcall;;void;CHelpScript*
;CHelpHistoryScript::HhSetStaticTextStyleAttrs;0x421750;0x8c;__cdecl;;uchar;int
;CHelpHistoryScript::HhAddChildToParentView;0x4217e0;0x22;__cdecl;;uchar;int
;CLevelScript::CLevelScript_ReleaseChild_thunk_Sub438;0x421810;0xb;__fastcall;;uchar;int
;CLevelScript::CLevelScript_ReleaseChild;0x421820;0x8;__fastcall;;uchar;int
;_Globals::CreateObject;0x421830;0x67;__stdcall;;CDSScript*
;CHelpView::CHelpView_ctor;0x4218a0;0x57;__fastcall;;CDSChained*;CDSChained*
;CHelpView::CHelpView_GetClassTable;0x421900;0x6;__stdcall;;uchar*
;CDSView::CDSView_ScalarDeletingDtor_thunk_Sub18;0x421910;0x8;__thiscall;;uchar;CDSView*;uchar
;CHelpScript::CHelpScript_ScalarDeletingDtor;0x421920;0x1e;__thiscall;;CHelpScript*;CHelpScript*;uchar
;CHelpScript::HelpBuildStaticTextAuto;0x421940;0xbd;__cdecl;;uchar;int
;CHelpScript::HelpBuildStaticTextSized;0x421a00;0xef;__cdecl;;uchar;int
;CHelpScript::HelpBuildHelpButtonWidget;0x421af0;0xb0;__cdecl;;uchar;int
;_Globals::CreateObject;0x421ba0;0x64;__stdcall;;CDSChained*
;CHelpDlg::CHelpDlg_LoadHelpPage;0x421c10;0x1b5;__thiscall;;void;CHelpDlg*;int
;CHelpDlg::CHelpDlg_OnSyntheticPageNav;0x421dd0;0x5e;__thiscall;;uchar;CHelpDlg*;ushort
;CHelpDlg::CHelpDlgCtor;0x421e40;0x25c;__fastcall;;CHelpDlg*;CHelpDlg*
;CHelpDlg::CHelpDlg_GetClassTable;0x4220a0;0x6;__stdcall;;uchar*
;CHelpDlg::CHelpDlg_ScalarDeletingDtor_thunk;0x4220b0;0x8;__thiscall;;uchar;CHelpDlg*;uchar
;CHelpDlg::CHelpDlg_AdjustorThunk04_Dtor;0x4220c0;0x8;__thiscall;;uchar;CHelpDlg*;uchar
;CHelpDlg::CHelpDlg_ScalarDeletingDtor_thunk;0x4220d0;0x8;__thiscall;;uchar;CHelpDlg*;uchar
;CHelpDlg::CHelpDlg_dtor;0x4220e0;0xb2;__fastcall;;void;CHelpDlg*
;CHelpScript::HelpBuildHelpBitmapWidget;0x4221a0;0xd8;__cdecl;;CDSBitmap*;int
;_Globals::CreateObject;0x422280;0x67;__stdcall;;uchar
;CHelpDlg::CHelpDlg_ScalarDeletingDtor;0x4222f0;0x1e;__thiscall;;CHelpDlg*;CHelpDlg*;uchar
;_Globals::CDSAudioPlayer_Create;0x422310;0xa4;__cdecl;;void*;uchar*;int*;int;uint;char
;_Globals::CDSAudioPlayer_PlayAndRelease;0x4223c0;0x1b;__stdcall;;uchar;int*;uchar
;_Globals::CDSAudio_SetPanPreview;0x4223e0;0x47;__cdecl;;uchar;int
;_Globals::TriggerBankSample;0x422430;0x3b;__cdecl;;uchar;uchar*;int;int;int;uint;char
;CBulanek::FUN_00422470;0x422470;0x23;__cdecl;;uchar;int*
;CStartGame2::CStartGame2_AssignBindingLabelFromScanCode;0x4224a0;0x53;__cdecl;;uchar;uchar;uchar
;_Globals::ComputeSpatialAttenuationDb100;0x422500;0x41;__cdecl;;int;int*
;CBulanci::CDSAudioPlayer_CreateFromResource;0x422550;0xac;__cdecl;;void*;uchar*;uint;int;uint;char
;_Globals::FUN_00422620;0x422620;0xd;__thiscall;;uchar;void*;uint
;CMovieView::StopPlayback;0x422630;0x36;__fastcall;;void;CMovieView*
;CHistoryView::CHistoryView_OnEvent;0x422670;0x4c;__thiscall;;uchar;CHistoryView*;short;uint;uint
;CHistoryScript::ctor;0x4226c0;0x92;__fastcall;;CHistoryScript*;CHistoryScript*
;CHistoryScript::CHistoryScript_GetClassTable;0x422760;0x6;__stdcall;;uchar*
;CLevelScript::CDSChain_AdjustThisOffset_ThisMinus434;0x422770;0xb;__fastcall;;uchar;int
;CHistoryScript::CHistoryScript_ScalarDeletingDtor_thunk;0x422780;0xb;__thiscall;;uchar;CHistoryScript*;uchar
;CHistoryScript::CHistoryScript_ScalarDeletingDtor_thunk_Sub438;0x422790;0xb;__thiscall;;uchar;CHistoryScript*;uchar
;CHistoryScript::CHistoryScript_AdjustOffsetDtor;0x4227a0;0x8;__thiscall;;uchar;CHistoryScript*;uchar
;CHistoryScript::CHistoryScript_dtor;0x4227b0;0x5d;__fastcall;;void;CHistoryScript*
;CHelpHistoryScript::HhSetByteFieldAt0x18;0x422810;0x23;__cdecl;;int;int
;CMovieView::OnMovieStop;0x422840;0x1e;__thiscall;;uchar;CMovieView*;char
;CMovieView::OnEvent;0x422860;0x82;__thiscall;;uchar;CMovieView*;short;CMovieView*
;ODSImage::FUN_004228f0;0x4228f0;0x89;__fastcall;;uchar;uchar
;CDSBitmap::CDSBitmap_GetClassTable;0x422980;0x6;__stdcall;;uchar*
;CDSBitmap::CDSBitmap_AdjustorThunk04_Dtor;0x422990;0x8;__thiscall;;uchar;CDSBitmap*;uchar
;CScroller::CDSObject_ReleaseViaVtable;0x4229a0;0x8;__fastcall;;uchar;int
;_Globals::CreateObject;0x4229b0;0x67;__stdcall;;CDSScript*
;CMovieView::GetClassTable;0x422a20;0x6;__stdcall;;uchar*
;CMovieView::CMovieView::ScalarDeletingDtor_Thunk_4;0x422a30;0x8;__thiscall;;uchar;CMovieView*;uchar
;CMovieView::ScalarDeletingDtor_Thunk_104;0x422a40;0x8;__thiscall;;uchar;CMovieView*;uchar
;CMovieView::ScalarDeletingDtor_Thunk_16;0x422a50;0x8;__thiscall;;uchar;CMovieView*;uchar
;CMovieView::ScalarDeletingDtor_Thunk_24;0x422a60;0x8;__thiscall;;uchar;CMovieView*;uchar
;CHistoryView::CHistoryView_ctor;0x422a70;0x52;__fastcall;;CDSChained*;CDSChained*
;CHistoryView::CHistoryView_GetClassTable;0x422ad0;0x6;__stdcall;;uchar*
;CHistoryScript::CHistoryScript_ScalarDeletingDtor;0x422ae0;0x1e;__thiscall;;CHistoryScript*;CHistoryScript*;uchar
;CHistoryScript::HhBuildStaticTextAuto;0x422b00;0xbd;__cdecl;;uchar;int
;CHistoryScript::HhBuildStaticTextSized;0x422bc0;0xef;__cdecl;;uchar;int
;CMovieView::Cleanup;0x422cb0;0x9a;__fastcall;;uchar;uchar
;CMovieView::StartPlayback;0x422d50;0xd3;__thiscall;;uchar;CMovieView*;uchar
;CMovieView::CMovieView_CreateObject;0x422e30;0xa4;__stdcall;;uchar
;CMovieView::ScalarDeletingDtor;0x422ee0;0x1e;__thiscall;;CMovieView*;CMovieView*;uchar
;_Globals::CreateObject;0x422f00;0x64;__stdcall;;CDSChained*
;CHistoryDlg::CHistoryDlg_LoadHistoryPage;0x422f70;0x1b5;__thiscall;;void;CHistoryDlg*;int
;CHistoryDlg::CHistoryDlg_OnEvent;0x423130;0x5e;__thiscall;;uchar;CHistoryDlg*;ushort
;CMovieView::TogglePlayback;0x4231a0;0x21;__fastcall;;uchar;CMovieView*
;CHistoryDlg::CHistoryDlg_ctor;0x4231d0;0x253;__fastcall;;CHistoryDlg*;CHistoryDlg*
;CHistoryDlg::CHistoryDlg_GetClassTable;0x423430;0x6;__stdcall;;uchar*
;CHistoryDlg::CHistoryDlg_ScalarDeletingDtor_thunk_Sub18;0x423440;0x8;__thiscall;;uchar;CHistoryDlg*;uchar
;CHistoryDlg::CHistoryDlg_AdjustorThunk04_Dtor;0x423450;0x8;__thiscall;;uchar;CHistoryDlg*;uchar
;CHistoryDlg::CHistoryDlg_ScalarDeletingDtor_thunk_Sub10;0x423460;0x8;__thiscall;;uchar;CHistoryDlg*;uchar
;CHistoryDlg::CHistoryDlg_dtor;0x423470;0xb2;__fastcall;;void;CHistoryDlg*
;CHistoryScript::HhBuildHistoryBitmapWidget;0x423530;0xd8;__cdecl;;CDSBitmap*;int
;_Globals::CreateObject;0x423610;0x67;__stdcall;;uchar
;CHistoryDlg::CHistoryDlg_ScalarDeletingDtor;0x423680;0x1e;__thiscall;;CHistoryDlg*;CHistoryDlg*;uchar
;CMovieView::Constructor;0x4236a0;0xe7;__thiscall;;uchar;CMovieView*;uint;uint;uint;uint;uint
;CMovieView::Catch_00423787;0x423787;0x23;__stdcall;;uchar*
;CMovieView::InitTrackSequence;0x4237b0;0x61;__stdcall;;uchar
;CHistoryScript::HBuildHistoryMovieWidget;0x423820;0xaf;__cdecl;;uint;int
;CGunMouse::CGunMouse_Deactivate;0x4238e0;0x12;__fastcall;;uchar;int
;CGunMouse::CGunMouse_OnMouseMove;0x423900;0x4f;__thiscall;;void;CGunMouse*;uint;int*
;CSwitch::CSwitch_dtor;0x423950;0x8f;__fastcall;;void;CSwitch*
;CSwitch::CSwitch_GetClassTable;0x4239e0;0x6;__stdcall;;uchar*
;CSwitch::CSwitch_OnFocusChange;0x4239f0;0x10;__thiscall;;uchar;CSwitch*;uint;short
;CMenu::CMenu_CloseCurrentSubScreen;0x423a00;0xb9;__thiscall;;uchar;CMenu*;char
;CGunMouse::CGunMouse_CoordRing_Clear;0x423ac0;0x8;__fastcall;;uchar;int
;CSwitch::CSwitch_ScalarDeletingDtor_thunk_Sub68;0x423ad0;0x8;__thiscall;;uchar;CSwitch*;uchar
;CSwitch::CSwitch_ScalarDeletingDtor_thunk_Sub10;0x423ae0;0x8;__thiscall;;uchar;CSwitch*;uchar
;CSwitch::CSwitch_ScalarDeletingDtor_thunk_Sub18;0x423af0;0x8;__thiscall;;uchar;CSwitch*;uchar
;CSwitch::CSwitch_ScalarDeletingDtor_thunk_Sub4;0x423b00;0x8;__thiscall;;uchar;CSwitch*;uchar
;CDSMouse::CDSMouse_GetClassRegistry;0x423b10;0x6;__stdcall;;uchar*
;CDSMouse::CDSMouse_ScalarDeletingDtor_thunk;0x423b20;0x8;__thiscall;;uchar;CDSMouse*;uchar
;CSwitch::CSwitch_ScalarDeletingDtor;0x423b30;0x1e;__thiscall;;CSwitch*;CSwitch*;uchar
;CGunMouse::CGunMouse_Activate;0x423b50;0x71;__fastcall;;uchar;CGunMouse*
;CGunMouse::CGunMouse_OnAnimTick;0x423bd0;0x4e;__thiscall;;uchar;CGunMouse*;uint;short
;CRuch::CRuch_ctor;0x423c20;0xe0;__fastcall;;CRuch*;CRuch*
;CRuch::CRuch_GetClassTable;0x423d00;0x6;__stdcall;;uchar*
;CRuch::CRuch_dtor;0x423d10;0x5a;__fastcall;;void;uchar
;CRuch::CRuch_ScalarDeletingDtor_thunk_Sub18;0x423d70;0x8;__thiscall;;uchar;CRuch*;uchar
;CRuch::CRuch_ScalarDeletingDtor_thunk_Sub4;0x423d80;0x8;__thiscall;;uchar;CRuch*;uchar
;CRuch::CRuch_ScalarDeletingDtor_thunk_Sub68;0x423d90;0x8;__thiscall;;uchar;CRuch*;uchar
;CRuch::CRuch_ScalarDeletingDtor_thunk_Sub10;0x423da0;0x8;__thiscall;;uchar;CRuch*;uchar
;CDSView::CDSObject_ReleaseViaVtable_ThisMinus18;0x423db0;0x8;__fastcall;;uchar;int
;CRuch::CRuch_ScalarDeletingDtor;0x423dc0;0x1e;__thiscall;;uchar;CRuch*;uchar
;CRuch::CRuch_OnScheduledTick;0x423de0;0x7e;__fastcall;;uchar;void*
;CRuch::CRuch_Render_DrawVerticalLine;0x423e60;0x35;__fastcall;;void;uchar
;CBulanci::CRuch_EnableDisable;0x423ea0;0x4f;__thiscall;;uchar;CBulanci*;char
;CSwitch::CSwitch_PlayIdleTrack;0x423ef0;0x2f;__fastcall;;uchar;int
;_Globals::CSwitch_PlayHoverTrack;0x423f20;0x4e;__fastcall;;uchar;int
;CBulanci::CMenu_EnableAllRuch;0x423f70;0x2c;__thiscall;;uchar;CBulanci*;char
;CMenu::CMenu_SetButtonsHidden;0x423fa0;0x65;__thiscall;;uchar;CMenu*;char
;_Globals::CMenu_EnableBackgroundState;0x424010;0x68;__thiscall;;void;void*;char
;CMenu::CMenu_OnMusicFadeTick;0x424080;0x70;__fastcall;;void;CDSUpdatedItem*
;CPoemScroller::CPoemScroller_Render;0x4240f0;0x27b;__fastcall;;void;CPoemScroller*
;CGunMouse::CGunMouse_CoordRing_Push;0x424370;0x3b;__thiscall;;uint;CGunMouse*;uint*
;CGunMouse::CGunMouse_CoordRing_Pop;0x4243b0;0x41;__thiscall;;uint;CGunMouse*;uint*
;_Globals::FUN_00424400;0x424400;0x24;__cdecl;;uchar;uint*;int
;_Globals::CreateObject;0x424430;0x67;__stdcall;;int*
;CSwitch::CSwitch_DefaultCtor;0x4244a0;0x79;__fastcall;;CSwitch*;CSwitch*;uint
;CMenu::CMenu_ctor;0x424520;0x89;__fastcall;;CMenu*;CMenu*
;CMenu::CMenu_GetSingleton;0x4245b0;0x6;__stdcall;;uchar*
;CDSObject::CDSObject_ReleaseViaVtable;0x4245c0;0xe;__fastcall;;uchar;int*
;CMenu::CMenu_VectorDtorWrapper_thunk_Sub4;0x4245d0;0x8;__thiscall;;uchar;CMenu*;uchar
;CMenu::CMenu_VectorDtorWrapper_thunk_Sub68;0x4245e0;0x8;__thiscall;;uchar;CMenu*;uchar
;CMenu::CMenu_VectorDtorWrapper_thunk_Sub10;0x4245f0;0x8;__thiscall;;uchar;CMenu*;uchar
;CMenu::CMenu_VectorDtorWrapper_thunk_Sub18;0x424600;0x8;__thiscall;;uchar;CMenu*;uchar
;CGunMouse::CGunMouse_Draw;0x424610;0x397;__fastcall;;void;CGunMouse*
;CGunMouse::CGunMouse_Erase;0x4249b0;0x210;__fastcall;;void;CGunMouse*
;CBulanci::CSwitch_ctor;0x424bc0;0x12d;__thiscall;;void*;CBulanci*;uint;uint;uchar;ushort
;CSwitch::CSwitch_OnMouseEnter;0x424cf0;0x11;__fastcall;;uchar;int
;CSwitch::CSwitch_OnMouseLeave;0x424d10;0x11;__fastcall;;uchar;int
;_Globals::Button_Click;0x424d30;0x8a;__fastcall;;uchar;int
;CSwitch::CSwitch_OnSiblingPressed;0x424dc0;0x49;__thiscall;;uchar;CSwitch*;short;CSwitch*
;CSwitch::CSwitch_OnAnimEnd;0x424e10;0x57;__thiscall;;void;CSwitch*;uint;short
;CMenu::CMenu_dtor;0x424e70;0xdb;__fastcall;;uchar;uchar
;CMenu::CMenu_OnEvent;0x424f50;0x4f;__thiscall;;uchar;CMenu*;ushort
;CMenu::CMenu_OnKeyDown;0x424fa0;0x92;__thiscall;;char;CMenu*;uchar;char
;_Globals::FUN_00425060;0x425060;0x58;__fastcall;;uchar;int
;_Globals::CDSVec_ResizeIntPair;0x4250c0;0x63;__thiscall;;uchar;void*;int
;CDSBmpImage::CDSBmpImage_AllocRowScratch;0x425130;0x2f;__thiscall;;uchar;CDSBmpImage*;uchar*
;_Globals::CreateObject;0x425160;0x67;__stdcall;;uchar
;_Globals::CMenu_CreateObject;0x4251d0;0x67;__stdcall;;uint*
;CMenu::CMenu_VectorDtorWrapper;0x425240;0x1e;__thiscall;;uchar;CMenu*;uchar
;CSwitch::CSwitch_OnMouseClick;0x425260;0x32;__thiscall;;uchar;CSwitch*;uint;uchar
;CBulanci::CMenu_LoadBackgroundMusic;0x4252a0;0x49;__thiscall;;void;CBulanci*;uint
;CBulanci::CMenu_SetDayNightBg;0x4252f0;0x43;__thiscall;;uchar;uint;uchar
;CMenu::CMenu_DispatchHotkey;0x425340;0x8b;__thiscall;;void;CMenu*;ushort;int
;ODSImage::CGunMouse_CoordRing_Reserve;0x4253d0;0x26;__thiscall;;uint;ODSImage*;int
;CBulanci::CMenu_PollDayNight;0x425400;0x47;__thiscall;;uchar;CBulanci*;char
;_Globals::CDSVec_ResizeIntPair_ToZero;0x425450;0x8;__fastcall;;uchar;void*
;_Globals::CDSImage_ctor;0x425460;0x8e;__thiscall;;void*;void*;int*;int;char
;_Globals::CDSImage_dtor;0x4254f0;0x8d;__fastcall;;uchar;int
;CDSImage::CDSImage_InitDefaults;0x425580;0x59;__fastcall;;uchar;uint*
;CDSImage::CDSImage_GetTypeInfo;0x4255e0;0x6;__stdcall;;uchar*
;CDSImage::CDSImage_GetTypeInfo_IDSReferenced;0x4255f0;0x6;__stdcall;;uchar*
;CDSImage::CDSImage_AdjustThisOffset;0x425600;0x8;__fastcall;;uchar;int
;CDSImage::CDSFont_ScalarDeletingDtor_thunk_Sub4_CDSImage;0x425610;0x8;__thiscall;;uchar;CDSImage*;uchar
;CDSObject::CDSObject_CtorWithImage;0x425620;0x95;__thiscall;;CDSObject*;CDSObject*;int*;int;char
;CDSObject::CDSObject_dtor;0x4256c0;0x6e;__fastcall;;void;CDSObject*
;CGunMouse::CGunMouse_dtor;0x425730;0x116;__fastcall;;void;CGunMouse*
;CGunMouse::CGunMouse_GetClassTable;0x425850;0x6;__stdcall;;uchar*
;CGunMouse::CGunMouse_ScalarDeletingDtor_thunk;0x425860;0x8;__thiscall;;uchar;CGunMouse*;uchar
;CMenu::CMenu_LoadBackgroundResource;0x425870;0xfb;__thiscall;;uchar;CMenu*;uint
;CMenu::CMenu_CmdDispatch;0x425970;0x327;__thiscall;;uchar;CMenu*;ushort
;CPoemScroller::Destructor;0x425ca0;0xf8;__fastcall;;void;CPoemScroller*
;CPoemScroller::GetClassIdentifier;0x425da0;0x6;__stdcall;;uchar*
;CPoemScroller::DeletingDestructorThunk_10;0x425db0;0x8;__thiscall;;uchar;CPoemScroller*;uchar
;CPoemScroller::DeletingDestructorThunk_1c;0x425dc0;0x8;__thiscall;;uchar;CPoemScroller*;uchar
;CPoemScroller::DeletingDestructorThunk_24;0x425dd0;0x8;__thiscall;;uchar;CPoemScroller*;uchar
;CPoemScroller::DeletingDestructorThunk_4;0x425de0;0x8;__thiscall;;uchar;CPoemScroller*;uchar
;CPoemScroller::PickNextPoem;0x425df0;0x23f;__fastcall;;void;CPoemScroller*
;CPoemScroller::OnScrollTick;0x426030;0x2a;__fastcall;;uchar;int
;ODSImage::CGunMouse_ctor;0x426060;0x237;__fastcall;;uint*;uint*
;CGunMouse::CGunMouse_ScalarDeletingDtor;0x4262a0;0x1e;__thiscall;;CGunMouse*;CGunMouse*;uchar
;CPoemScroller::Constructor;0x4262c0;0x205;__fastcall;;CPoemScroller*;CPoemScroller*
;CPoemScroller::CatchExceptionHelper;0x4264c5;0x11;__stdcall;;uchar
;CPoemScroller::ScalarDeletingDestructor;0x4264e0;0x1e;__thiscall;;CPoemScroller*;CPoemScroller*;uchar
;_Globals::CGunMouse_CreateObject;0x426500;0x67;__stdcall;;uint*
;_Globals::CreateObject;0x426570;0x67;__stdcall;;uint*
;CBulanci::CMenu_ctor_with_ui;0x4265e0;0x6f9;__thiscall;;CMenu*;CBulanci*;uint;uchar
;CPanel::CPanel_OnEvent;0x426ce0;0x90;__thiscall;;void;CPanel*;short
;_Globals::CSpells_SetAmmoEmptyAndInvalidate;0x426d70;0x29;__thiscall;;uchar;void*;uchar;uchar
;CSpells::OnEvent;0x426da0;0x6f;__thiscall;;void;CSpells*;short;uint
;CShotCounter::Render;0x426e10;0x202;__fastcall;;void;uchar
;CNumCounter::CNumCounter_UpdateDigit;0x427020;0x72;__thiscall;;uchar;CNumCounter*;int;uchar*
;CNumCounter::CNumCounter_OnTimerTick;0x4270a0;0x53;__fastcall;;uchar;void*
;CBulanci::CNumCounter_SetValue;0x427100;0x10c;__thiscall;;void;CBulanci*;uint;char
;CShotCounter::Constructor;0x427210;0x7a;__fastcall;;CShotCounter*;CShotCounter*
;CShotCounter::GetClassIdentifier;0x427290;0x6;__stdcall;;uchar*
;CShotCounter::DeletingDestructorThunk_10;0x4272a0;0x8;__thiscall;;uchar;CShotCounter*;uchar
;CShotCounter::DeletingDestructorThunk_18;0x4272b0;0x8;__thiscall;;uchar;CShotCounter*;uchar
;CShotCounter::CShotCounter::DeletingDestructorThunk_4;0x4272c0;0x8;__thiscall;;uchar;CShotCounter*;uchar
;CShotCounter::Destructor;0x4272d0;0x62;__fastcall;;void;uchar
;CNumCounter::CNumCounter_ctor;0x427340;0x94;__fastcall;;uchar;uchar
;CNumCounter::CNumCounter_GetTypeDescriptor;0x4273e0;0x6;__stdcall;;uchar*
;CNumCounter::CNumCounter_AdjustorThunk04_Dtor;0x4273f0;0x8;__thiscall;;uchar;CNumCounter*;uchar
;CNumCounter::CNumCounter_AdjustorThunk10_Dtor;0x427400;0x8;__thiscall;;uchar;CNumCounter*;uchar
;CNumCounter::CNumCounter_AdjustorThunk18_Dtor;0x427410;0x8;__thiscall;;uchar;CNumCounter*;uchar
;CNumCounter::CNumCounter_AdjustorThunk68_Dtor;0x427420;0x8;__thiscall;;uchar;CNumCounter*;uchar
;CNumCounter::CNumCounter_dtor;0x427430;0x79;__fastcall;;void;uchar
;CSpells::CSpells_GetClassTable;0x4274b0;0x6;__stdcall;;uchar*
;CDSBitmap::CDSBitmap_ScalarDeletingDtor_thunk_Sub18;0x4274c0;0x8;__thiscall;;uchar;CDSBitmap*;uchar
;CDSBitmap::CDSBitmap_ScalarDeletingDtor_thunk_Sub68;0x4274d0;0x8;__thiscall;;uchar;CDSBitmap*;uchar
;CDSBitmap::CDSBitmap_ScalarDeletingDtor_thunk_Sub10;0x4274e0;0x8;__thiscall;;uchar;CDSBitmap*;uchar
;CDSBitmap::CDSBitmap_ScalarDeletingDtor;0x4274f0;0x1e;__thiscall;;CDSBitmap*;CDSBitmap*;uchar
;CPanel::CPanel_ctor;0x427510;0x7a;__fastcall;;CPanel*;CPanel*
;CPanel::CPanel_GetTypeDescriptor;0x427590;0x6;__stdcall;;uchar*
;CPanel::CPanel_AdjustorThunk04_Dtor;0x4275a0;0x8;__thiscall;;uchar;CPanel*;uchar
;CPanel::CPanel_AdjustorThunk10_Dtor;0x4275b0;0x8;__thiscall;;uchar;CPanel*;uchar
;CPanel::CPanel_AdjustorThunk18_Dtor;0x4275c0;0x8;__thiscall;;uchar;CPanel*;uchar
;CPanel::CPanel_dtor;0x4275d0;0x62;__fastcall;;void;uchar
;CPanel::CPanel_Render;0x427640;0x79;__thiscall;;void;CPanel*;char
;_Globals::CGameCounter_UpdatePlayerScore;0x4276c0;0x4f;__thiscall;;uchar;void*;uchar;char
;_Globals::FUN_00427710;0x427710;0x2b;__thiscall;;uchar;void*;uint*
;CNumCounter::CNumCounter_Render;0x427740;0x17d;__fastcall;;void;uchar
;CSpells::Draw;0x4278c0;0x12c;__fastcall;;void;CSpells*
;_Globals::CreateObject;0x4279f0;0x64;__stdcall;;uint*
;CShotCounter::ScalarDeletingDestructor;0x427a60;0x1e;__thiscall;;uchar;CShotCounter*;uchar
;_Globals::CreateObject;0x427a80;0x67;__stdcall;;uint*
;CNumCounter::CNumCounter_vDtor;0x427af0;0x1e;__thiscall;;uchar;CNumCounter*;uchar
;CSpells::CSpells_Allocate;0x427b10;0x82;__stdcall;;uchar
;_Globals::CreateObject;0x427ba0;0x67;__stdcall;;uint*
;CPanel::CPanel_vDtor;0x427c10;0x1e;__thiscall;;uchar;CPanel*;uchar
;_Globals::FUN_00427c30;0x427c30;0x5d;__thiscall;;uchar;void*;int*;uchar;uchar
;_Globals::FUN_00427c90;0x427c90;0xa1;__thiscall;;uchar;void*;void*
;CBulanci::CSpellsCtor;0x427d40;0xf0;__thiscall;;void*;CBulanci*;int;int
;CBulanci::CShotCounterCtor;0x427e30;0x13d;__thiscall;;CShotCounter*;CBulanci*;int;uint
;CBulanci::CNumCounterCtor;0x427f70;0x179;__thiscall;;uchar;CBulanci*;uint;int;uint
;CBulanci::CPanelCtor;0x4280f0;0x779;__thiscall;;uchar;CBulanci*;uint
;CDSStaticTexts::IDSTexts_GetTypeInfo;0x428870;0x6;__stdcall;;uchar*
;CDSStaticTexts::CDSStaticTexts_GetClassTable;0x428880;0x6;__stdcall;;uchar*
;ATL::_AtlGetThreadACPFake;0x428886;0x65;__stdcall;;uint
;ATL::_AtlGetThreadACPThunk;0x4288ef;0x64;__stdcall;;uint
;CDSQueueStream::CloseStream;0x428960;0x14;__fastcall;;uchar;int
;CDSDsmFile::InitializeQueueStreamView;0x4289a0;0x7e;__thiscall;;CDSDsmFile*;CDSDsmFile*;int;int;int
;CDSQueueStream::CDSQueueStream_GetTypeInfo;0x428a20;0x6;__stdcall;;uchar*
;CDSQueueStream::CDSQueueStream_ScalarDeletingDtor_thunk_Sub0c;0x428a30;0x8;__thiscall;;uchar;CDSQueueStream*;uchar
;CDSQueueStream::CDSQueueStream_ScalarDeletingDtorThunk;0x428a40;0x8;__thiscall;;uchar;CDSQueueStream*;uchar
;CDSQueueStream::CDSQueueStream_dtor;0x428a50;0x60;__fastcall;;uchar;uint*
;CDSQueueStream::CDSQueueStream_ScalarDeletingDtor;0x428ab0;0x1e;__thiscall;;CDSQueueStream*;CDSQueueStream*;uchar
;CDSDsmFile::HandleResourceRead;0x428ad0;0x16d;__thiscall;;uchar;CDSDsmFile*;int*;int;uint
;_Globals::Catch@00428c15;0x428c15;0x14;__stdcall;;uchar
;CDSDsmFile::HandleRecordRead;0x428c40;0xd0;__stdcall;;uchar;int*;void*
;CDSDsmFile::Catch@00428d10;0x428d10;0x14;__stdcall;;uchar
;CDSQueueStream::CDSQueueStream_ReleaseRefThunk;0x428d30;0x8;__fastcall;;uchar;int
;InitializeInstance;0x428d40;0x54;__fastcall;;uchar;uint*
;CDSDsmFile::GetClassMetaA;0x428da0;0x6;__stdcall;;void**
;CDSDsmFile::GetClassRegistry;0x428db0;0x6;__stdcall;;void**
;CDSDsmFile::CDSDsmFile_ScalarDeletingDtor_thunk_Sub30;0x428dc0;0x8;__thiscall;;uchar;CDSDsmFile*;uchar
;CDSWavStream::CDSChain_AdjustThisOffset_ThisMinus2c;0x428dd0;0x8;__fastcall;;uchar;int
;CDSDsmFile::CDSDsmFile_ScalarDeletingDtor_thunk_Sub38;0x428de0;0x8;__thiscall;;uchar;CDSDsmFile*;uchar
;CDSDsmFile::CDSDsmFile_ScalarDeletingDtor_thunk;0x428df0;0x8;__thiscall;;uchar;CDSDsmFile*;uchar
;CDSDsmFile::CDSDsmFile_ScalarDeletingDtor_thunk_Sub3c;0x428e00;0x8;__thiscall;;uchar;CDSDsmFile*;uchar
;CDSDsmFile::CDSChain_AdjustThisOffset_thunk_Sub34;0x428e10;0x8;__fastcall;;uchar;int
;CGame::CDSChain_AdjustThisOffset_ThisMinus18;0x428e20;0x8;__fastcall;;uchar;int
;CDSDsmFile::CDSDsmFile_ScalarDeletingDtor_thunk_Sub4;0x428e30;0x8;__thiscall;;uchar;CDSDsmFile*;uchar
;CDSDsmFile::HandleRefcountRelease;0x428e40;0x29;__fastcall;;uchar;int
;CDSDsmFile::CDSDsmFile_HandleRefcountRelease;0x428e70;0x8;__fastcall;;uchar;int
;CDSDsmFile::CDSDsmFile_HandleRefcountRelease_thunk_Sub3c;0x428e80;0x8;__fastcall;;uchar;int
;CDSDsmFile::CDSDsmFile_HandleRefcountRelease_thunk_Sub4;0x428e90;0x8;__fastcall;;uchar;int
;CDSDsmFile::CDSDsmFile_HandleRefcountRelease_thunk_Sub30;0x428ea0;0x8;__fastcall;;uchar;int
;CDSDsmFile::CDSDsmFile_HandleRefcountRelease_thunk_Sub38;0x428eb0;0x8;__fastcall;;uchar;int
;CDSDsmFile::HandleDestructInstance;0x428ec0;0xb7;__fastcall;;void;CDSDsmFile*
;CDSDsmFile::HandleOpenStream;0x428f80;0x64;__thiscall;;void;CDSDsmFile*;CDSFilterStream*
;CDSDsmFile::HandleReleaseResource;0x428ff0;0x50;__thiscall;;uchar;CDSDsmFile*;uchar*;uchar
;InitializeAndAllocate;0x429040;0x18;__stdcall;;uint
;CDSDsmFile::HandleScalarDelete;0x429060;0x1e;__thiscall;;CDSDsmFile*;CDSDsmFile*;uchar
;CDSDsmFile::HandleReleaseReadThunk;0x429080;0x12;__thiscall;;uchar;CDSDsmFile*;uchar*
;CDSDsmFile::HandleReleaseWriteThunk;0x4290a0;0x12;__thiscall;;uchar;CDSDsmFile*;uchar*
;CDSDsmFile::HandleAcquireResource;0x4290c0;0xce;__thiscall;;uchar*;CDSDsmFile*;uchar
;CDSDsmFile::HandleAcquireReadThunk;0x429190;0x12;__fastcall;;uchar;int
;CDSDsmFile::HandleAcquireWriteThunk;0x4291b0;0xb;__fastcall;;uchar;int
;CDSAudioBankSample::CDSAudioBankSample_HandleResourceRead;0x4291d0;0x65;__thiscall;;uchar;CDSAudioBankSample*;uint*;void*;uint
;CDSAudioBank::FUN_00429240;0x429240;0x36;__fastcall;;uchar;int
;_Globals::CDSJpegImage_JpegSetupScope_dtor;0x429280;0x63;__fastcall;;uchar;int*
;CDSAudioBank::CDSAudioBank_GetTypeInfo;0x4292f0;0x6;__stdcall;;uchar*
;CDSFileStream::CDSFileStream_AdjustThisOffset;0x429300;0x8;__fastcall;;uchar;int
;CDSAudioBank::CDSAudioBank_ScalarDeletingDtor_thunk_Sub0c;0x429310;0x8;__thiscall;;uchar;CDSAudioBank*;uchar
;CDSAudioBank::CDSAudioBank_AdjustOffsetDtor;0x429320;0x8;__thiscall;;uchar;CDSAudioBank*;uchar
;CDSAudioBank::CDSAudioBank_ScalarDeletingDtor_thunk;0x429330;0x8;__thiscall;;uchar;CDSAudioBank*;uchar
;CDSAudioBankSample::CDSAudioBankSample_GetTypeInfo;0x429340;0x6;__stdcall;;uchar*
;CDSAudioBankSample::CDSAudioBankSample_ScalarDeletingDtorThunk;0x429350;0x8;__thiscall;;uchar;CDSAudioBankSample*;uchar
;CDSAudioBankSample::CDSAudioBankSample_ScalarDeletingDtor_thunk_Sub18;0x429360;0x8;__thiscall;;uchar;CDSAudioBankSample*;uchar
;CDSAudioBankSample::CDSAudioBankSample_dtor;0x429370;0x70;__fastcall;;uchar;uint*
;CDSAudioBank::CDSAudioBank_dtor;0x4293e0;0x88;__fastcall;;uchar;uint*
;CDSAudioBank::CDSAudioBank_ScalarDeletingDtor;0x4294b0;0x1e;__thiscall;;CDSAudioBank*;CDSAudioBank*;uchar
;CDSAudioBankSample::CDSAudioBankSample_ScalarDeletingDtor;0x429510;0x1e;__thiscall;;CDSAudioBankSample*;CDSAudioBankSample*;uchar
;CDSAudioBank::CDSAudioBankSample_ctor;0x429530;0xcc;__thiscall;;CDSAudioBank*;CDSAudioBank*;int*;uint;uchar*
;CDSAudioBank::CDSAudioBank_Deserialize;0x429600;0x25a;__thiscall;;void;CDSAudioBank*;CDSFilterStream*
;CDSAudioBank::Catch@0042985a;0x42985a;0x1a;__stdcall;;uchar
;_Globals::FUN_00429880;0x429880;0x24;__fastcall;;int;int*
;_Globals::FUN_004298b0;0x4298b0;0x11;__fastcall;;bool;int
;_Globals::FUN_004298d0;0x4298d0;0x54;__fastcall;;uint;int
;_Globals::CDSBackBuffer_Flip;0x429930;0x22;__fastcall;;bool;int
;_Globals::CDSBackBuffer_FreeImageMember;0x429960;0x2d;__fastcall;;uchar;int
;CBulanci::CDSApp_InitDirectDraw;0x429990;0xad;__thiscall;;uchar;CBulanci*;uint
;CBulanci::FUN_00429a40;0x429a40;0x34;__fastcall;;uchar;int
;CBulanci::FUN_00429a80;0x429a80;0x69;__fastcall;;uchar;int
;CBulanci::FUN_00429af0;0x429af0;0x91;__thiscall;;int;CBulanci*;int;int;int
;CBulanci::CBulanci_ReleasePrimarySurface;0x429b90;0x20;__fastcall;;uchar;int
;CBulanci::CDSApp_OnDestroy;0x429bb0;0x1b;__fastcall;;uchar;uchar
;_Globals::FUN_00429bd0;0x429bd0;0x26;__fastcall;;uint;int
;_Globals::CDSApp_WndProc;0x429c00;0xb6;__stdcall;;LRESULT;HWND;UINT;WPARAM;LPARAM
;_Globals::Catch@00429c8d;0x429c8d;0x10;__stdcall;;uint
;_Globals::CDSApp_KeybQueue;0x429cc0;0x39;__thiscall;;uchar;void*;ushort;uchar;uchar
;CBulanci::CDSApp_OnActivateApp;0x429d00;0x56;__thiscall;;void;CBulanci*;char
;CBulanci::CDSApp_Run;0x429d60;0x26;__fastcall;;ushort;void*
;CGaming::CGaming_ClearSchedulerSlotFlags;0x429d90;0x1d;__fastcall;;uchar;int
;CDSApp::CDSApp_DispatchInputEvent;0x429db0;0x1bd;__thiscall;;uchar;CDSApp*;int
;CGaming::FUN_00429f70;0x429f70;0x8b;__thiscall;;uchar;CGaming*;uint*
;CBulanci::CDSView_OnKeyDown;0x42a000;0x3c;__thiscall;;uint;CBulanci*;char;char
;_Globals::TArray16_ZeroRange;0x42a040;0x2a;__cdecl;;uchar;uint*;int
;_Globals::FUN_0042a070;0x42a070;0xc0;__thiscall;;int;void*;int*;uchar*;int
;_Globals::FUN_0042a130;0x42a130;0x86;__cdecl;;uchar;uint;uint;int
;CBulanci::CBulanci_RebuildBackBufferSurface;0x42a1c0;0x48;__fastcall;;uchar;CDSBackBuffer*
;CDSApp::CDSApp_OnCreate;0x42a210;0x114;__fastcall;;void;CDSApp*
;CBulanci::FUN_0042a330;0x42a330;0x1c5;__thiscall;;uchar;CBulanci*;int*;int;int;int*
;CBulanci::CDSApp_SetWindowed;0x42a500;0x4e;__thiscall;;uchar;CBulanci*;uchar
;_Globals::FUN_0042a550;0x42a550;0x3d;__thiscall;;uint;void*;int
;_Globals::FUN_0042a590;0x42a590;0x29;__fastcall;;uchar;int
;CBulanci::CDSApp_MouseQueue;0x42a5c0;0x9d;__thiscall;;uchar;CBulanci*;ushort;ushort;uint
;CBulanci::CDSApp_WndProcDispatch;0x42a660;0x23e;__thiscall;;uint;CBulanci*;uint;ushort;uint
;_Globals::CDSApp_DirtyRectList_SetSize;0x42a910;0x61;__thiscall;;uchar;void*;int
;_Globals::CDSApp_DirtyRectList_EnsureCapacity;0x42a980;0x3b;__thiscall;;uchar;void*;uint
;_Globals::FUN_0042a9c0;0x42a9c0;0x61;__thiscall;;uchar;void*;int;uint
;_Globals::CDSApp_AppMain;0x42aa60;0xc8;__cdecl;;uint;HINSTANCE*;uint;int
;_Globals::Catch@0042ab28;0x42ab28;0x91;__stdcall;;uchar
;_Globals::Catch@0042abb9;0x42abb9;0x10;__stdcall;;uchar*
;_Globals::Catch_0042ab28_ShowMessageAndRelease;0x42abcf;0x45;__stdcall;;uint
;_Globals::CDSApp_DirtyRectList_InsertAt;0x42ac20;0x5e;__thiscall;;int;void*;uint*;int
;CDSImageMouse::CDSImageMouse_GetTypeDescriptor;0x42ac80;0x6;__stdcall;;uchar*
;CDSChain::CDSChain_AdjustThisOffset;0x42ac90;0x4;__thiscall;;int;CDSChain*
;CDSImageMouse::CDSImageMouse_ScalarDeletingDtor_thunk;0x42aca0;0x8;__thiscall;;uchar;CDSImageMouse*;uchar
;CDSImageMouse::CDSImageMouse_dtor;0x42acb0;0x62;__fastcall;;uchar;uint*
;CDSBackBuffer::CDSBackBuffer_GetClassTable;0x42ad20;0x6;__stdcall;;uchar*
;CDSBackBuffer::CDSBackBuffer_OnEvent;0x42ad30;0x8;__thiscall;;uchar;CDSBackBuffer*;uchar
;CDSBackBuffer::CDSBackBuffer::CDSBackBuffer_dtor;0x42ad40;0x6b;__fastcall;;uchar;uint*
;CDSBackBuffer::CDSBackBuffer_DtorScalar;0x42adb0;0x1e;__thiscall;;CDSBackBuffer*;CDSBackBuffer*;uchar
;_Globals::CDSApp_SetPendingChildView;0x42add0;0x64;__thiscall;;uchar;void*;int
;_Globals::FUN_0042ae40;0x42ae40;0xf;__fastcall;;uchar;void*
;_Globals::FUN_0042ae50;0x42ae50;0xaa;__thiscall;;int;void*;int*;uchar*;int
;CDSImageMouse::CDSImageMouse_vDtor;0x42af60;0x1e;__thiscall;;CDSImageMouse*;CDSImageMouse*;uchar
;CDSApp::FUN_0042afd0;0x42afd0;0x153;__fastcall;;uint*;uint*
;CDSApp::CDSApp_GetClassTable;0x42b130;0x6;__stdcall;;uchar*
;CDSApp::CDSApp_Referenced_GetTypeInfo;0x42b140;0x8;__thiscall;;uchar;CDSApp*;uchar
;CDSApp::CDSApp_EventHandler_GetTypeInfo;0x42b150;0x8;__thiscall;;uchar;CDSApp*;uchar
;CDSApp::CDSApp_Chain_GetTypeInfo;0x42b160;0x8;__thiscall;;uchar;CDSApp*;uchar
;CBulanci::CDSApp_ctor;0x42b170;0x22b;__thiscall;;uchar;CBulanci*;short*;short*
;CBulanci::Catch@0042b39b;0x42b39b;0x10;__stdcall;;uchar*
;CBulanci::FUN_0042b3ae;0x42b3ae;0x16;__stdcall;;uchar
;CDSApp::FUN_0042b3d0;0x42b3d0;0xa7;__fastcall;;uchar;uint*
;CDSApp::Catch@0042b477;0x42b477;0x10;__stdcall;;uchar*
;CDSApp::FUN_0042b48c;0x42b48c;0xd3;__stdcall;;uchar
;CDSApp::CDSApp_dtor;0x42b560;0x32;__fastcall;;void;CDSApp*
;_Globals::CDSApp_AddDirtyRectCoalesced;0x42b5a0;0x2f5;__thiscall;;uchar;void*;int*;int*
;_Globals::CDSApp_AddDirtyRect;0x42b8a0;0x14;__thiscall;;uchar;void*;int*
;CBulanci::CBulanci_BlitAnimFrameToView;0x42b8c0;0x14;__thiscall;;uchar;CBulanci*;int*
;CDSApp::CDSApp_ChainDtorBody;0x42b8e0;0x8;__fastcall;;uchar;int
;CDSApp::CDSApp_ReferencedDtorBody;0x42b8f0;0x8;__fastcall;;uchar;int
;CDSApp::CDSApp_EventHandlerDtorBody;0x42b900;0x8;__fastcall;;uchar;int
;_Globals::CreateObject;0x42b910;0x67;__stdcall;;uint*
;CDSApp::CDSApp_DtorScalar;0x42b980;0x1e;__thiscall;;CDSApp*;CDSApp*;uchar
;CDSImageMouse::CDSImageMouse_Draw;0x42b9a0;0xe1;__fastcall;;void;CDSImageMouse*
;CDSImageMouse::CDSImageMouse_Erase;0x42ba90;0x42;__fastcall;;void;CDSImageMouse*
;FUN_0042bae0;0x42bae0;0xf9;__fastcall;;uchar;uchar
;_Globals::FUN_0042bbe0;0x42bbe0;0x15;__fastcall;;uchar;uchar
;_Globals::CDSApp_RenderFrame;0x42bc00;0x163;__fastcall;;uchar;uchar
;CBulanci::CDSView_Invalidate;0x42bd70;0x2a;__thiscall;;uchar;CBulanci*;uchar;char
;_Globals::CDSApp_FrameBody;0x42bda0;0xb1;__fastcall;;uchar;uchar
;_Globals::CDSApp_PumpTick;0x42be60;0x26;__fastcall;;uchar;uchar
;CBulanci::CBulanci_PollEventsAndRunFrame;0x42be90;0x1b;__fastcall;;uchar;uchar
;CDSChained::CDSChained_ResetChainCounters;0x42beb0;0x1e;__fastcall;;uchar;int
;_Globals::CDSView_SetModalEligible;0x42bed0;0x69;__thiscall;;uchar;void*;uint
;CBulanci::CDSView::UpdateScreenCoordinates;0x42bf40;0x79;__thiscall;;uchar;CBulanci*;char
;_Globals::CDSView::AddChildInternal;0x42bfc0;0x36;__thiscall;;uchar;void*;uchar;int
;CMenu::CMenu_DetachChild;0x42c000;0x3a;__thiscall;;void;CMenu*;CDSView*
;CDSView::CDSView_DispatchEvent;0x42c040;0x75;__thiscall;;void;CDSView*;CDSEventRecord*
;CDSView::CDSView_OnKeyDown;0x42c0c0;0x1b;__fastcall;;uint;int
;CBulanci::CDSView_OnKeyUp;0x42c0e0;0x1b;__fastcall;;uint;int
;CBulanci::CDSView_OnChar;0x42c100;0x1b;__fastcall;;uint;int
;_Globals::FUN_0042c120;0x42c120;0x18;__fastcall;;uchar;int*
;_Globals::FUN_0042c140;0x42c140;0x16;__fastcall;;uchar;int*
;CBulanek::FUN_0042c160;0x42c160;0x25;__thiscall;;uchar;CBulanek*;int
;CBulanek::FUN_0042c190;0x42c190;0x25;__thiscall;;uchar;CBulanek*;int
;_Globals::FUN_0042c1c0;0x42c1c0;0x6a;__thiscall;;int*;void*;uint
;_Globals::CDSView_ReleaseKeyboardFocus;0x42c230;0x58;__fastcall;;uchar;int*
;_Globals::CDSView_SetActive;0x42c290;0x4f;__thiscall;;uchar;void*;uint
;CBulanci::CDSView_GetDataSize;0x42c2e0;0x38;__fastcall;;int;CBulanci*
;CBulanci::CDSView_SaveData;0x42c320;0x44;__thiscall;;void;CBulanci*;int
;CBulanci::CDSView_LoadData;0x42c370;0x44;__thiscall;;void;CBulanci*;int
;_Globals::CDSView::EndModal;0x42c3c0;0x12;__thiscall;;uchar;void*;ushort
;CBulanci::CDSView_IsModalDoneRecursive;0x42c3e0;0x46;__thiscall;;uint;CBulanci*;uint
;CBulanci::CDSView_GetParentBounds;0x42c430;0x44;__thiscall;;void;CBulanci*;uint*;int*
;CBulanci::CDSView_SetRect;0x42c480;0xbf;__thiscall;;uchar;CBulanci*;int*
;CBulanci::CBulanci_AdjustAnchoredEdge;0x42c540;0x3b;__thiscall;;uchar;CBulanci*;int*;int;int
;CBulanci::CDSView_ComputeAnchoredRect;0x42c580;0xd8;__thiscall;;void;CBulanci*;int*;int*
;CWindow::CWindow_FindNextFocusable;0x42c660;0x60;__thiscall;;uint;CWindow*;char
;_Globals::CMenu_ClearAllChildren;0x42c6c0;0x37;__fastcall;;uchar;uchar
;_Globals::FUN_0042c700;0x42c700;0x68;__stdcall;;uchar
;CBulanci::CDSApp_BroadcastSyntheticEventToChildren;0x42c770;0x5d;__thiscall;;uchar;CBulanci*;ushort;uint;uint
;CDSApp::CDSApp_RouteSyntheticCloseEvent;0x42c7d0;0x14;__thiscall;;uchar;CDSApp*;ushort
;_Globals::CDSApp_SetInputChainHead;0x42c7f0;0x64;__fastcall;;uchar;int*
;_Globals::CControl_ClaimModalFocusOnPress;0x42c860;0x19;__fastcall;;uchar;int*
;_Globals::FUN_0042c880;0x42c880;0x5b;__fastcall;;uchar;int*
;_Globals::CDSView_AcquireKeyboardFocus;0x42c8e0;0x77;__fastcall;;uchar;int*
;_Globals::FUN_0042c960;0x42c960;0x30;__fastcall;;uchar;int*
;_Globals::CDSView::Show;0x42c990;0x52;__fastcall;;uchar;int*
;_Globals::CDSView_EnableWidget;0x42c9f0;0x32;__fastcall;;ushort;int*
;CDSView::CDSView_InvalidateRectClipped;0x42ca30;0xab;__thiscall;;uchar;CDSView*;int*;uint
;CBulanci::CDSView_AdaptDisplaySize;0x42cae0;0xc8;__fastcall;;uint;CDSView*
;CScroller::FUN_0042cbb0;0x42cbb0;0x37;__thiscall;;uchar;CScroller*;int;int
;CBulanci::CDSView::SetSize;0x42cbf0;0x39;__thiscall;;uchar;CBulanci*;int;int
;_Globals::FUN_0042cc30;0x42cc30;0x47;__thiscall;;uchar;void*;int;int
;CBulanek::CDSView::SetPosition;0x42cc80;0x4b;__thiscall;;uchar;CBulanek*;int;int
;CWindow::CWindow_FocusSibling;0x42ccd0;0x1d;__thiscall;;uchar;CWindow*;char
;CDSApp::CDSView_RenderChildrenClipped;0x42ccf0;0x140;__fastcall;;void;CDSApp*
;_Globals::CreateObject;0x42ce30;0x64;__stdcall;;uint*
;CDSView::CDSView_dtor;0x42cea0;0xa3;__fastcall;;void;CDSView*;uint
;CDSView::CDSView_OnLButtonDownAcquireFocus;0x42cf50;0x8;__fastcall;;uchar;int*
;_Globals::FUN_0042cf60;0x42cf60;0x39;__fastcall;;uchar;int*
;_Globals::FUN_0042cfa0;0x42cfa0;0x49;__fastcall;;uchar;int*
;_Globals::FUN_0042cff0;0x42cff0;0x4f;__fastcall;;uchar;int*
;_Globals::CDSView::Hide;0x42d040;0x35;__fastcall;;uchar;int*
;_Globals::CDSView_SetAsDefaultFocusChild;0x42d080;0x30;__fastcall;;ushort;int*
;_Globals::CDSView::AddChild;0x42d0b0;0xa6;__thiscall;;uchar;void*;uchar;int
;CMenu::FUN_0042d160;0x42d160;0x3e;__thiscall;;uchar;CMenu*;int*
;_Globals::CDSView_DoModal;0x42d1a0;0x12a;__thiscall;;ushort;void*;void*
;_Globals::CDsStringReleaseHeader;0x42d2d0;0x12;__fastcall;;uchar;void*
;CNumEdit::CNumEdit_ParseDecimalValue;0x42d2f0;0x13;__fastcall;;uint;uint*
;CBulanci::CBulanci_NormalizePathForExistenceCheck;0x42d310;0x19;__cdecl;;uint;LPCWSTR
;CBulanci::CBulanci_GetPathSuffixCompareIndex;0x42d330;0x1b;__cdecl;;uint;LPCWSTR
;_Globals::CDsString_AllocWide;0x42d350;0x37;__cdecl;;int*;int;int
;_Globals::CDsStringAllocAndCopyWide;0x42d3a0;0x32;__cdecl;;int*;void*;int;int
;_Globals::CDsStringSetLengthAndTerminate;0x42d3e0;0x10;__thiscall;;uchar;void*;int
;CBulanci::CBulanci_CompareWideString;0x42d3f0;0x4f;__thiscall;;int;CBulanci*;ushort*
;_Globals::CDsString_WriteWStringToStream;0x42d440;0x47;__thiscall;;uchar;void*;int*
;_Globals::CDsStringAssignFromHandle;0x42d490;0x71;__thiscall;;void*;void*;uint*
;CBulanci::CDsStringAssignFromLiteral;0x42d510;0x83;__thiscall;;uchar;CBulanci*;short*
;_Globals::CDsStringInsertWide;0x42d5a0;0x162;__thiscall;;void*;void*;int*;size_t;wchar_t*;size_t
;_Globals::CDsStringVsprintfToStackBuffer;0x42d710;0x60;__thiscall;;void*;void*;wchar_t*;uint*
;_Globals::CDsStringFormatV;0x42d770;0x24;__cdecl;;void*;void*;wchar_t*
;CStartGame2::CStartGame2_CompareLevelName;0x42d7a0;0xf;__thiscall;;uchar;CStartGame2*;uint*
;CBulanci::CDsString_FindLastWideChar;0x42d7b0;0x39;__thiscall;;int;CBulanci*;short;int
;CBulanci::CDsString_SubstringWide;0x42d7f0;0x5c;__thiscall;;uint*;CBulanci*;uint*;int;int
;_Globals::CDsString_EnsureUnique;0x42d850;0x48;__fastcall;;uchar;int*
;_Globals::CDsStringAssignFromLong;0x42d8a0;0x16;__fastcall;;uchar;void*
;CBulanci::FUN_0042d8c0;0x42d8c0;0xa7;__thiscall;;uchar;CBulanci*;DWORD
;CBulanci::FUN_0042d970;0x42d970;0x133;__cdecl;;uchar;uchar
;CBulanci::FUN_0042dab0;0x42dab0;0xaf;__thiscall;;uchar;CBulanci*;LPCSTR;UINT
;_Globals::FUN_0042db60;0x42db60;0xc2;__thiscall;;uchar;void*;LPCWSTR;UINT
;CBulanci::CBulanci_WideStringToLowerInPlace;0x42dc30;0x1c;__fastcall;;int*;int*
;_Globals::FUN_0042dc50;0x42dc50;0x1d;__fastcall;;int*;int*
;CBulanci::CDsString_SplitPathBackslashDot;0x42dc70;0x241;__thiscall;;uchar;CBulanci*;uchar;void*;int*
;CBulanci::FUN_0042dec0;0x42dec0;0xfe;__thiscall;;uchar;CBulanci*;int*;void*
;CBulanci::FUN_0042dfc0;0x42dfc0;0x111;__thiscall;;void*;CBulanci*;short*;short*
;CBulanci::CBulanci_GetPathBasename;0x42e0e0;0x56;__thiscall;;int*;CBulanci*;int*
;_Globals::CDsString_ReadWStringFromStream;0x42e140;0xee;__thiscall;;int*;void*;int*
;CBulanci::CBulanci_FormatPathPair;0x42e230;0xb8;__thiscall;;void*;CBulanci*;short*;short*
;CBulanci::FUN_0042e2f0;0x42e2f0;0x10e;__thiscall;;uchar;CBulanci*;int*
;CBulanci::FUN_0042e400;0x42e400;0xd4;__thiscall;;uchar;CBulanci*;int*
;_Globals::FUN_0042e4e0;0x42e4e0;0x14b;__thiscall;;uchar;void*;int*
;_Globals::IsLeapYear;0x42e630;0x47;__cdecl;;uint;uint
;CDSResourceSign::CDSResourceSign_ReadDateField;0x42e680;0x13;__thiscall;;uchar;CDSResourceSign*;int*
;CDSResourceSign::CDSResourceSign_WriteDateField;0x42e6a0;0x13;__thiscall;;uchar;CDSResourceSign*;int*
;CBulanci::PackTimeToDword;0x42e6c0;0x69;__stdcall;;uchar;uint*;uint;uint;uint
;CBulanci::CBulanci_PackedTimeToMs;0x42e730;0x3a;__fastcall;;int;int*
;CDSApp::CDSApp_InitClock;0x42e770;0x16;__stdcall;;uchar
;_Globals::CDSApp_UpdateClock;0x42e790;0x12;__stdcall;;void
;_Globals::CDate_SetDate;0x42e7b0;0x91;__stdcall;;uchar;uint*;uint;uint
;CBulanci::CBulanci_PackTimeDwordFromSystemTime;0x42e850;0x28;__thiscall;;uchar;CBulanci*;int
;CBulanci::CBulanci_SetDateFromShortFields;0x42e880;0x22;__thiscall;;uchar;CBulanci*;ushort*
;CBulanci::BuildLocalDateTime;0x42e8b0;0x33;__cdecl;;uchar;uchar
;_Globals::FUN_0042e8f0;0x42e8f0;0x19;__thiscall;;uchar;void*;uint
;_Globals::HandleClassRegister;0x42e910;0x4c;__thiscall;;void*;void*;uint;uint;uint
;_Globals::FUN_0042e960;0x42e960;0x1d;__thiscall;;uint;void*;void*
;_Globals::HandleInterfaceRegister;0x42e980;0x1f;__thiscall;;uchar;void*;int;uint;uint
;_Globals::HandleVirtualBaseCast;0x42e9a0;0x4a;__thiscall;;uint;void*;int
;_Globals::CheckedVirtualBaseCast;0x42e9f0;0x23;__thiscall;;int;void*;int
;CBulanci::InitializeClassIdLookup;0x42ea20;0x16;__cdecl;;uchar;void*
;_Globals::FUN_0042ea40;0x42ea40;0x25;__cdecl;;uchar;int;int
;CDSUpdatedItem::CDSUpdatedItem_GetTypeInfo;0x42ea70;0x6;__stdcall;;uchar*
;_Globals::FUN_0042ea80;0x42ea80;0x15;__fastcall;;uchar;int*
;_Globals::Scheduler_IsSlotLive;0x42eaa0;0x1e;__thiscall;;bool;void*;uint
;CBulanek::Scheduler_FreeSlotIfLive;0x42eac0;0x32;__thiscall;;void;CBulanek*;uint
;CDSObject::CDSUpdatedItem_ReleaseSchedulerAndAudioBank;0x42eb00;0x2c;__fastcall;;uchar;uchar
;_Globals::Scheduler_DispatchDueEvents;0x42eb30;0x71;__fastcall;;void;int*
;_Globals::Scheduler_EnsureCapacity;0x42ebb0;0x36;__thiscall;;void;void*;uint
;_Globals::CDSApp_PulseTasks;0x42ebf0;0x45;__stdcall;;uchar
;CStartGame2::CStartGame2_EnqueueEvent;0x42ec40;0x4c;__thiscall;;uint;CStartGame2*;ushort;ushort;uint;uint
;_Globals::FUN_0042ec90;0x42ec90;0x22;__thiscall;;uint;void*;uint*
;_Globals::FUN_0042ecc0;0x42ecc0;0x25;__cdecl;;uint;uchar;ushort;ushort;uint;uint
;_Globals::CDSQueue_Push;0x42ecf0;0x78;__thiscall;;uint;void*;uint*
;_Globals::CDSQueue_PopDiscard;0x42ed70;0x26;__fastcall;;uint;int
;_Globals::CDSQueue_PopCopy;0x42eda0;0x80;__thiscall;;uint;void*;uint*
;_Globals::CDSQueue_Peek;0x42ee20;0x1b;__thiscall;;int;void*;int
;_Globals::CDSQueue_SetCapacity;0x42ee40;0x66;__thiscall;;uchar;void*;int
;CDSStaticTexts::factory;0x42eeb0;0x27;__stdcall;;uint*
;_Globals::InitializeByClassId;0x42ef00;0xe2;__cdecl;;uint;LPCWSTR;uint;int
;CGame::BroadcastEvent;0x42eff0;0x65;__thiscall;;uchar;CGame*;ushort;uint;uint;void*
;CDSUpdatedItem::CDSUpdatedItem_ctor;0x42f060;0xdc;__fastcall;;CDSUpdatedItem*;CDSUpdatedItem*
;CDSObject::CDSUpdatedItem_dtor;0x42f140;0x9e;__fastcall;;void;CDSUpdatedItem*
;_Globals::Scheduler_GetEventSlot;0x42f1e0;0x24;__thiscall;;void*;void*;uint
;_Globals::Scheduler_RegisterEventSlot;0x42f210;0x75;__thiscall;;void;void*;uint;uint;uint
;_Globals::Scheduler_SetEventLastFireMs;0x42f290;0x31;__thiscall;;void;void*;uint;int
;_Globals::Scheduler_SetEventDelayMs;0x42f2d0;0x26;__thiscall;;void;void*;uint;uint
;_Globals::Scheduler_ArmSlot;0x42f300;0x2a;__thiscall;;uchar;void*;uint
;_Globals::Scheduler_AckSlot;0x42f330;0x58;__thiscall;;uchar;void*;uint;int
;_Globals::CDSView__PostMessage;0x42f390;0x4d;__thiscall;;uint;void*;ushort;ushort;uint;uint
;CBulanci::CDSEventHandler_EnqueueEvent;0x42f3e0;0x24;__thiscall;;uint;CBulanci*;uint*
;_Globals::CDSApp_PollEventQueue;0x42f410;0x4a;__stdcall;;uint
;_Globals::CDSApp_DispatchOneEvent;0x42f460;0x42;__stdcall;;uchar
;CBulanci::CBulanci_AssignResourceIndexSlot;0x42f4b0;0x72;__cdecl;;uchar;int;uint;uint;uint
;CDSApp::FUN_0042f530;0x42f530;0x60;__stdcall;;uchar
;_Globals::CDSView_PostMessage_NullSafe;0x42f590;0x25;__cdecl;;uint;void*;ushort;ushort;uint;uint
;_Globals::CDSQueue_Init;0x42f5c0;0x26;__thiscall;;uint;void*;int
;_Globals::Scheduler_PopHook;0x42f5f0;0x30;__thiscall;;uchar;void*;int
;_Globals::FUN_0042f620;0x42f620;0x14;__thiscall;;uchar;void*;int
;_Globals::CDSEventHandler_ctor;0x42f640;0x50;__fastcall;;int;int
;_Globals::CDSEventQueue_ClearForTarget;0x42f690;0x60;__fastcall;;uchar;int
;_Globals::Runtime_MallocOrThrow;0x42f6f0;0x25;__thiscall;;void*;void*;uchar*
;_Globals::Runtime_Free;0x42f720;0xe;__thiscall;;void;void*;void*
;_Globals::FUN_0042f730;0x42f730;0x4c;__stdcall;;void*;void*;uchar*
;_Globals::FUN_0042f780;0x42f780;0x1b;__thiscall;;uchar;void*;uint*;uint*
;_Globals::FUN_0042f7a0;0x42f7a0;0x1b;__fastcall;;uchar;int
;_Globals::FUN_0042f7c0;0x42f7c0;0xc;__fastcall;;uint;int
;_Globals::FUN_0042f7d0;0x42f7d0;0x4;__thiscall;;uint;void*
;_Globals::FUN_0042f7e0;0x42f7e0;0x15;__thiscall;;uint;void*;int
;_Globals::FUN_0042f800;0x42f800;0x13;__fastcall;;uchar;int
;_Globals::FUN_0042f820;0x42f820;0x24;__thiscall;;uchar;void*;int
;_Globals::FUN_0042f850;0x42f850;0x23;__thiscall;;uchar;void*;int
;CBulanek::FUN_0042f880;0x42f880;0xa;__thiscall;;uchar;CBulanek*;int
;CBulanek::FUN_0042f890;0x42f890;0xa;__thiscall;;uchar;CBulanek*;int
;CDSChained::CDSChained_InitIDSReferencedVtable;0x42f8a0;0xe;__fastcall;;uchar;uint*
;CBulanci::FUN_0042f8b0;0x42f8b0;0x6d;__thiscall;;uint;CBulanci*;int
;_Globals::FUN_0042f920;0x42f920;0x17;__fastcall;;uint;int
;CBulanci::FUN_0042f940;0x42f940;0x40;__thiscall;;uchar;CBulanci*;int;char
;CBulanci::FUN_0042f980;0x42f980;0x26;__thiscall;;uchar;CBulanci*;void*
;_Globals::FUN_0042f9b0;0x42f9b0;0x20;__thiscall;;uchar;void*;void*
;_Globals::FUN_0042f9d0;0x42f9d0;0x4d;__thiscall;;uchar;void*;void*;int
;CBulanek::FUN_0042fa20;0x42fa20;0x24;__thiscall;;uchar;CBulanek*;uchar;int
;CBulanek::FUN_0042fa50;0x42fa50;0x25;__thiscall;;uchar;CBulanek*;uchar;int
;_Globals::FUN_0042fab0;0x42fab0;0x27;__thiscall;;uchar;void*;char
;CBulanci::FUN_0042fae0;0x42fae0;0x87;__thiscall;;uchar;CBulanci*;_PtFuncCompare*
;CDSChain::CDSChain_Append;0x42fb70;0xbf;__thiscall;;uchar;CDSChain*;LPCWSTR
;_Globals::Catch@0042fc05;0x42fc05;0x16;__stdcall;;uchar
;CDSChain::CDSChain_Remove;0x42fc30;0x67;__thiscall;;uchar;CDSChain*;int*
;CDSChain::CDSChain_dtor;0x42fcd0;0x5b;__fastcall;;uchar;uint*
;CDSCollection::CDSCollection_DeserializeElement;0x42fd40;0x91;__fastcall;;void*;CDSStreamStorage*
;CDSCollection::Catch@0042fdd1;0x42fdd1;0x13;__stdcall;;uchar
;_Globals::FUN_0042fdf0;0x42fdf0;0x129;__thiscall;;uchar;void*;int*;uint;int;uchar*;uint
;CDSCollection::CDSCollection_SerializeElement;0x42ff20;0x63;__thiscall;;uchar;CDSCollection*;uint*
;CDSFilterStream::FlushStream;0x42ff90;0xa;__fastcall;;uchar;int
;CDSFilterStream::GetSize;0x42ffa0;0x35;__fastcall;;longlong;CDSFilterStream*
;CDSStreamException::CDSStreamException_GetClassRegistry;0x42ffe0;0x6;__stdcall;;uchar*
;CDSException::CDSException_ReleaseViaFlag;0x42fff0;0x10;__fastcall;;uchar;int*
;CDSStreamException::CDSStreamException_dtor;0x430000;0x7e;__fastcall;;uchar;uint*
;CDSFilterStream::CDSFilterStream_GetTypeInfo;0x430080;0x6;__stdcall;;uchar*
;CDSFilterStream::TellPosition;0x430090;0xd;__fastcall;;undefined8;int
;CDSFilterStream::CDSFilterStream_ScalarDeletingDtor_thunk_Sub14;0x4300a0;0x8;__thiscall;;uchar;CDSFilterStream*;uchar
;CDSFilterStream::CDSFilterStream_ScalarDeletingDtor_thunk;0x4300b0;0x8;__thiscall;;uchar;CDSFilterStream*;uchar
;CDSFilterStream::CDSFilterStream_ScalarDeletingDtor_thunk;0x4300c0;0x8;__thiscall;;uchar;CDSFilterStream*;uchar
;CDSFilterStream::GetStreamName;0x4300d0;0x20;__thiscall;;uint;CDSFilterStream*;uint
;CDSStreamException::CDSStreamException_ctor;0x4300f0;0xb6;__thiscall;;CDSStreamException*;CDSStreamException*;uint;int*
;CDSStreamException::CDSStreamException_ctor_win32;0x4301b0;0xb4;__thiscall;;CDSStreamException*;CDSStreamException*;uint;int*;uint
;_Globals::RaiseStreamException;0x430270;0x6d;__cdecl;;void;uint;int*
;_Globals::ThrowStreamErrorNoReturn;0x4302e0;0x72;__cdecl;;void;uint;int*;uint
;CDSStreamException::CDSStreamException_FormatMessage;0x430360;0x9f;__thiscall;;uchar*;CDSStreamException*;wchar_t*
;CDSFilterStream::CDSFilterStream_ReleaseInnerStream;0x430400;0x1a;__fastcall;;uchar;int
;CDSFilterStream::ReadBytes;0x430420;0x65;__thiscall;;void;CDSFilterStream*;void*;uint
;CDSFilterStream::WriteBytes;0x430490;0x65;__thiscall;;void;CDSFilterStream*;void*;uint
;CDSFilterStream::SeekPosition;0x430500;0xbe;__thiscall;;uchar;CDSFilterStream*;uint;int;int
;CDSFilterStream::LockRegion;0x4305c0;0x70;__thiscall;;uchar;CDSFilterStream*;uint;int;uint;int
;CDSFilterStream::UnlockRegion;0x430640;0x70;__thiscall;;uchar;CDSFilterStream*;uint;int;uint;int
;CDSEasyMemStream::ReleaseBackingBuffer;0x4306c0;0x1e;__fastcall;;uchar;int
;CDSEasyMemStream::FUN_004306e0;0x4306e0;0x10d;__thiscall;;uchar;CDSEasyMemStream*;int
;CDSEasyMemStream::ReadBytes;0x4307f0;0xcd;__thiscall;;uchar;CDSEasyMemStream*;void*;size_t
;CDSEasyMemStream::WriteBytes;0x4308c0;0xbf;__thiscall;;uchar;CDSEasyMemStream*;void*;size_t
;CDSEasyMemStream::SeekPosition;0x430980;0x6a;__thiscall;;uchar;CDSEasyMemStream*;int;uint;int
;CDSEasyMemStream::SetStreamSize;0x4309f0;0x4f;__thiscall;;uchar;CDSEasyMemStream*;uint;uint
;CDSEasyMemStream::GetStreamName;0x430a40;0x27;__stdcall;;uchar;uchar
;_Globals::FUN_00430a70;0x430a70;0x14;__fastcall;;uchar;int
;CDSStreamException::FUN_00430a90;0x430a90;0x81;__stdcall;;uint*
;CDSStreamException::CDSStreamException_ScalarDeletingDtor;0x430b20;0x1e;__thiscall;;CDSStreamException*;CDSStreamException*;uchar
;CDSFilterStream::CDSFilterStream_dtor;0x430b90;0x7a;__fastcall;;uchar;uint*
;CDSFilterStream::CloseStream;0x430c10;0x14;__fastcall;;uchar;int
;CDSFilterStream::CDSFilterStream_ScalarDeletingDtor;0x430c30;0x1e;__thiscall;;CDSFilterStream*;CDSFilterStream*;uchar
;CDSFilterStream::RaiseUnsupportedOperation;0x430c90;0xd;__thiscall;;uchar;CDSFilterStream*;uint
;CDSFilterStream::CDSFilterStream_BindSource;0x430ca0;0x5b;__thiscall;;uchar;CDSFilterStream*;int*;uint;uint;uint;uint
;CDSFilterStream::SetStreamSize;0x430d00;0x53;__thiscall;;uchar;CDSFilterStream*;uint;uint
;CDSEasyMemStream::FUN_00430d60;0x430d60;0x4e;__thiscall;;uchar;CDSEasyMemStream*;uchar*;uint
;CDSEasyMemStream::LockRegion;0x430db0;0x7;__fastcall;;uchar;CDSFilterStream*
;CDSEasyMemStream::UnlockRegion;0x430dc0;0x7;__fastcall;;uchar;CDSFilterStream*
;CDSFilterStream::CDSFilterStream_Ctor;0x430dd0;0x94;__thiscall;;CDSFilterStream*;CDSFilterStream*;int*;uint;uint;uint;uint
;_Globals::FUN_00430e70;0x430e70;0xcb;__thiscall;;CDSEasyMemStream*;void*;uint;void*
;CDSFilterStream::CDSFilterStream_ChainedNewInstance;0x430f40;0xbe;__fastcall;;CDSFilterStream*;int
;CDSCollection::CDSCollection_Resize;0x431000;0x64;__thiscall;;uchar;CDSCollection*;int;char
;_Globals::CDSCollection_EnsureCapacity;0x431070;0x3c;__thiscall;;uchar;void*;int
;_Globals::CDSCollection_Insert;0x4310b0;0x4a;__thiscall;;int;void*;uint;int
;_Globals::CDSCollection_Remove;0x431100;0x6a;__thiscall;;uchar;void*;int;int;char
;CDSStreamStorage::CDSStreamStorage_FindKeyIndex;0x431170;0x95;__thiscall;;int;CDSStreamStorage*;int;uchar*
;CDSCollection::CDSCollection_Save;0x431210;0x4d;__thiscall;;void;CDSCollection*;int*
;CDSCollection::CDSCollection_ctor;0x431260;0x5d;__fastcall;;uchar;CDSCollection*
;CDSUpdatedItem::CDSCollection_InsertKeyed;0x4312c0;0x91;__thiscall;;int;CDSUpdatedItem*;int;uchar*;int
;CDSCollection::CDSCollection_Load;0x431360;0xc1;__thiscall;;void;CDSCollection*;CDSStreamStorage*
;_Globals::Catch@004313f5;0x4313f5;0x18;__stdcall;;uchar
;CDSJpegImage::jpeg_CDSStreamStorage_dst;0x431510;0x3e;__cdecl;;uchar;int;uint
;_Globals::CDSJpegImage_InitJpegErrorMgr;0x431590;0x23;__cdecl;;uchar;uint*
;_Globals::FUN_004315d0;0x4315d0;0x54;__cdecl;;uchar;int;int
;_Globals::fill_input_buffer;0x431670;0x42;__cdecl;;uint;int
;_Globals::jpeg_skip_input_data;0x4316c0;0x31;__cdecl;;uchar;int;int
;_Globals::jpeg_CDSStreamStorage_src;0x431700;0x83;__cdecl;;uchar;int;int*;uint
;_Globals::CDSJpegMemPool_BumpAlloc;0x431790;0x89;__cdecl;;int;int;int;int
;_Globals::Catch@00431819;0x431819;0x2f;__stdcall;;uchar*
;_Globals::FUN_00431851;0x431851;0x2d;__stdcall;;int
;_Globals::FUN_00431890;0x431890;0x53;__cdecl;;int;int;int;int;uint
;_Globals::FUN_004318f0;0x4318f0;0x56;__cdecl;;int;int;int;int;uint
;_Globals::jpeg_realize_virt_arrays;0x4319d0;0x97;__cdecl;;uchar;int
;_Globals::jinit_memory_mgr;0x431a70;0x44;__cdecl;;uchar;int
;_Globals::Catch@00431ab4;0x431ab4;0x2f;__stdcall;;uchar*
;_Globals::FUN_00431ae8;0x431ae8;0x79;__stdcall;;uchar
;_Globals::CDSJpegImage::DecompressToImage;0x431b70;0x139;__cdecl;;uchar;int*;uint;void*
;_Globals::Catch@00431ca9;0x431ca9;0x15;__stdcall;;uchar
;CDSJpegImage::CDSJpegImage_Load;0x431cc0;0x2b;__thiscall;;uchar;CDSJpegImage*;int*
;CDSJpegImage_InitVtables;0x431cf0;0x60;__fastcall;;uchar;uint*
;CDSJpegImage::CDSJpegImage_GetTypeInfo;0x431d50;0x6;__stdcall;;uchar*
;CDSJpegImage::FUN_00431d60;0x431d60;0x3;__stdcall;;uchar
;CDSJpegImage::CDSJpegImage_ScalarDeletingDtor_thunk_Sub4;0x431d70;0x8;__thiscall;;uchar;CDSJpegImage*;uchar
;CDSJpegImage::CDSJpegImage_ScalarDeletingDtor_thunk_Sub4c;0x431d80;0x8;__thiscall;;uchar;CDSJpegImage*;uchar
;CDSImage::CDSChain_AdjustThisOffset_ThisMinus48;0x431d90;0x8;__fastcall;;uchar;int
;CDSJpegImage::CDSJpegImage_ScalarDeletingDtorThunk;0x431da0;0x8;__thiscall;;uchar;CDSJpegImage*;uchar
;CDSJpegImage::CDSJpegImage_ScalarDeletingDtor_thunk;0x431db0;0x8;__thiscall;;uchar;CDSJpegImage*;uchar
;CDSImage::CDSImage_ReleaseRefcount_thunk_Sub4;0x431dc0;0x8;__fastcall;;uchar;int
;CDSImage::CDSImage_ReleaseRefThunk;0x431dd0;0x8;__fastcall;;uchar;int
;CDSJpegImage::CDSJpegImage_dtor;0x431de0;0x6e;__fastcall;;void;CDSJpegImage*
;CDSJpegImage::CompressFromImage;0x431e50;0x1d7;__cdecl;;uchar;uint;CPoemScroller*;int
;_Globals::Catch@00431f98;0x431f98;0x15;__stdcall;;uchar
;CDSJpegImage::CDSJpegImage_Save;0x432030;0x36;__thiscall;;uchar;CDSJpegImage*;uint
;CDSJpegImage::CDSJpegImage_ScalarDeletingDtor;0x432090;0x1e;__thiscall;;CDSJpegImage*;CDSJpegImage*;uchar
;CDSBmpImage::CDSBmpImage_LoadDibStream;0x4320c0;0x170;__thiscall;;void;CDSBmpImage*;CDSFilterStream*
;CDSBmpImage::CDSBmpImage_GetClassData;0x432290;0x6;__stdcall;;uchar*
;CDSBmpImage::CDSBmpImage_scalar_deleting_dtor_thunk_n0x4c;0x4322a0;0x8;__thiscall;;uchar;CDSBmpImage*;uchar
;CDSBmpImage::CDSBmpImage_scalar_deleting_dtor_thunk_n0x54;0x4322b0;0x8;__thiscall;;uchar;CDSBmpImage*;uchar
;CDSBmpImage::CDSBmpImage_scalar_deleting_dtor_thunk_n0x58;0x4322c0;0x8;__thiscall;;uchar;CDSBmpImage*;uchar
;CDSImage::CDSChain_AdjustThisOffset_ThisMinus54;0x4322d0;0x8;__fastcall;;uchar;int
;CDSBmpImage::CDSBmpImage_scalar_deleting_dtor_thunk_n0x4;0x4322e0;0x8;__thiscall;;uchar;CDSBmpImage*;uchar
;CDSImage::CDSImage_ReleaseRefcount;0x4322f0;0x29;__fastcall;;uchar;int
;CDSImage::CDSImage_ReleaseRefcount_thunk_Sub58;0x432320;0x8;__fastcall;;uchar;int
;CDSBmpImage::CDSBmpImage_ctor;0x432330;0x95;__thiscall;;CDSBmpImage*;CDSBmpImage*;int*;int;char
;CDSObject::CDSObject::CDSObject_dtor_withImage;0x4323d0;0x6e;__fastcall;;uchar;uint*
;CDSBmpImage::CDSBmpImage_SaveDibStream;0x432440;0x297;__thiscall;;void;CDSBmpImage*;CDSStreamStorage*
;CDSBmpImage::CDSBmpImage_scalar_deleting_dtor;0x432700;0x1e;__thiscall;;CDSBmpImage*;CDSBmpImage*;uchar
;CDSFlxFile::DecodeRleColor;0x432740;0x38;__cdecl;;uchar;int;ushort*;uchar*
;CDSFlxFile::DecodeDeltaColor;0x432780;0x55;__cdecl;;uchar;int;ushort*;uchar*
;CDSFlxFile::DecodeCopyColor;0x4327e0;0x18;__cdecl;;uchar;size_t;void*;void*
;CDSFlxFile::DecodePaletteRgb;0x432800;0x39;__cdecl;;uchar;int;uchar*;ushort*
;CDSFlxFile::ResetCursor;0x432840;0xd;__stdcall;;uchar;uint*
;CDSFlxFile::DecodeRegionList;0x432850;0x83;__cdecl;;uchar;int;uchar*;CDSFlxFile*
;CDSFlxFile::GetClassRegistry;0x4328e0;0x6;__stdcall;;uchar*
;CDSFlxFile::CDSFlxFile_Sub1cDtor;0x4328f0;0x8;__thiscall;;uchar;CDSFlxFile*;uchar
;CDSFlxFile::CDSFlxFile_Sub20ChainOp;0x432900;0x8;__fastcall;;uchar;int
;CDSFlxFile::CDSFlxFile_Sub04Dtor;0x432910;0x8;__thiscall;;uchar;CDSFlxFile*;uchar
;CDSFlxFile::CDSFlxFile_Sub24Dtor;0x432920;0x8;__thiscall;;uchar;CDSFlxFile*;uchar
;CDSFlxFile::CDSFlxFile_Sub24ChainOp;0x432930;0x8;__fastcall;;uchar;int
;CDSFlxFile::CDSFlxFile_Sub28Dtor;0x432940;0x8;__thiscall;;uchar;CDSFlxFile*;uchar
;CDSFlxFile::ReleaseRef;0x432950;0x29;__fastcall;;uchar;int
;CDSFlxFile::CDSFlxFile_Sub1cRelease;0x432980;0x8;__fastcall;;uchar;int
;CDSFlxFile::CDSFlxFile_Sub04Release;0x432990;0x8;__fastcall;;uchar;int
;CDSFlxFile::CDSFlxFile_Sub24Release;0x4329a0;0x8;__fastcall;;uchar;int
;CDSFlxFile::CDSFlxFile_Sub28Release;0x4329b0;0x8;__fastcall;;uchar;int
;CDSFlxFile::DestructInPlace;0x4329c0;0x83;__fastcall;;uchar;uint*
;CDSFlxFile::ScalarDeletingDtor;0x432aa0;0x1e;__thiscall;;CDSFlxFile*;CDSFlxFile*;uchar
;CDSFlxFile::CDSFlxFile_BindStream;0x432ac0;0x9d;__thiscall;;uchar;CDSFlxFile*;int*
;CDSFlxFile::CDSFlxFile_CloseStream;0x432b60;0x72;__fastcall;;void;CDSFlxFile*
;CDSFlxFile::CreateBoundClone;0x432be0;0x71;__fastcall;;uchar;CDSFlxFile*
;CDSFlxFile::DecodeFrame;0x432c60;0x1f1;__thiscall;;uchar;CDSFlxFile*;uint*;CDSFlxFile*
;CDSMpxStream::SaveMpxFile;0x432eb0;0x55;__thiscall;;uchar;CDSMpxStream*;int*
;CDSMpx::CDSMpx_GetTypeInfo;0x432f10;0x6;__stdcall;;uchar*
;CDSMpx::CDSMpx_AdjustOffsetDtor;0x432f20;0x8;__thiscall;;uchar;CDSMpx*;uchar
;CDSMpx::CDSMpx_ScalarDeletingDtor_thunk_Sub18;0x432f30;0x8;__thiscall;;uchar;CDSMpx*;uchar
;CDSMpx::CDSMpx_dtor;0x432f40;0x7b;__fastcall;;uchar;uint*
;CDSMpx::CDSMpx_vDtor;0x432fc0;0x1e;__thiscall;;CDSMpx*;CDSMpx*;uchar
;CDSMpxStream::CDSMpxStream_GetTypeInfo;0x432fe0;0x6;__stdcall;;uchar*
;CDSMpxStream::CDSMpxStream_ScalarDeletingDtor_thunk_Sub18;0x432ff0;0x8;__thiscall;;uchar;CDSMpxStream*;uchar
;CDSMpxStream::CDSMpxStream_ScalarDeletingDtor_thunk_Sub38;0x433000;0x8;__thiscall;;uchar;CDSMpxStream*;uchar
;CDSDsmFile::CDSChain_AdjustThisOffset_ThisMinus38;0x433010;0x8;__fastcall;;uchar;int
;CDSMpxStream::CDSMpxStream_ScalarDeletingDtor_thunk_Sub3c;0x433020;0x8;__thiscall;;uchar;CDSMpxStream*;uchar
;CDSMpxStream::CDSMpxStream_AdjustOffsetDtor;0x433030;0x8;__thiscall;;uchar;CDSMpxStream*;uchar
;CDSWav::CDSWav_ReleaseRefcount;0x433040;0x29;__fastcall;;uchar;int
;CDSWav::CDSWav_ReleaseChild_thunk_Sub18;0x433070;0x8;__fastcall;;uchar;int
;CDSMpxStream::CDSWav_ReleaseChild_thunk_Sub38;0x433080;0x8;__fastcall;;uchar;int
;CDSMpxStream::CDSWav_ReleaseChild_thunk_Sub3c;0x433090;0x8;__fastcall;;uchar;int
;CDSWav::CDSWav_ReleaseChild;0x4330a0;0x8;__fastcall;;uchar;int
;CDSMpxStream::CDSMpxStream_dtor;0x4330b0;0x5a;__fastcall;;void;CDSMpxStream*
;CDSMpxStream::CDSMpxStream_ScalarDeletingDtor;0x433160;0x1e;__thiscall;;CDSMpxStream*;CDSMpxStream*;uchar
;CDSMpxStream::LoadMpxFile;0x433180;0x52;__thiscall;;uchar;CDSMpxStream*;int*
;_Globals::CBulanci_CloseFindHandle;0x4331e0;0x13;__fastcall;;uchar;int
;_Globals::FUN_00433200;0x433200;0x7a;__thiscall;;uchar;void*;int*
;CPoemScroller::rect_Intersect;0x433280;0x48;__thiscall;;void;CPoemScroller*;tagRECT*
;CBulanci::CDSRect_ClampToBounds;0x4332d0;0x50;__thiscall;;void;CBulanci*;int*;int*
;CBulanci::CBulanci_OpenFindFirst;0x433320;0xba;__thiscall;;uchar;CBulanci*;LPCWSTR
;CDSFileStream::CloseFileHandle;0x4333e0;0x1b;__fastcall;;void;int
;CDSFileStream::ReadBytes;0x433400;0x64;__thiscall;;void;CDSFileStream*;void*;DWORD
;CDSFileStream::WriteBytes;0x433470;0x4e;__thiscall;;void;CDSFileStream*;void*;DWORD
;CDSFileStream::LockRegion;0x4334c0;0x47;__thiscall;;void;CDSFileStream*;DWORD;DWORD;DWORD;DWORD
;CDSFileStream::UnlockRegion;0x433510;0x47;__thiscall;;void;CDSFileStream*;DWORD;DWORD;DWORD;DWORD
;CDSFileStream::SeekPosition;0x433560;0x76;__thiscall;;void;CDSFileStream*;long;long;DWORD
;CDSFileStream::SetStreamSize;0x4335e0;0x78;__thiscall;;void;CDSFileStream*;uint;uint
;CDSFileStream::GetSize;0x433660;0x54;__thiscall;;longlong;CDSFileStream*
;CDSFileStream::TellPosition;0x4336c0;0x60;__thiscall;;longlong;CDSFileStream*
;CDSFileStream::FlushStream;0x433720;0x27;__thiscall;;void;CDSFileStream*
;CDSFileStream::CDSFileStream_Open;0x433750;0x127;__thiscall;;uchar;CDSFileStream*;LPCWSTR;DWORD
;CDSFileStream::CDSFileStream_CreateInstance;0x4338d0;0x70;__fastcall;;uchar;int
;CDSStrmResInfo::CDSStrmResInfo_Serialize;0x433940;0x31;__thiscall;;uchar;CDSStrmResInfo*;int*
;CDSStrmResInfo::CDSStrmResInfo_Deserialize;0x433980;0x31;__thiscall;;void;CDSStrmResInfo*;CDSStreamStorage*
;CDSStreamStorage::CDSStreamStorage_GetStreamCount;0x4339c0;0x4;__thiscall;;uint;CDSStreamStorage*
;CDSStreamStorage::CDSStreamStorage_GetStreamEntry;0x4339d0;0xd;__thiscall;;uint;CDSStreamStorage*;int
;_Globals::FUN_004339e0;0x4339e0;0xa;__fastcall;;uchar;uint*
;CDSResInfo::CDSResInfo_GetTypeInfo;0x4339f0;0x6;__stdcall;;uchar*
;CDSResInfo::CDSResInfo_ScalarDeletingDtorThunk;0x433a00;0x8;__thiscall;;uchar;CDSResInfo*;uchar
;CDSResInfo::CDSResInfo_dtor;0x433a10;0x59;__fastcall;;uchar;uint*
;CDSResInfo::CDSResInfo_ScalarDeletingDtor;0x433a70;0x1e;__thiscall;;CDSResInfo*;CDSResInfo*;uchar
;CDSStrmResInfo::CDSStrmResInfo_GetTypeInfo;0x433a90;0x6;__stdcall;;uchar*
;CDSSafeStream::CDSSafeStream_ctor;0x433ab0;0xa3;__thiscall;;CDSSafeStream*;CDSSafeStream*;int*
;CDSSafeStream::CDSSafeStream_GetTypeInfo;0x433b60;0x6;__stdcall;;uchar*
;CDSSafeStream::CDSSafeStream_Close;0x433b70;0x14;__fastcall;;uchar;int
;CDSSafeStream::CDSSafeStream_ScalarDeletingDtor;0x433b90;0x8;__thiscall;;uchar;CDSSafeStream*;uchar
;CDSSafeStream::CDSSafeStream_ScalarDeletingDtor_thunk_Sub0c;0x433ba0;0x8;__thiscall;;uchar;CDSSafeStream*;uchar
;CDSSafeStream::CDSSafeStream_ScalarDeletingDtor_thunk_Sub14;0x433bb0;0x8;__thiscall;;uchar;CDSSafeStream*;uchar
;CDSSafeStream::CDSSafeStream_dtor;0x433bc0;0x92;__fastcall;;void;CDSSafeStream*
;CDSQueueStream::CDSQueueStream_ReleaseRefcount;0x433c60;0x29;__fastcall;;uchar;int
;CDSSafeStream::CDSSafeStream_ScalarDeletingDtor;0x433c90;0x1e;__thiscall;;CDSSafeStream*;CDSSafeStream*;uchar
;CDSStreamStorage::CDSStreamStorage_CloseStreamByKey;0x433cb0;0xa3;__thiscall;;uint;CDSStreamStorage*;uint
;CDSQueueStream::CDSQueueStream_ReleaseRefcount_thunk_Sub0c;0x433d60;0x8;__fastcall;;uchar;int
;CDSSafeStream::CDSSafeStream_ReleaseViaChained;0x433d70;0x8;__fastcall;;uchar;int
;CDSStrmStgLoadingInfo::CDSStrmStgLoadingInfo_GetTypeInfo;0x433db0;0x6;__stdcall;;uchar*
;CDSChained::CDSChained_ScalarDeletingDtor_thunk;0x433dc0;0x8;__thiscall;;uchar;CDSChained*;uchar
;CDSChained::CDSChained_ScalarDeletingDtor;0x433dd0;0x1e;__thiscall;;CDSChained*;CDSChained*;uchar
;CDSStreamStorage::CDSStreamStorage_dtor;0x433e60;0x9f;__fastcall;;void;CDSStreamStorage*
;CDSStreamStorage::FUN_00433f00;0x433f00;0x68;__fastcall;;uint*;int
;CDSStreamStorage::FUN_00433f70;0x433f70;0x148;__thiscall;;void*;CDSStreamStorage*;CDSStreamStorage*;CDSStreamStorage*
;CDSStreamStorage::CDSStreamStorage_OpenStream;0x434110;0x21;__thiscall;;uchar;CDSStreamStorage*;uint;CDSStreamStorage*
;CDSStreamStorage::CDSStreamStorage_GetStreamByIndex;0x434140;0x18;__thiscall;;uchar;CDSStreamStorage*;int;CDSStreamStorage*
;CBulanci::FUN_00434160;0x434160;0xac;__thiscall;;uchar;CBulanci*;int*
;CBulanci::Catch@0043420c;0x43420c;0x14;__stdcall;;uchar
;_Globals::FUN_00434250;0x434250;0x13;__fastcall;;uchar;int
;CDSResInfo::CDSResInfo_ReleaseEmbeddedResource;0x434270;0x16;__fastcall;;uchar;int
;CDSResInfo::CDSResInfo_Load;0x434290;0x2b;__thiscall;;uchar;CDSResInfo*;int*
;CDSResInfo::CDSResInfo_Save;0x4342c0;0x2b;__thiscall;;uchar;CDSResInfo*;int*
;CDSResourceSign::CDSResourceSign_WriteToStream;0x434310;0x37;__thiscall;;void;CDSResourceSign*;CDSFilterStream*
;CDSResourceException::CDSResourceException_What;0x434350;0x25;__thiscall;;uchar*;CDSResourceException*;wchar_t*
;CDSStreamStorage::CDSStreamStorage_AddRefHeldObject;0x434380;0x16;__fastcall;;uint;int
;CDSResourceSign::CDSResourceSign_ReadFromStream;0x4343a0;0x55;__thiscall;;uchar;CDSResourceSign*;int*
;CDSStreamStorage::CDSResourceException_ctor;0x434400;0x28;__thiscall;;CDSStreamStorage*;CDSStreamStorage*;uint
;CDSResourceException::CDSResourceException_GetClassTable;0x434430;0x6;__stdcall;;uchar*
;CDSResourceException::CDSResourceException_dtor;0x434440;0x56;__fastcall;;uchar;uint*
;CDSResourceException::CDSResourceException_ctor;0x4344a0;0x1f;__fastcall;;CDSException*;CDSException*
;_Globals::FUN_004344c0;0x4344c0;0xe;__fastcall;;uchar;int*
;_Globals::CreateObject;0x4344d0;0x64;__stdcall;;CDSException*
;CDSResourceSign::CDSResourceSign_ctor;0x434540;0x7e;__fastcall;;uint*;uint*
;CDSResourceSign::CDSResourceSign_GetClassData;0x4345c0;0x6;__stdcall;;uchar*
;CDSResourceSign::CDSResourceSign_scalar_deleting_dtor_thunk_n0x4;0x4345d0;0x8;__thiscall;;uchar;CDSResourceSign*;uchar
;CDSResourceSign::CDSResourceSign_scalar_deleting_dtor_thunk_n0x8;0x4345e0;0x8;__thiscall;;uchar;CDSResourceSign*;uchar
;CDSResourceSign::CDSResourceSign_scalar_deleting_dtor_thunk_n0x10;0x4345f0;0x8;__thiscall;;uchar;CDSResourceSign*;uchar
;CDSStreamStorage::CDSChain_AdjustThisOffset_ThisMinus4;0x434600;0x8;__fastcall;;uchar;int
;CDSResourceSign::CDSResourceSign_Release;0x434610;0x29;__fastcall;;uchar;int
;CDSResourceSign::CDSResourceSign_Release_thunk_n0x4;0x434640;0x8;__fastcall;;uchar;int
;CDSResourceSign::CDSResourceSign_Release_thunk_n0x8;0x434650;0x8;__fastcall;;uchar;int
;CDSResourceSign::CDSResourceSign_Release_thunk_n0x10;0x434660;0x8;__fastcall;;uchar;int
;CDSResourceSign::CDSResourceSign_dtor;0x434670;0x7c;__fastcall;;uchar;uint*
;CDSStreamStorage::FUN_004346f0;0x4346f0;0x68;__stdcall;;uchar;uint
;CDSStreamStorage::FUN_00434760;0x434760;0x16a;__thiscall;;void*;CDSStreamStorage*;int*;uint;int;uint;int;uint
;CDSStreamStorage::Catch@004348ca;0x4348ca;0x13;__stdcall;;uchar
;CDSResourceException::CDSResourceException_DtorScalar;0x4348e0;0x1e;__thiscall;;CDSResourceException*;CDSResourceException*;uchar
;_Globals::InitializeAndAllocate;0x434930;0x64;__stdcall;;uint*
;CDSResourceSign::CDSResourceSign_scalar_deleting_dtor;0x4349a0;0x1e;__thiscall;;CDSResourceSign*;CDSResourceSign*;uchar
;CDSMemoryException::CDSMemoryException_What;0x4349c0;0x1c;__thiscall;;CDSMemoryException*;CDSMemoryException*;wchar_t*
;_Globals::Runtime_ThrowBadAlloc;0x4349e0;0x20;__stdcall;;void;uchar*
;CDSException::CDSException_InitBaseFields;0x434a10;0x18;__fastcall;;uchar;uint*
;CDSException::CDSException_GetTypeInfo;0x434a30;0x6;__stdcall;;uchar*
;CDSException::CDSException_InitFields;0x434a40;0x27;__thiscall;;uchar;CDSException*;uint;uint;CDSException
;CDSMemoryException::CDSMemoryException_ctor;0x434a70;0x1f;__fastcall;;CDSException*;CDSException*
;CDSMemoryException::CDSMemoryException_GetClassTable;0x434a90;0x6;__stdcall;;uchar*
;CDSSimpleException::CDSSimpleException_GetClassTable;0x434ac0;0x6;__stdcall;;uchar*
;CDSSimpleException::CDSSimpleException_What;0x434ad0;0x7;__thiscall;;uint;CDSSimpleException*;uint
;CDSException::CDSException_DtorScalar;0x434ae0;0x1f;__thiscall;;CDSException*;CDSException*;uchar
;CDSApiException::CDSApiException_GetClassTable;0x434b00;0x6;__stdcall;;uchar*
;CItemInfo::CDSObject_GetThis;0x434b10;0x3;__thiscall;;uint;CItemInfo*
;CDSApiException::CDSApiException_dtor;0x434b20;0x56;__fastcall;;uchar;uint*
;CDSException::CDSException_GetMessageW;0x434b80;0x49;__fastcall;;wchar_t*;CDSException*
;_Globals::CDsStringFromWin32ErrorCode;0x434bd0;0x50;__cdecl;;uchar;uchar;DWORD
;CDSSimpleException::CDSSimpleException_Throw;0x434c20;0x42;__stdcall;;uchar;uint;uint
;CDSApiException::CDSApiException_What;0x434c70;0x84;__thiscall;;uchar*;CDSApiException*;wchar_t*
;CDSApiException::CDSApiException_ThrowFromGetLastError;0x434d00;0x4c;__stdcall;;uchar
;CDSApiException::CDSApiException_ThrowFromWin32;0x434d50;0x4a;__stdcall;;uchar;uint
;CDSApiException::CDSApiException_DtorScalar;0x434e10;0x1e;__thiscall;;CDSApiException*;CDSApiException*;uchar
;_Globals::CDSGZipStream_Decompress_static;0x434e30;0xaa;__cdecl;;uint;uint;int;uint*;uint
;_Globals::CDSGZipStream_Compress_static;0x434ee0;0xac;__cdecl;;uint;uint;int;uint*;uint
;CDSGZipStream::IDSStream_UnlockRegion_ThrowUnsupported;0x434f90;0x7;__fastcall;;uchar;CDSFilterStream*
;CDSGZipStreamData::CDSGZipStreamData_GetTypeInfo;0x434fa0;0x6;__stdcall;;uchar*
;CDSGZipStreamData::CDSGZipStreamData_ScalarDeletingDtor_thunk_Sub4;0x434fb0;0x8;__thiscall;;uchar;CDSGZipStreamData*;uchar
;CDSGZipStreamData::CDSGZipStreamData_dtor;0x434fc0;0x66;__fastcall;;uchar;uint*
;CDSGZipStreamData::CDSGZipStreamData_ScalarDeletingDtor;0x435030;0x1e;__thiscall;;CDSGZipStreamData*;CDSGZipStreamData*;uchar
;_Globals::CDSGZipStream__ReadBufferAt;0x435050;0xf0;__thiscall;;uchar;void*;uint;uint
;_Globals::CDSGZipStream__WriteBuffer;0x435140;0xd8;__fastcall;;uchar;int
;CDSGZipStream::ReadBytes;0x435220;0xb5;__thiscall;;uchar;CDSGZipStream*;void*;uint
;CDSGZipStream::WriteBytes;0x4352e0;0x7c;__thiscall;;uchar;CDSGZipStream*;void*;uint
;CDSGZipStream::GetSize;0x435360;0x2a;__fastcall;;undefined8;uint
;CDSGZipStream::TellPosition;0x435390;0x2c;__fastcall;;undefined8;uint
;CDSGZipStream::SeekPosition;0x4353c0;0xa9;__thiscall;;uchar;CDSGZipStream*;uint;uint;int
;_Globals::CDSGZipStream__CloseInt;0x4354a0;0x17d;__fastcall;;uchar;int
;_Globals::CDSGZipStream__AllocateBuffers;0x435670;0x6a;__fastcall;;uchar;int
;CBulanci::CDSGZipStream__Open;0x4356e0;0x27e;__thiscall;;void;CBulanci*;int*;uint
;CBulanci::CDSGZipStream_Ctor;0x435960;0x93;__thiscall;;CDSGZipStream*;CBulanci*;int*;uint
;CBulanci::Catch@004359f3;0x4359f3;0x2c;__stdcall;;uchar
;CDSGZipStream::CDSGZipStream__InitFromOpenInfo;0x435a20;0xb7;__thiscall;;uchar;CDSGZipStream*;int
;CDSGZipStream::CDSGZipStream_ctor;0x435ae0;0x8d;__thiscall;;uchar;CDSGZipStream*;int
;CDSGZipStream::Catch@00435b6d;0x435b6d;0x2c;__stdcall;;uchar
;CDSGZipStream::CDSGZipStream_ChainedNewInstance;0x435ba0;0x6d;__fastcall;;uchar;int
;CPoemScroller::CPoemScroller_ColorDistanceL1;0x435c20;0x44;__thiscall;;int;CPoemScroller*;uint
;_Globals::MapBitCountToFormat;0x435c70;0x47;__cdecl;;uint;uint
;_Globals::SampleSourcePixel_Indexed1;0x435d00;0x30;__cdecl;;uchar;uint;int;int;int
;_Globals::SampleSourcePixel_Indexed2;0x435d30;0x32;__cdecl;;uchar;uint;int;int;int
;_Globals::SampleSourcePixel_Indexed4;0x435d70;0x32;__cdecl;;uchar;uint;int;int;int
;_Globals::FUN_00435db0;0x435db0;0x1a;__cdecl;;uchar;int;int;int;int
;_Globals::Blit_ReadDstPixel_16bpp;0x435dd0;0x1f;__cdecl;;ushort;int;int;int;int
;_Globals::CDSImage_GetPixel24;0x435df0;0x29;__cdecl;;uint;int;int;int;int
;_Globals::FUN_00435e20;0x435e20;0x1d;__cdecl;;uint;int;int;int;int
;_Globals::Blit_WriteDstPixel_8bpp;0x435f30;0x1c;__cdecl;;uchar;int;int;uchar;int;int
;_Globals::Blit_WriteDstPixel_16bpp;0x435f50;0x21;__cdecl;;uchar;int;int;ushort;int;int
;_Globals::CDSImage_PutPixel24;0x435f80;0x2b;__cdecl;;uchar;int;int;uint;int;int
;_Globals::Blit_WriteDstPixel_32bpp;0x435fb0;0x21;__cdecl;;uchar;int;int;uint;int;int
;CDSImage::ComputeBufferSize;0x435fe0;0x3f;__thiscall;;int;CDSImage*;char
;CDSBmpImage::CDSBmpImage_ValidateStride;0x436020;0x35;__thiscall;;bool;CDSBmpImage*;char
;CDSBmpImage::CDSBmpImage_FillBitmapInfoHeader;0x436060;0x6a;__thiscall;;void;CDSBmpImage*;BITMAPINFOHEADER*
;_Globals::GetPaletteBuffer;0x4360d0;0x19;__fastcall;;int;int
;_Globals::GetColorPlane;0x4360f0;0x1b;__fastcall;;int;int
;CPoemScroller::CPoemScroller_GetPaletteEntry;0x436110;0x15;__thiscall;;uchar;CPoemScroller*;uint*;int
;CPoemScroller::CPoemScroller_SampleSourcePixel;0x436130;0x2a;__thiscall;;uchar;CPoemScroller*;uint;uint
;CPoemScroller::FUN_00436160;0x436160;0x31;__thiscall;;uint;CPoemScroller*;uint;uint;uint
;CPoemScroller::CPoemScroller_OpaqueBlitPixel_Indexed1;0x4361a0;0x62;__thiscall;;uchar;CPoemScroller*;int*;uint;uint
;CPoemScroller::CPoemScroller_FindNearestPaletteIndex;0x436210;0x57;__fastcall;;int;CPoemScroller*
;CPoemScroller::CPoemScroller_BlitPixelViaFormatTable;0x436270;0x80;__thiscall;;uint;CPoemScroller*;uint;uint;uint
;CDSImage::ComputeAllocationSize;0x4362f0;0x1e;__fastcall;;int;CDSImage*
;CPoemScroller::CDSImage_DrawHorizontalLine;0x436310;0x108;__thiscall;;uchar;CPoemScroller*;int;int;int;uint;int
;CPoemScroller::CDSImage_DrawVerticalLine;0x436420;0x108;__thiscall;;uchar;CPoemScroller*;int;int;int;uint;int
;CPoemScroller::CPoemScroller_DrawRectOutline;0x436530;0xba;__thiscall;;uchar;CPoemScroller*;int*;uint;int
;CPoemScroller::CPoemScroller_FillRect;0x4365f0;0x158;__thiscall;;uchar;CPoemScroller*;int*;uint;int
;_Globals::CDSBackBuffer_ClearPreFlipFields;0x436750;0x9;__fastcall;;uchar;int
;CPoemScroller::FUN_00436760;0x436760;0x8;__fastcall;;uchar;int
;CPoemScroller::BlitOpaqueFallback;0x436770;0x160;__thiscall;;uchar;CPoemScroller*;int*;CPoemScroller*;int*
;CPoemScroller::BlitDispatch;0x4368d0;0x390;__thiscall;;uchar;CPoemScroller*;int*;CPoemScroller*;int*;uint*
;CDSImage::CDSImage_Save;0x436c60;0xbe;__thiscall;;void;CDSImage*;CDSStreamStorage*
;_Globals::FUN_00436d20;0x436d20;0x2c;__thiscall;;uchar;void*;uint*
;_Globals::CDSImage::FreeBuffers;0x436d50;0x37;__fastcall;;uchar;int
;_Globals::FUN_00436d90;0x436d90;0x7a;__thiscall;;uchar;void*;int
;CPoemScroller::CPoemScroller_SetBlitMask;0x436e10;0x2b;__thiscall;;uchar;CPoemScroller*;uint
;_Globals::NotifyDirtyRect;0x436e40;0x33;__thiscall;;uchar;void*;uint;uint
;CDSFlxFile::NotifyMove;0x436e80;0x2d;__thiscall;;uchar;CDSFlxFile*;uint
;CDSFlxFile::NotifyRegionList;0x436eb0;0x34;__thiscall;;uchar;CDSFlxFile*;uint;uint
;_Globals::BroadcastFrameTimeHint;0x436ef0;0x2d;__thiscall;;void;void*;uint
;_Globals::FUN_00436f20;0x436f20;0x20;__thiscall;;uchar;void*;uint*
;_Globals::CDSImage::Allocate;0x436f40;0xae;__thiscall;;uchar;void*;int;uint;int;char;int
;CDSFlxFile::AllocMaskPlane;0x436ff0;0x35;__fastcall;;void;CDSFlxDecodeConsumer_t*
;_Globals::CDSView_CopyColorPlane;0x437030;0x49;__thiscall;;uchar;void*;void*
;_Globals::NotifyDirtyAll;0x437080;0x2a;__fastcall;;uchar;void*
;_Globals::FUN_004370b0;0x4370b0;0xa2;__thiscall;;uchar;void*;uint
;CDSImage::CDSImage_Load;0x437160;0x125;__thiscall;;void;CDSImage*;CDSStreamStorage*
;CDSFont::CDSFont::Read;0x4372b0;0x37;__thiscall;;uchar;CDSFont*;int*
;CDSFont::CDSFont::ReadNoAlloc;0x4372f0;0x37;__thiscall;;uchar;CDSFont*;int*
;_Globals::CDSFont::GetCharWidth;0x437330;0x3f;__thiscall;;uint;void*;uchar;uchar*
;_Globals::CDSFont::DrawChar;0x437370;0xcf;__thiscall;;uchar;void*;uchar;CPoemScroller*;int*;int;uchar*;uint*
;_Globals::WideCharToMultiByte_Wrapper;0x437440;0xc2;__thiscall;;uchar;void*;LPCWSTR;UINT
;CDSFont::CDSFont_GetTypeInfo;0x437510;0x6;__stdcall;;uchar*
;CDSImage::CDSImage_ScalarDeletingDtorThunk;0x437520;0x8;__thiscall;;uchar;CDSImage*;uchar
;CDSImage::CDSImage_ScalarDeletingDtor_thunk_Sub58;0x437530;0x8;__thiscall;;uchar;CDSImage*;uchar
;CDSImage::CDSFont_ScalarDeletingDtor_thunk_Sub4c;0x437540;0x8;__thiscall;;uchar;CDSImage*;uchar
;CDSImage::CDSImage_ReleaseRefcount_thunk_Sub4c;0x437550;0x8;__fastcall;;uchar;int
;CDSImage::CDSImage_ScalarDeletingDtor;0x4375c0;0x1e;__thiscall;;CDSImage*;CDSImage*;uchar
;_Globals::TextShaper_LayOutAndRender;0x4375e0;0x4da;__stdcall;;uchar;LPCWSTR;uint*;CPoemScroller*;uint*
;_Globals::CDSRegKey_CloseKey;0x437b00;0x14;__fastcall;;uchar;uint*
;CDSRegKeyException::CDSRegKeyException_GetClassTable;0x437b20;0x6;__stdcall;;uchar*
;CDSRegKeyException::CDSRegKeyException::CDSRegKeyException_dtor;0x437b30;0x6a;__fastcall;;uchar;uint*
;CDSRegKeyException::CDSRegKeyException_Ctor;0x437ba0;0x94;__thiscall;;CDSRegKeyException*;CDSRegKeyException*;uint;int
;CDSRegKeyException::CDSRegKeyException_What;0x437c40;0x8a;__thiscall;;wchar_t*;CDSRegKeyException*;wchar_t*
;_Globals::CDSRegKeyException_ThrowFromWin32;0x437cd0;0x84;__stdcall;;uchar;uint
;_Globals::InitializeRegistryKey;0x437d60;0xba;__thiscall;;uchar;void*;HKEY;LPCWSTR;REGSAM
;CBulanci::RegOpenKey;0x437e20;0xaf;__thiscall;;uchar;CBulanci*;HKEY;LPCWSTR;uchar*
;_Globals::ThrowRegKeyException;0x437ed0;0x6c;__stdcall;;uchar;uint;uint
;CBulanci::RegQueryDword;0x437f40;0x62;__thiscall;;uint;CBulanci*;LPCWSTR
;CDSApp::RegWriteDword;0x437fb0;0x2f;__thiscall;;uchar;CDSApp*;LPCWSTR
;CBulanci::RegWriteBinaryStream;0x437fe0;0xe0;__thiscall;;uchar;CBulanci*;uint;int*
;CDSRegKeyException::FUN_004380c0;0x4380c0;0x7b;__stdcall;;uint*
;CDSRegKeyException::CDSRegKeyException_DtorScalar;0x438140;0x1e;__thiscall;;CDSRegKeyException*;CDSRegKeyException*;uchar
;CBulanci::RegQueryBinaryStream;0x438160;0x15a;__thiscall;;uchar;CBulanci*;LPCWSTR;int*
;_Globals::CDSScript::SetBytecodeIP;0x4382d0;0xa;__thiscall;;uchar;void*;uint
;_Globals::CDSScript_GetGlobalVar;0x4382e0;0xd;__thiscall;;uint;void*;int
;_Globals::CDSScript_SetGlobalVar;0x4382f0;0x11;__thiscall;;uchar;void*;int;uint
;CDSScript::InstallOpcodeTable;0x438310;0x2e;__thiscall;;uchar;CDSScript*;int;void*;int
;CBulanci::CDSView_NoOpStub;0x438340;0x3;__stdcall;;uchar
;CDSScript::ReadI32;0x438350;0x10;__fastcall;;uint;int
;CDSScript::ReadU16;0x438360;0x11;__fastcall;;ushort;int
;CDSScript::ReadU8;0x438380;0x10;__fastcall;;uint;int
;CDSScript::ctor;0x438390;0x45;__fastcall;;CDSScript*;CDSScript*
;CDSScript::CDSScript_GetTypeInfo;0x4383e0;0x6;__stdcall;;uchar*
;CDSScript::CDSScript_AdjustOffsetDtor;0x4383f0;0x8;__thiscall;;uchar;CDSScript*;uchar
;CDSScript::CDSScript_dtor;0x438400;0x8f;__fastcall;;uchar;uint*
;_Globals::CDSScript_GetGlobalVar;0x4384a0;0x19;__cdecl;;uchar;void*
;CDSScript::ReadSubExpr;0x4384c0;0x17;__fastcall;;uchar;int
;_Globals::StrCharAt;0x4388a0;0x1d;__cdecl;;ushort;int
;_Globals::CDSScript_And;0x438900;0x1b;__cdecl;;uint;int
;_Globals::CDSScript_Or;0x438920;0x1b;__cdecl;;uint;int
;_Globals::CDSScript_StrmCreateMem;0x438960;0x8c;__cdecl;;CDSEasyMemStream*;int
;_Globals::CDSScript_Run;0x438b30;0x10b;__thiscall;;uint;void*;uint;int;void*
;_Globals::Catch@00438bef;0x438bef;0x15;__stdcall;;uchar
;CDSScript::CallExport;0x438c40;0x21;__thiscall;;uint;CDSScript*;int;int;void*
;CDSScript::CDSScript_ScalarDeletingDtor;0x438c90;0x1e;__thiscall;;CDSScript*;CDSScript*;uchar
;_Globals::CDSScript_Rand;0x438cb0;0x36;__cdecl;;int;int
;_Globals::CDSScript_Add;0x438cf0;0x1b;__cdecl;;int;int
;_Globals::CDSScript_Mul;0x438d30;0x1c;__cdecl;;int;int
;_Globals::CDSScript_Div;0x438d50;0x20;__cdecl;;int;int
;CLevelScript::CLevelScript_Serialize;0x438e40;0xd0;__thiscall;;uchar;CLevelScript*;int*
;CBulAnim::IDSAnim_NotifyEvents;0x438f20;0x3d;__thiscall;;uchar;CBulAnim*;uint;int;int
;CBulAnim::IDSAnim_BindUserData;0x438f60;0x20;__thiscall;;uchar;CBulAnim*;uint;int*
;CBulanci::CDSView_EmptyHook27;0x438f80;0x3;__stdcall;;uchar
;_Globals::TM_BindSequence;0x438f90;0x1f;__thiscall;;uchar;void*;int*
;_Globals::TM_RewindCurrent;0x438fb0;0x1e;__fastcall;;uchar;int
;_Globals::FUN_00438fd0;0x438fd0;0x8;__thiscall;;uchar;void*;uint
;_Globals::TM_RenderFrame;0x438fe0;0x29;__thiscall;;uchar;void*;char
;CBulAnim::SetPalette;0x439010;0x34;__thiscall;;void;CBulAnim*;uint*
;ODSImage::SetOwner;0x439050;0x24;__thiscall;;uchar;ODSImage*;uchar
;_Globals::TM_TickBlit;0x439080;0x43;__fastcall;;uchar;int
;CExitDlg::FUN_004390d0;0x4390d0;0x2e;__thiscall;;uchar;CExitDlg*;char
;_Globals::ODSImage::SetImage;0x439100;0xce;__thiscall;;uchar;void*;int*
;CBulAnim::IDSAnim_SetSequence_thunk;0x4391d0;0x10;__thiscall;;uchar;CBulAnim*;uint;int*
;_Globals::TM_SetTrack;0x4391e0;0x8d;__thiscall;;uchar;void*;int;int;uint*
;_Globals::AnimInner_Init;0x439270;0x2b;__thiscall;;uchar;void*;void*
;CBulAnim::IDSAnim_SelectRandomTrack;0x4392a0;0x3d;__thiscall;;uchar;CBulAnim*;uint;short
;_Globals::AnimInner_Teardown;0x4392e0;0x65;__fastcall;;uchar;void*
;_Globals::AnimInner_InitParam;0x439350;0x7b;__thiscall;;void*;void*;int*;int
;CDSBitmap::CDSBitmap_ctor;0x4393d0;0x9e;__thiscall;;CDSBitmap*;CDSBitmap*;uint;uint;int*
;CDSAnim::DefaultCtor;0x439470;0x98;__fastcall;;CDSAnim*;CDSAnim*;uint
;CDSAnim::GetTypeInfo;0x439510;0x6;__stdcall;;uchar*
;CBulAnim::CBulAnim::Sub04Dtor_thunk;0x439520;0x8;__thiscall;;uchar;CBulAnim*;uchar
;CBulAnim::CBulAnim_Sub10Dtor_thunk;0x439530;0x8;__thiscall;;uchar;CBulAnim*;uchar
;CBulAnim::Sub18Dtor_thunk;0x439540;0x8;__thiscall;;uchar;CBulAnim*;uchar
;CBulAnim::Sub78ChainOp_thunk;0x439550;0x8;__fastcall;;uchar;int
;CDSAnim::ParameterizedCtor;0x439560;0xaa;__thiscall;;CDSAnim*;CDSAnim*;uint;uint;int*;int
;_Globals::CreateObject;0x439610;0x64;__stdcall;;uchar
;_Globals::CreateObject;0x439680;0x67;__stdcall;;uchar
;CBulAnim::ScalarDeletingDtor;0x4396f0;0x1e;__thiscall;;CBulAnim*;CBulAnim*;uchar
;_Globals::FUN_00439710;0x439710;0xa;__thiscall;;uchar;void*;uint
;CGameView::TM_SetFrameDelayOverrideMs;0x439720;0xa;__thiscall;;void;CGameView*;int
;_Globals::FUN_00439730;0x439730;0xa1;__thiscall;;int;void*;int;uchar*;int
;_Globals::FUN_004397e0;0x4397e0;0x5e;__cdecl;;uchar;uint*;uint*;int
;_Globals::TM_PauseAndStampClock;0x439840;0x3d;__fastcall;;uchar;int
;CGaming::FUN_00439880;0x439880;0x30;__fastcall;;uchar;int
;_Globals::TM_ClearTracks;0x4398b0;0x4f;__thiscall;;uchar;void*;int
;_Globals::CDSVideoPlayer_EnsureCapacity;0x439900;0x3b;__thiscall;;uchar;void*;uint
;_Globals::TM_Play;0x439940;0x25;__thiscall;;uchar;void*;uchar
;CGaming::CGaming_PauseClockIfActive;0x439970;0x1e;__fastcall;;uchar;int
;_Globals::FUN_00439990;0x439990;0x16;__fastcall;;uint;int
;_Globals::TM_AdvanceFrame;0x4399b0;0x80;__fastcall;;void;int
;_Globals::TM_SeekToFrame;0x439a30;0x32;__thiscall;;uchar;void*;int
;_Globals::FUN_00439a70;0x439a70;0x4b;__thiscall;;int;void*;uint*;int
;CDSDsmFile::InitializeChildObject;0x439ac0;0x7a;__fastcall;;CDSObject*;CDSDsmFile*
;_Globals::BeginCurrentTrackPlayback;0x439b40;0x41;__fastcall;;uchar;int
;CDSVideoPlayer::CDSVideoPlayer_AdvanceFrameAndPauseIfDone;0x439b90;0x28;__fastcall;;uchar;int
;_Globals::FUN_00439bc0;0x439bc0;0xf;__fastcall;;uchar;void*
;_Globals::InsertOrFindTrack;0x439bd0;0x9e;__thiscall;;int;void*;uint*;uchar*;int
;CDSObject::ConstructTrackManager;0x439c70;0x96;__fastcall;;CDSObject*;CDSObject*
;CDSVideoPlayer::CDSVideoPlayer_GetTypeInfo;0x439d10;0x6;__stdcall;;uchar*
;CDSVideoPlayer::CDSVideoPlayer_DtorScalar;0x439d20;0x8;__thiscall;;uchar;CDSVideoPlayer*;uchar
;CDSVideoPlayer::CDSVideoPlayer_TM_Destructor;0x439d30;0xc5;__fastcall;;uchar;uint*
;_Globals::AddTrackSource;0x439e00;0x79;__thiscall;;uchar;void*;int*
;_Globals::Catch@00439e79;0x439e79;0x28;__stdcall;;uchar
;_Globals::SetCurrentTrack;0x439eb0;0x96;__thiscall;;uchar;void*;int;char
;_Globals::CreateObject;0x439f50;0x64;__stdcall;;uint*
;CDSVideoPlayer::CDSVideoPlayer_ScalarDeletingDtor;0x439fc0;0x1e;__thiscall;;CDSVideoPlayer*;CDSVideoPlayer*;uchar
;_Globals::FUN_00439fe0;0x439fe0;0x12;__fastcall;;uchar;int
;_Globals::ComputeDurationMs;0x43a000;0x29;__fastcall;;undefined8;int
;_Globals::FUN_0043a030;0x43a030;0x28;__thiscall;;uchar;void*;uint
;_Globals::CDSAudioPlayer_ApplyEffectiveVolume;0x43a060;0x69;__thiscall;;void;void*;char
;_Globals::CDSAudioPlayer_SetVolumePercent;0x43a0d0;0x14;__thiscall;;void;void*;uint
;_Globals::CDSAudioPlayer_RefillDirectSoundBuffer;0x43a0f0;0xf7;__fastcall;;bool;int
;_Globals::CDSAudioPlayer_OnPlaybackTick;0x43a1f0;0x15b;__fastcall;;bool;uint
;CDSDirectSound::FUN_0043a350;0x43a350;0x133;__fastcall;;uchar;int
;CDSDirectSound::Catch@0043a483;0x43a483;0x10;__stdcall;;uchar
;_Globals::CDSAudioPlayer_Stop;0x43a4a0;0x4a;__thiscall;;uchar;void*;uchar
;CDSAudioPlayer::CDSAudioPlayer_ctor;0x43a4f0;0x77;__fastcall;;void;CDSAudioPlayer*
;CDSAudioPlayer::CDSAudioPlayer_GetTypeInfo;0x43a570;0x6;__stdcall;;uchar*
;CDSAudioPlayer::CDSAudioPlayer_ScalarDeletingDtor_thunk_Sub4;0x43a580;0x8;__thiscall;;uchar;CDSAudioPlayer*;uchar
;_Globals::CDSAudioPlayer_StopAll;0x43a590;0x46;__stdcall;;uchar
;_Globals::CDSAudio_ApplyPanTable;0x43a5e0;0x49;__cdecl;;uchar;void*;int
;CDSAudioPlayer::CDSAudioPlayer_dtor;0x43a650;0xea;__fastcall;;void;CDSAudioPlayer*
;CDSAudioPlayer::CDSAudioPlayer_ScalarDeletingDtor;0x43a740;0x1e;__thiscall;;CDSAudioPlayer*;CDSAudioPlayer*;uchar
;_Globals::CDSAudioPlayer_Init;0x43a760;0x270;__thiscall;;uchar;void*;int*;uint;uint;uchar*
;_Globals::CDSAudioPlayer_Play;0x43a9d0;0x93;__thiscall;;uchar;void*;uchar
;CGaming::FUN_0043aa70;0x43aa70;0x6e;__fastcall;;uchar;void*
;_Globals::CDSDirectPlay_ResetMembers;0x43aae0;0x5d;__fastcall;;uchar;int
;CGame::CDSDirectPlay_Receive;0x43ab70;0x2e;__thiscall;;uchar;CGame*;uint;uint;uint
;CMenu::CDSDirectPlaySender_Bind;0x43aba0;0x11;__thiscall;;uchar;CMenu*;uint;uint
;_Globals::CDSDirectPlaySender_Unbind;0x43abc0;0x8;__fastcall;;uchar;int
;CMenu::CDSDirectPlay_InitializeConnection;0x43abd0;0x2c;__fastcall;;uchar;int
;CGame::CDSDirectPlay_EnumSessions;0x43ac00;0x97;__thiscall;;void;CGame*
;CMenu::CDSDirectPlay_CreateLocalPlayer;0x43aca0;0x3e;__fastcall;;void;uchar
;_Globals::CDSDirectPlay_CloseSession;0x43ace0;0x3e;__fastcall;;uchar;int
;CDSDirectPlaySender::CDSDirectPlaySender_ThreadEntry;0x43ad20;0x35;__fastcall;;void;CDSDirectPlaySender*
;_Globals::FUN_0043ad55;0x43ad55;0xc7;__stdcall;;uchar
;_Globals::Catch@0043ade5;0x43ade5;0x19;__stdcall;;uchar
;_Globals::CDSDirectPlay_Shutdown;0x43ae20;0x4b;__fastcall;;uchar;int
;CMenu::CDSDirectPlay_SetGuids;0x43ae70;0x90;__thiscall;;uchar;CMenu*;uint*;uint*
;CMenu::CDSDirectPlay_HostSession;0x43af00;0x9b;__thiscall;;uchar;CMenu*;uint
;CMenu::CDSDirectPlay_JoinSession;0x43afa0;0xb2;__thiscall;;void;CMenu*;uint*
;CDSObject::CDSDirectPlaySender_ctor;0x43b060;0xb7;__fastcall;;CDSDirectPlaySender*;CDSDirectPlaySender*
;CDSDirectPlaySender::CDSDirectPlaySender_GetTypeID_thunk;0x43b120;0x6;__stdcall;;uchar*
;CDSDirectPlaySender::CDSDirectPlaySender_GetTypeID;0x43b130;0x6;__stdcall;;uchar*
;CDSDirectPlaySender::CDSDirectPlaySender_scalar_deleting_dtor_thunk;0x43b140;0x8;__thiscall;;uchar;CDSDirectPlaySender*;uchar
;CDSDirectPlaySender::CDSDirectPlaySender_dtor_body;0x43b150;0xad;__fastcall;;void;CDSDirectPlaySender*
;_Globals::CreateObject;0x43b200;0x64;__stdcall;;uint*
;CDSDirectPlay::CDSDirectPlay_ctor;0x43b270;0x5e;__fastcall;;CDSDirectPlay*;CDSDirectPlay*
;CDSDirectPlay::CDSDirectPlay_GetClassTable;0x43b2d0;0x6;__stdcall;;uchar*
;CDSDirectPlay::CDSDirectPlay_dtor_body;0x43b2e0;0x76;__fastcall;;void;CDSDirectPlay*
;CMenu::CDSDirectPlay_ConnectTCP;0x43b360;0x151;__cdecl;;uchar;uchar;uint*;uint*;char*
;CDSDirectPlaySender::CDSDirectPlaySender_scalar_deleting_dtor;0x43b530;0x1e;__thiscall;;CDSDirectPlaySender*;CDSDirectPlaySender*;uchar
;_Globals::CDSDirectPlaySender_EnsureScratchBuffer;0x43b550;0x3c;__thiscall;;uchar;void*;uchar*
;_Globals::CreateObject;0x43b590;0x67;__stdcall;;uint*
;CDSDirectPlay::CDSDirectPlay_scalar_deleting_dtor;0x43b600;0x1e;__thiscall;;CDSDirectPlay*;CDSDirectPlay*;uchar
;CMenu::CDSDirectPlay_ConnectLobby;0x43b620;0x5d;__thiscall;;uchar;CMenu*;uint*;uint*
;_Globals::CDSDirectPlaySender_EnqueueSend;0x43b680;0x4f;__thiscall;;uchar;void*;void*;uchar*
;_Globals::CDSDirectPlay_Send;0x43b6d0;0x15;__thiscall;;uchar;void*;uint;void*;uchar*
;CDSDirectXException::CDSDirectXException_LookupStringIdForHresult;0x43b6f0;0x29;__cdecl;;uint;int
;CDSDirectXException::FUN_0043b720;0x43b720;0x2e;__cdecl;;int;int;int
;CDSDirectXException::CDSDirectXException_GetClassTable;0x43b750;0x6;__stdcall;;uchar*
;CDSDirectXException::CDSDirectXException_dtor;0x43b760;0x56;__fastcall;;uchar;uint*
;CDSDirectXException::CDSDirectXException_What;0x43b7c0;0x60;__thiscall;;uchar*;CDSDirectXException*;wchar_t*
;CDSDirectXException::CDSDirectXException_ThrowFromHresult;0x43b820;0x85;__stdcall;;uchar;uint;uint
;CDSDirectXException::FUN_0043b8b0;0x43b8b0;0x78;__stdcall;;uint*
;CDSDirectXException::CDSDirectXException_DtorScalar;0x43b930;0x1e;__thiscall;;CDSDirectXException*;CDSDirectXException*;uchar
;CDSWav::CDSWav_HandleAcquireReadThunk;0x43b950;0x3;__stdcall;;uint
;CDSWav::CDSWav_HandleResourceRead;0x43b960;0x87;__thiscall;;uchar;CDSWav*;uint*;int;uint
;CDSWav::FUN_0043ba30;0x43ba30;0x69;__fastcall;;uchar;int
;CDSWavStream::CDSWavStream_SaveToStream;0x43bab0;0x46;__thiscall;;uchar;CDSWavStream*;int*
;CDSWavStream::FUN_0043bb50;0x43bb50;0x43;__thiscall;;uchar;CDSWavStream*;int*
;CDSAudioVideoPlayer::SetupTrack;0x43bba0;0x4d;__thiscall;;uchar;CDSAudioVideoPlayer*;int*;int*;uint;uchar*
;CDSAudioVideoPlayer::Play;0x43bbf0;0x8;__thiscall;;uchar;CDSAudioVideoPlayer*;uchar
;_Globals::CDSAudioVideoPlayer_Stop;0x43bc00;0xb;__fastcall;;uchar;int
;CDSAudioVideoPlayer::CDSAudioVideoPlayer_dtor;0x43bc10;0x72;__fastcall;;uchar;uint*
;CDSAudioVideoPlayer::CDSAudioVideoPlayer_GetTypeInfo;0x43bc90;0x6;__stdcall;;uchar*
;CDSAudioVideoPlayer::Constructor;0x43bca0;0xa0;__fastcall;;uint*;uint*
;CDSAudioVideoPlayer::CDSAudioVideoPlayer_ScalarDeletingDtor;0x43bd40;0x1e;__thiscall;;CDSAudioVideoPlayer*;CDSAudioVideoPlayer*;uchar
;_Globals::CreateObject;0x43bd60;0x64;__stdcall;;uint*
;CDSDsmFile::InitializeSourceRegion;0x43bde0;0x98;__thiscall;;uchar;CDSDsmFile*;int;int;int
;CDSDsmFile::Catch@0043be78;0x43be78;0x17;__stdcall;;uchar
;_Globals::FUN_0043be90;0x43be90;0x18;__fastcall;;uchar;int
;CDSQueueStream::GetSize;0x43beb0;0x25;__fastcall;;uchar;uint
;CDSQueueStream::TellPosition;0x43bee0;0x25;__fastcall;;uchar;uint
;CDSQueueStream::SetStreamSize;0x43bf10;0x6c;__thiscall;;uchar;CDSQueueStream*;uint;uint
;CDSQueueStream::SeekPosition;0x43bf80;0x6b;__thiscall;;uchar;CDSQueueStream*;int;uint;int
;CDSGZipStream::IDSStream_LockRegion_ThrowUnsupported;0x43bff0;0x7;__fastcall;;uchar;CDSFilterStream*
;CDSQueueStream::ReadBytes;0x43c000;0xae;__thiscall;;void;CDSQueueStream*;void*;size_t
;CDSQueueStream::WriteBytes;0x43c0b0;0xae;__thiscall;;void;CDSQueueStream*;void*;size_t
;CDSQueueStream::GetStreamName;0x43c1a0;0x27;__stdcall;;uchar;uchar
;_Globals::CDSMemQueue_Init;0x43c1d0;0x1b;__thiscall;;uchar;void*;uint
;_Globals::FUN_0043c1f0;0x43c1f0;0xf;__fastcall;;uchar;int
;_Globals::FUN_0043c200;0x43c200;0xf;__fastcall;;uchar;int
;_Globals::FUN_0043c210;0x43c210;0xc7;__thiscall;;uchar;void*;void*;void*
;_Globals::Catch@0043c2ab;0x43c2ab;0x11;__stdcall;;uchar
;CDSDsmFile::HandleQueueSkip;0x43c2e0;0x80;__thiscall;;uchar;CDSDsmFile*;int
;CDSDsmFile::Catch@0043c360;0x43c360;0x11;__stdcall;;uchar
;CDSMpx::CDSMpx_ResetStreamState;0x43c380;0x1b;__fastcall;;uchar;int
;CDSMemQueue::CDSMemQueue_InitDefault;0x43c3a0;0x1a;__fastcall;;uint;uint*
;CDSMemQueue::CDSMemQueue_GetTypeInfo;0x43c3c0;0x6;__stdcall;;uchar*
;CDSMemQueue::CDSMemQueue_dtor;0x43c3d0;0x7d;__fastcall;;uchar;uint*
;CDSDsmFile::HandleQueueResize;0x43c450;0xfc;__thiscall;;void;CDSDsmFile*;int
;CDSMemQueue::CDSMemQueue_ScalarDeletingDtor;0x43c570;0x1e;__thiscall;;uchar;CDSMemQueue*;uchar
;CDSMpx::FUN_0043c590;0x43c590;0x89;__thiscall;;uchar;CDSMpx*;uchar*;uint;char
;CDSDsmFile::HandleQueueWrite;0x43c620;0xb2;__thiscall;;void;CDSDsmFile*;void*;uint
;CDSDsmFile::Catch@0043c6d2;0x43c6d2;0x11;__stdcall;;uchar
;CDSDsmFile::HandleQueueAppendStream;0x43c6f0;0xaa;__thiscall;;void;CDSDsmFile*;int*;int
;CDSDsmFile::Catch@0043c79a;0x43c79a;0x11;__stdcall;;uchar
;CDSObject::CDSDirectSound_ctor;0x43c7c0;0xdd;__fastcall;;uint*;CDSDirectSound*
;CDSDirectSound::CDSDirectSound_GetTypeInfo;0x43c8a0;0x6;__stdcall;;uchar*
;CDSDirectSound::~CDSDirectSound;0x43c8b0;0xc3;__fastcall;;uchar;uint*
;_Globals::CDSDirectSound_DuplicateSoundBuffer;0x43c980;0x2b;__thiscall;;uint;void*;uint
;CBulanci::FUN_0043c9b0;0x43c9b0;0x38;__fastcall;;uchar;int
;CDSApp::CDSApp_FillPCMWaveFormat;0x43c9f0;0x4a;__cdecl;;uchar;ushort*;ushort;int;ushort
;CGame::CDSObject_ReleaseViaVtable_ThisMinus1c;0x43ca40;0x8;__fastcall;;uchar;int
;CDSDirectSound::CDSDirectSound_DtorScalar_minus04;0x43ca50;0x8;__thiscall;;uchar;CDSDirectSound*;uchar
;CDSDirectSound::CDSDirectSound_ScalarDeletingDtor_thunk_Sub24;0x43ca60;0x8;__thiscall;;uchar;CDSDirectSound*;uchar
;CDSDirectSound::CDSObject_ReleaseViaVtable_ThisMinus24;0x43ca70;0x8;__fastcall;;uchar;int
;CDSDirectSound::CDSDirectSound_DtorScalar_minus1c;0x43ca80;0x8;__thiscall;;uchar;CDSDirectSound*;uchar
;_Globals::CreateObject;0x43ca90;0x64;__stdcall;;uint*
;CDSDirectSound::CDSDirectSound_ScalarDeletingDtor;0x43cb00;0x1e;__thiscall;;CDSDirectSound*;CDSDirectSound*;uchar
;CDSApp::CDSApp_CreateSoundBuffer;0x43cb20;0x92;__thiscall;;int;CDSApp*;ushort;int;ushort;uint;uint
;CDSApp::CDSDirectSound_InitPrimary;0x43cbc0;0xf0;__thiscall;;uchar;CDSApp*;uint;ushort;int;ushort
;CDSDirectSound::CDSDirectSound_SignalEventIfVoicesActive;0x43ccb0;0x47;__fastcall;;void;CDSDirectSound*
;CDSDirectSound::CDSDirectSound__WorkerThreadLoop;0x43cd00;0xb5;__fastcall;;void;CDSDirectSound*
;CDSDirectSound::CDSDirectSound_OnMouseButtonDown;0x43cdc0;0x88;__thiscall;;uchar;CDSDirectSound*;int*
;_Globals::BlitOpaque_Indexed1_to_Indexed1;0x43ce50;0xb1;__cdecl;;uchar;int*;uint*;int;int;int;int
;_Globals::BlitOpaque_Indexed1_to_RGB565;0x43cf10;0xe3;__cdecl;;uchar;int*;uint*;int;int;int;int;int
;_Globals::BlitOpaque_Indexed1_to_BGR24;0x43d000;0xce;__cdecl;;uchar;int*;uint*;int;int;int;int;int
;_Globals::BlitOpaque_Indexed1_to_BGRA32;0x43d0d0;0xc4;__cdecl;;uchar;int*;uint*;int;int;int;int;int
;_Globals::BlitOpaque_Indexed2_to_Indexed8;0x43d1a0;0xb3;__cdecl;;uchar;int*;uint*;int;int;int;int
;_Globals::BlitOpaque_Indexed2_to_RGB565;0x43d260;0xe5;__cdecl;;uchar;int*;uint*;int;int;int;int;int
;_Globals::BlitOpaque_Indexed2_to_BGR24;0x43d350;0xd0;__cdecl;;uchar;int*;uint*;int;int;int;int;int
;_Globals::Blit_Opaque_2bpp_32bpp;0x43d420;0xc6;__cdecl;;uchar;int*;uint*;int;int;int;int;int
;_Globals::BlitOpaque_Indexed4_to_Indexed8;0x43d4f0;0xb1;__cdecl;;uchar;int*;uint*;int;int;int;int
;_Globals::FUN_0043d5b0;0x43d5b0;0xe3;__cdecl;;uchar;int*;uint*;int;int;int;int;int
;_Globals::Blit_Opaque_4bpp_24bpp;0x43d6a0;0xc7;__cdecl;;uchar;int*;uint*;int;int;int;int;int
;_Globals::BlitOpaque_Indexed4_to_BGRA32;0x43d770;0xc4;__cdecl;;uchar;int*;uint*;int;int;int;int;int
;_Globals::Blit_Opaque_Indexed8_to_Indexed8;0x43d840;0x8c;__cdecl;;uchar;int*;int*;int;int;int;int
;_Globals::BlitOpaque_Palette8_to_RGB565;0x43d8d0;0xbd;__cdecl;;uchar;int*;int*;int;int;int;int;int
;_Globals::BlitOpaque_Indexed8_to_BGR24;0x43d990;0xa8;__cdecl;;uchar;int*;int*;int;int;int;int;int
;_Globals::BlitOpaque_Indexed8_to_BGRA32;0x43da40;0x9e;__cdecl;;uchar;int*;int*;int;int;int;int;int
;_Globals::FUN_0043dae0;0x43dae0;0xd2;__cdecl;;uchar;int*;int*;int;int;int;int;uint;int
;_Globals::BlitOpaque_RGB565_to_RGB565;0x43dbc0;0x96;__cdecl;;uchar;int*;int*;int;int;int;int
;_Globals::Blit_Opaque_16bpp_24bpp;0x43dc60;0xcb;__cdecl;;uchar;int*;int*;int;int;int;int
;_Globals::BlitOpaque_RGB565_to_BGRA32;0x43dd30;0xc1;__cdecl;;uchar;int*;int*;int;int;int;int
;_Globals::BlitOpaque_BGR24_to_Palette8;0x43de00;0xb8;__cdecl;;uchar;int*;int*;int;int;int;int;uint;int
;_Globals::Blit_Opaque_24bpp_16bpp;0x43dec0;0xc6;__cdecl;;uchar;int*;int*;int;int;int;int
;_Globals::BlitOpaque_BGR24_to_BGR24;0x43df90;0xa2;__cdecl;;uchar;int*;int*;int;int;int;int
;_Globals::FUN_0043e040;0x43e040;0xa7;__cdecl;;uchar;int*;int*;int;int;int;int
;_Globals::BlitOpaque_BGRA32_to_Palette8;0x43e0f0;0xaf;__cdecl;;uchar;int*;int*;int;int;int;int;uint;int
;_Globals::BlitOpaque_BGRA32_to_RGB565;0x43e1a0;0xbd;__cdecl;;uchar;int*;int*;int;int;int;int
;_Globals::BlitOpaque_BGRA32_to_BGR24;0x43e260;0xa8;__cdecl;;uchar;int*;int*;int;int;int;int
;_Globals::BlitOpaque_BGRA32_to_BGRA32;0x43e310;0x9f;__cdecl;;uchar;int*;int*;int;int;int;int
;_Globals::BlitDestKey_Indexed1_to_RGB565;0x43e3b0;0xe8;__cdecl;;uchar;int*;uint*;int;int;int;int;int;uint
;_Globals::BlitDestKey_Indexed1_to_BGR24;0x43e4a0;0xd1;__cdecl;;uchar;int*;uint*;int;int;int;int;int;uint
;_Globals::Blit_DestKey_1bpp_32bpp;0x43e580;0xc7;__cdecl;;uchar;int*;uint*;int;int;int;int;int;uint
;_Globals::BlitChromaKey_Indexed2_to_RGB565;0x43e650;0xea;__cdecl;;uchar;int*;uint*;int;int;int;int;int;uint
;_Globals::FUN_0043e740;0x43e740;0xd3;__cdecl;;uchar;int*;uint*;int;int;int;int;int;uint
;_Globals::Blit_DestKey_2bpp_32bpp;0x43e820;0xc9;__cdecl;;uchar;int*;uint*;int;int;int;int;int;uint
;_Globals::BlitDestKey_Indexed4_to_RGB565;0x43e8f0;0xe8;__cdecl;;uchar;int*;uint*;int;int;int;int;int;uint
;_Globals::BlitChromaKey_Indexed4_to_BGR24;0x43e9e0;0xd1;__cdecl;;uchar;int*;uint*;int;int;int;int;int;uint
;_Globals::Blit_ChromaKey_4bpp_32bpp;0x43eac0;0xc7;__cdecl;;uchar;int*;uint*;int;int;int;int;int;uint
;_Globals::BlitDestKey_Indexed8_to_RGB565;0x43eb90;0xc2;__cdecl;;uchar;int*;int*;int;int;int;int;int;uint
;_Globals::BlitDestKey_Idx8_to_BGR24;0x43ec60;0xab;__cdecl;;uchar;int*;int*;int;int;int;int;int;uint
;_Globals::Blit_DestKey_8bpp_32bpp;0x43ed10;0xa3;__cdecl;;uchar;int*;int*;int;int;int;int;int;uint
;_Globals::BlitDestKey_RGB565_to_RGB565;0x43edc0;0x9e;__cdecl;;uchar;int*;int*;int;int;int;int;uint;uint
;_Globals::BlitChromaKey_RGB565_to_BGR24;0x43ee60;0xd0;__cdecl;;uchar;int*;int*;int;int;int;int;uint;uint
;_Globals::Blit_ChromaKey_16bpp_32bpp;0x43ef30;0xc6;__cdecl;;uchar;int*;int*;int;int;int;int;uint;uint
;_Globals::Blit_DestKey_24bpp_16bpp;0x43f000;0xcb;__cdecl;;uchar;int*;int*;int;int;int;int;uint;uint
;_Globals::BlitDestKey_24to24;0x43f0d0;0xb6;__cdecl;;uchar;int*;int*;int;int;int;int;uint;uint
;_Globals::BlitDestKey_BGR24_to_BGRA32;0x43f190;0xac;__cdecl;;uchar;int*;int*;int;int;int;int;uint;uint
;_Globals::BlitDestKey_BGRA32_to_RGB565;0x43f240;0xc2;__cdecl;;uchar;int*;int*;int;int;int;int;uint;int
;_Globals::BlitDestKey_BGRA32_to_BGR24;0x43f310;0xad;__cdecl;;uchar;int*;int*;int;int;int;int;uint;int
;_Globals::Blit_DestKey_32bpp_32bpp;0x43f3c0;0xa3;__cdecl;;uchar;int*;int*;int;int;int;int;uint;int
;_Globals::BlitChromaKey;0x43f470;0x1bd;__cdecl;;uchar;int*;uint*;int;int;int;int;int;uint;uint
;_Globals::BlitChromaKey_Indexed1_to_BGR24;0x43f630;0x188;__cdecl;;uchar;int*;uint*;int;int;int;int;int;uint;uint
;_Globals::BlitChromaKey_PAL1_to_BGRA32;0x43f7c0;0x175;__cdecl;;uchar;int*;uint*;int;int;int;int;int;uint;uint
;_Globals::BlitChromaKey_2bpp;0x43f940;0x1bf;__cdecl;;uchar;int*;uint*;int;int;int;int;int;uint;uint
;_Globals::BlitMasked_Idx2_to_BGR24;0x43fb00;0x18a;__cdecl;;uchar;int*;uint*;int;int;int;int;int;uint;uint
;_Globals::BlitChromaKey_PAL2_to_BGRA32;0x43fc90;0x177;__cdecl;;uchar;int*;uint*;int;int;int;int;int;uint;uint
;_Globals::BlitChromaKey_4bpp;0x43fe10;0x1bd;__cdecl;;uchar;int*;uint*;int;int;int;int;int;uint;uint
;_Globals::BlitChromaKey_Indexed4_to_BGR24;0x43ffd0;0x188;__cdecl;;uchar;int*;uint*;int;int;int;int;int;uint;uint
;_Globals::BlitChromaKey_PAL4_to_BGRA32;0x440160;0x175;__cdecl;;uchar;int*;uint*;int;int;int;int;int;uint;uint
;_Globals::BlitChromaKey_Indexed8_to_RGB565;0x4402e0;0x197;__cdecl;;uchar;int*;int*;int;int;int;int;int;uint;uint
;_Globals::BlitChromaKey_PAL8_to_BGR24;0x440480;0x162;__cdecl;;uchar;int*;int*;int;int;int;int;int;uint;uint
;_Globals::BlitChromaKey_Idx8_to_BGR32;0x4405f0;0x14f;__cdecl;;uchar;int*;int*;int;int;int;int;int;uint;uint
;_Globals::BlitChromaKey_RGB565_to_RGB565;0x440740;0x1ba;__cdecl;;uchar;int*;int*;int;int;int;int;uint;uint;uint
;_Globals::BlitChromaKey_RGB565_to_BGR24;0x440900;0x185;__cdecl;;uchar;int*;int*;int;int;int;int;uint;uint;uint
;_Globals::BlitChromaKey_RGB565_to_BGR32;0x440a90;0x172;__cdecl;;uchar;int*;int*;int;int;int;int;uint;uint;uint
;_Globals::BlitAlphaBlend_BGR24_to_RGB565;0x440c10;0x1a0;__cdecl;;uchar;int*;int*;int;int;int;int;uint;uint;uint
;_Globals::BlitChromaKey_BGR24_to_BGR24;0x440db0;0x16b;__cdecl;;uchar;int*;int*;int;int;int;int;uint;uint;uint
;_Globals::BlitChromaKey_BGR24_to_BGR32;0x440f20;0x158;__cdecl;;uchar;int*;int*;int;int;int;int;uint;uint;uint
;_Globals::BlitChromaKey_BGRA32_to_RGB565;0x441080;0x197;__cdecl;;uchar;int*;int*;int;int;int;int;uint;uint;uint
;_Globals::BlitChromaKey_BGRA32_to_BGR24;0x441220;0x162;__cdecl;;uchar;int*;int*;int;int;int;int;uint;uint;uint
;_Globals::BlitChromaKey_BGRA32_to_BGR32;0x441390;0x14f;__cdecl;;uchar;int*;int*;int;int;int;int;uint;uint;uint
;_Globals::BlitMasked;0x4414e0;0x1bb;__cdecl;;uchar;int*;uint*;int;int;int;int;int;uint;int;int
;_Globals::BlitMasked_Indexed1_to_BGR24;0x4416a0;0x186;__cdecl;;uchar;int*;uint*;int;int;int;int;int;uint;int;int
;_Globals::BlitMasked_PAL1_to_BGRA32;0x441830;0x173;__cdecl;;uchar;int*;uint*;int;int;int;int;int;uint;int;int
;_Globals::BlitKeyAndMask_2bpp;0x4419b0;0x1bd;__cdecl;;uchar;int*;uint*;int;int;int;int;int;uint;int;int
;_Globals::BlitMasked_Indexed2_to_BGR24;0x441b70;0x188;__cdecl;;uchar;int*;uint*;int;int;int;int;int;uint;int;int
;_Globals::BlitMasked_PAL2_to_BGRA32;0x441d00;0x175;__cdecl;;uchar;int*;uint*;int;int;int;int;int;uint;int;int
;_Globals::BlitMasked_PAL4_to_RGB565;0x441e80;0x1bb;__cdecl;;uchar;int*;uint*;int;int;int;int;int;uint;int;int
;_Globals::BlitMasked_Indexed4_to_BGR24;0x442040;0x186;__cdecl;;uchar;int*;uint*;int;int;int;int;int;uint;int;int
;_Globals::BlitMasked_PAL4_to_BGRA32;0x4421d0;0x173;__cdecl;;uchar;int*;uint*;int;int;int;int;int;uint;int;int
;_Globals::BlitMasked_Idx8_to_RGB565;0x442350;0x195;__cdecl;;uchar;int*;int*;int;int;int;int;int;uint;int;int
;_Globals::BlitMasked_Idx8_to_BGR24;0x4424f0;0x160;__cdecl;;uchar;int*;int*;int;int;int;int;int;uint;int;int
;_Globals::BlitMasked_Idx8_to_BGR32;0x442650;0x14d;__cdecl;;uchar;int*;int*;int;int;int;int;int;uint;int;int
;_Globals::BlitMasked_RGB565_to_RGB565;0x4427a0;0x1b8;__cdecl;;uchar;int*;int*;int;int;int;int;uint;uint;int;int
;_Globals::BlitMasked_RGB565_to_BGR24;0x442960;0x183;__cdecl;;uchar;int*;int*;int;int;int;int;uint;uint;int;int
;_Globals::BlitMasked_RGB565_to_BGR32;0x442af0;0x170;__cdecl;;uchar;int*;int*;int;int;int;int;uint;uint;int;int
;_Globals::BlitMasked_BGR24_to_RGB565;0x442c60;0x19e;__cdecl;;uchar;int*;int*;int;int;int;int;uint;uint;int;int
;_Globals::BlitMasked_BGR24_to_BGR24;0x442e00;0x169;__cdecl;;uchar;int*;int*;int;int;int;int;uint;uint;int;int
;_Globals::BlitMasked_BGR24_to_BGR32;0x442f70;0x152;__cdecl;;uchar;int*;int*;int;int;int;int;uint;uint;int;int
;_Globals::BlitMasked_BGRA32_to_RGB565;0x4430d0;0x195;__cdecl;;uchar;int*;int*;int;int;int;int;uint;uint;int;int
;_Globals::BlitMasked_BGRA32_to_BGR24;0x443270;0x160;__cdecl;;uchar;int*;int*;int;int;int;int;uint;uint;int;int
;_Globals::BlitMasked_BGRA32_to_BGR32;0x4433d0;0x149;__cdecl;;uchar;int*;int*;int;int;int;int;uint;uint;int;int
;_Globals::BlitKeyAndMask1bpp;0x443520;0x1d2;__cdecl;;uchar;int*;uint*;int;int;int;int;int;uint;int;int;uint
;_Globals::BlitKeyAndMask_1bpp_to_BGR24;0x443700;0x19d;__cdecl;;uchar;int*;uint*;int;int;int;int;int;uint;int;int;uint
;_Globals::FUN_004438a0;0x4438a0;0x18a;__cdecl;;uchar;int*;uint*;int;int;int;int;int;uint;int;int;uint
;_Globals::BlitKeyAndMask2bpp;0x443a30;0x1d4;__cdecl;;uchar;int*;uint*;int;int;int;int;int;uint;int;int;uint
;_Globals::BlitAlphaBlend_2bitIndex_BGR24;0x443c10;0x19f;__cdecl;;uchar;int*;uint*;int;int;int;int;int;uint;int;int;uint
;_Globals::FUN_00443db0;0x443db0;0x18c;__cdecl;;uchar;int*;uint*;int;int;int;int;int;uint;int;int;uint
;_Globals::BlitKeyAndMask4bpp;0x443f40;0x1d2;__cdecl;;uchar;int*;uint*;int;int;int;int;int;uint;int;int;uint
;_Globals::BlitKeyAndMask_4bpp_to_BGR24;0x444120;0x19d;__cdecl;;uchar;int*;uint*;int;int;int;int;int;uint;int;int;uint
;_Globals::FUN_004442c0;0x4442c0;0x18a;__cdecl;;uchar;int*;uint*;int;int;int;int;int;uint;int;int;uint
;_Globals::BlitAlphaBlend_ByteIndex_RGB565;0x444450;0x1ac;__cdecl;;uchar;int*;int*;int;int;int;int;int;uint;int;int;uint
;_Globals::BlitKeyAndMask_PAL8_to_BGR24;0x444600;0x177;__cdecl;;uchar;int*;int*;int;int;int;int;int;uint;int;int;uint
;_Globals::BlitKeyAndMask_PAL8_to_BGRA32;0x444780;0x164;__cdecl;;uchar;int*;int*;int;int;int;int;int;uint;int;int;uint
;_Globals::BlitKeyAndMask16bpp;0x4448f0;0x1cf;__cdecl;;uchar;int*;int*;int;int;int;int;uint;uint;int;int;uint
;_Globals::BlitKeyAndMask_RGB565_to_BGR24;0x444ac0;0x19a;__cdecl;;uchar;int*;int*;int;int;int;int;uint;uint;int;int;uint
;_Globals::BlitKeyAndMask_RGB565_to_BGRA32;0x444c60;0x187;__cdecl;;uchar;int*;int*;int;int;int;int;uint;uint;int;int;uint
;_Globals::BlitKeyAndMask_BGR24_to_RGB565;0x444df0;0x1b5;__cdecl;;uchar;int*;int*;int;int;int;int;uint;uint;int;int;uint
;_Globals::BlitMasked_BGR24_to_BGR24;0x444fb0;0x180;__cdecl;;uchar;int*;int*;int;int;int;int;uint;uint;int;int;uint
;_Globals::BlitKeyAndMask_BGR24_to_BGR32;0x445130;0x16d;__cdecl;;uchar;int*;int*;int;int;int;int;uint;uint;int;int;uint
;_Globals::BlitAlphaBlend_DwordIndex_RGB565;0x4452a0;0x1ac;__cdecl;;uchar;int*;int*;int;int;int;int;uint;uint;int;int;uint
;_Globals::BlitKeyAndMask_BGRA32_to_BGR24;0x445450;0x177;__cdecl;;uchar;int*;int*;int;int;int;int;uint;uint;int;int;uint
;_Globals::BlitKeyAndMask_BGRA32_to_BGRA32;0x4455d0;0x164;__cdecl;;uchar;int*;int*;int;int;int;int;uint;uint;int;int;uint
;CPoemScroller::DrawVerticalLineGradient_16bpp;0x445740;0x1c0;__cdecl;;uchar;int;int;int;int;int;uint;int
;CPoemScroller::CPoemScroller_FillColumn24bpp;0x445900;0x16e;__cdecl;;uchar;int;int;int;int;int;uint;int
;CPoemScroller::CPoemScroller_FillColumn32bpp;0x445a70;0x155;__cdecl;;uchar;int;int;int;int;int;uint;int
;CPoemScroller::CPoemScroller_FillSpan16bpp;0x445bd0;0x1ca;__cdecl;;uchar;int;int;int;int;int;uint;int
;CPoemScroller::CPoemScroller_FillSpan24bpp;0x445da0;0x16a;__cdecl;;uchar;int;int;int;int;int;uint;int
;CPoemScroller::CPoemScroller_FillSpan32bpp;0x445f10;0x149;__cdecl;;uchar;int;int;int;int;int;uint;int
;CPoemScroller::BlitAlphaFill_RGB565;0x446060;0x1f0;__cdecl;;uchar;int*;int;int;uint;int
;CPoemScroller::BlitAlphaFill_BGR24;0x446250;0x18e;__cdecl;;uchar;int*;int;int;uint;int
;CPoemScroller::CPoemScroller_FillRect32bpp;0x4463e0;0x16f;__cdecl;;uchar;int*;int;int;uint;int
;CBulanci::InitAlphaBlendLut;0x446550;0x56;__stdcall;;uchar
;CDSApp::CDSApp_FreeAlphaBlendLut;0x4465b0;0x1f;__stdcall;;uchar
;CDSMpx::ResetDecoderState;0x4465e0;0x37;__fastcall;;void;CDSMpx*
;_Globals::CDSMpx_FinishMadFrame;0x446620;0x1a;__fastcall;;uchar;int
;CDSMpx::ReinitDecoder;0x446640;0x25;__fastcall;;uchar;int
;CDSMpx::QuantizeQ31ToS16;0x446670;0x29;__cdecl;;int;int
;CDSMpx::FUN_004466a0;0x4466a0;0x1a;__stdcall;;uchar;int*
;CDSMpx::RefillInputBuffer;0x4466c0;0xb0;__fastcall;;uint;CDSMpx*
;CDSMpx::DecodeFrame;0x446770;0x132;__fastcall;;uint;CDSMpx*
;CDSMpxDecoder::CDSMpxDecoder_dtor;0x4468b0;0x73;__fastcall;;void;CDSMpxDecoder*
;CDSMpxDecoder::CDSMpxDecoder_GetTypeInfo;0x446930;0x6;__stdcall;;uchar*
;CDSMpx::ReadPCM;0x446940;0x55;__thiscall;;uchar;CDSMpx*;void*;void*
;CDSMpx::ForwardReadPcmToInstance;0x4469a0;0x18;__stdcall;;uchar;uint*;void*;void*
;CDSMpx::AttachBitstream;0x446a00;0xdf;__thiscall;;CDSMpx*;CDSMpx*;int*;uint
;CDSMpxDecoder::CDSMpxDecoder_ScalarDeletingDtor;0x446ae0;0x1e;__thiscall;;CDSMpxDecoder*;CDSMpxDecoder*;uchar
;CDSMpx::CreateFromHandle;0x446b00;0x88;__fastcall;;CDSMpx*;CDSMpxStream*
;CDSMpx::ResolveResource;0x446b90;0x69;__fastcall;;void;CDSMpx*
;CDSSafeStream::CDSSafeStream_Write;0x446c00;0x7;__fastcall;;uchar;CDSFilterStream*
;CDSGZipStream::FlushStream;0x446c10;0x7;__fastcall;;uchar;CDSFilterStream*
;CDSGZipStream::SetStreamSize;0x446c20;0x7;__fastcall;;uchar;CDSFilterStream*
;_Globals::FUN_00446c30;0x446c30;0x66;__fastcall;;uchar;int
;CDSSafeStream::CDSSafeStream_AddRef;0x446ca0;0x8;__fastcall;;int;int
;CDSSafeStreamInfo::CDSSafeStreamInfo_GetTypeInfo;0x446cb0;0x6;__stdcall;;uchar*
;CDSSafeStreamInfo::CDSSafeStreamInfo_AdjustorThunk04_Dtor;0x446cc0;0x8;__thiscall;;uchar;CDSSafeStreamInfo*;uchar
;CDSSafeStreamInfo::CDSSafeStreamInfo_dtor;0x446cd0;0x5e;__fastcall;;uchar;uint*
;CDSSafeStream::CDSSafeStream_InitBase;0x446d30;0x58;__fastcall;;uint*;CDSSafeStream*
;CDSSafeStream::FUN_00446d90;0x446d90;0x10e;__fastcall;;int;int
;CDSSafeStreamInfo::FUN_00446ea0;0x446ea0;0xe3;__thiscall;;uchar;CDSSafeStreamInfo*;int*
;CDSSafeStream::CDSSafeStream_Read;0x446f90;0x11;__fastcall;;uchar;int
;CDSSafeStream::CDSSafeStream_Seek;0x446fb0;0x23;__thiscall;;uchar;CDSSafeStream*;uint;uint;uint
;CDSSafeStream::CDSSafeStream_Tell;0x446fe0;0x11;__fastcall;;uchar;int
;CDSSafeStream::CDSSafeStream_GetSize;0x447000;0x11;__fastcall;;uchar;int
;CDSSafeStream::CDSSafeStream_GetName;0x447020;0x26;__thiscall;;uint*;CDSSafeStream*;uint*
;CDSSafeStreamInfo::CDSSafeStreamInfo_ScalarDeletingDtor;0x447080;0x1e;__thiscall;;CDSSafeStreamInfo*;CDSSafeStreamInfo*;uchar
;_Globals::FUN_004470c0;0x4470c0;0x26;__fastcall;;bool;DWORD
;_Globals::FUN_004470f0;0x4470f0;0x3e;__stdcall;;uchar;int*
;_Globals::Catch@0044712e;0x44712e;0x16;__stdcall;;uchar*
;_Globals::FUN_0044714a;0x44714a;0x23;__stdcall;;uint
;CDSObject::CDSObject_ClearRefcountFields;0x447170;0x11;__fastcall;;uchar;int
;_Globals::FUN_00447190;0x447190;0x38;__fastcall;;uchar;DWORD
;CDSObject::FUN_004471d0;0x4471d0;0x3e;__thiscall;;uchar;CDSObject*;char
;CDSWorkingThread::CDSWorkingThread_GetClassTable;0x447210;0x6;__stdcall;;uchar*
;CDSWorkingThread::CDSWorkingThread_OnTimer;0x447220;0xf;__fastcall;;uchar;int
;CDSWorkingThread::CDSWorkingThread_OnChainEvent;0x447230;0x8;__thiscall;;uchar;CDSWorkingThread*;uchar
;CDSWorkingThread::CDSWorkingThread_dtor;0x447240;0x51;__fastcall;;uchar;uint*
;CDSWorkingThread::CDSWorkingThread_DtorScalar;0x4472e0;0x1e;__thiscall;;CDSWorkingThread*;CDSWorkingThread*;uchar
;Runtime::MSVCRT::__CxxThrowException@8;0x447303;0x4a;__stdcall;;uchar;uint;uchar*
;type_info::~type_info;0x44734d;0xe;__thiscall;;void;type_info*
;type_info::`scalar_deleting_destructor';0x44735b;0x1c;__thiscall;;void*;type_info*;uint
;type_info::operator==;0x447377;0x1b;__thiscall;;bool;type_info*;type_info*
;Runtime::MSVCRT::_free;0x447392;0x8e;__cdecl;;void;void*
;_Globals::FUN_004473e8;0x4473e8;0x9;__stdcall;;uchar
;Runtime::MSVCRT::__calloc_impl;0x447420;0x11e;__cdecl;;int*;uint;uint;uint*
;_Globals::FUN_0044751c;0x44751c;0x9;__stdcall;;uchar
;Runtime::MSVCRT::_calloc;0x44753e;0x3f;__cdecl;;void*;size_t;size_t
;Runtime::MSVCRT::_realloc;0x44757d;0x21b;__cdecl;;void*;void*;size_t
;_Globals::FUN_004476c1;0x4476c1;0x9;__stdcall;;uchar
;Runtime::MSVCRT::__recalloc;0x447798;0x47;__cdecl;;void*;void*;size_t;size_t
;CBulanci::FUN_004477df;0x4477df;0xd;__cdecl;;uchar;ulong
;Runtime::MSVCRT::_rand;0x4477ec;0x22;__cdecl;;int
;Runtime::MSVCRT::_JumpToContinuation;0x44780e;0x2b;__stdcall;;void;void*;EHRegistrationNode*
;FID_conflict:_CallMemberFunction1;0x44783e;0x7;__stdcall;;uchar;uint;uchar*
;Runtime::MSVCRT::_UnwindNestedFrames;0x447845;0x52;__stdcall;;void;EHRegistrationNode*;EHExceptionRecord*
;_Globals::FID_conflict:___CxxFrameHandler3;0x447897;0x36;__cdecl;;uint;EHExceptionRecord*;EHRegistrationNode*;_CONTEXT*;void*
;Runtime::MSVCRT::_CallSETranslator;0x4478fd;0xd5;__cdecl;;int;EHExceptionRecord*;EHRegistrationNode*;void*;void*;_s_FuncInfo*;int;EHRegistrationNode*
;TranslatorGuardHandler;0x4479d2;0x9d;__cdecl;;_EXCEPTION_DISPOSITION;EHExceptionRecord*;TranslatorGuardRN*;void*;void*
;Runtime::MSVCRT::_GetRangeOfTrysToCheck;0x447a6f;0x73;__cdecl;;_s_TryBlockMapEntry*;_s_FuncInfo*;int;int;uint*;uint*
;Runtime::MSVCRT::__CreateFrameInfo;0x447ae2;0x28;__cdecl;;uint*;uint*;uint
;Runtime::MSVCRT::__IsExceptionObjectToBeDestroyed;0x447b0a;0x21;__cdecl;;uint;int
;Runtime::MSVCRT::__FindAndUnlinkFrame;0x447b2b;0x4c;__cdecl;;uchar;void*
;Runtime::MSVCRT::_CallCatchBlock2;0x447b77;0x5e;__cdecl;;void*;EHRegistrationNode*;_s_FuncInfo*;void*;int;ulong
;Runtime::MSVCRT::__security_check_cookie;0x447bd5;0xf;__fastcall;;void;uintptr_t
;std::bad_alloc::bad_alloc;0x447be4;0x19;__thiscall;;uchar;bad_alloc*
;std::bad_alloc::std_bad_alloc_ScalarDeletingDtor;0x447c08;0x22;__thiscall;;bad_alloc*;bad_alloc*;uchar
;_Globals::OperatorNewWithBadAlloc;0x447c42;0x69;__cdecl;;uchar;size_t
;Runtime::MSVCRT::__alloca_probe;0x447cb0;0x2b;__stdcall;;uchar
;Runtime::MSVCRT::_memset;0x447ce0;0x7a;__cdecl;;void*;void*;int;size_t
;Runtime::MSVCRT::__onexit_nolock;0x447d5a;0xad;__cdecl;;uint;uint
;Runtime::MSVCRT::__onexit;0x447e36;0x36;__cdecl;;_onexit_t;_onexit_t
;_Globals::FUN_00447e6c;0x447e6c;0x6;__stdcall;;uchar
;Runtime::MSVCRT::_atexit;0x447e72;0x12;__cdecl;;int;_func_3814*
;Runtime::MSVCRT::_memcpy;0x447e90;0x365;__cdecl;;void*;void*;void*;size_t
;Runtime::MSVCRT::__alldiv;0x448200;0xaa;__stdcall;;undefined8;uint;uint;uint;uint
;Runtime::MSVCRT::__allmul;0x4482b0;0x34;__stdcall;;longlong;uint;int;uint;int
;CBulanci::swap;0x4482f0;0x28;__cdecl;;uchar
;CBulanci::shortsort;0x448320;0x87;__cdecl;;uchar;uchar*;uchar*;int;uchar*
;CBulanci::_qsort;0x4483b0;0x2a7;__cdecl;;void;void*;size_t;size_t;_PtFuncCompare*
;`eh_vector_constructor_iterator';0x448657;0x4d;__stdcall;;void;void*;uint;int;_func_void_void_ptr*;_func_void_void_ptr*
;_Globals::FUN_004486a4;0x4486a4;0x18;__stdcall;;uchar
;Runtime::MSVCRT::__ArrayUnwind;0x4486bc;0x5e;__stdcall;;void;void*;uint;int;_func_void_void_ptr*
;`eh_vector_destructor_iterator';0x44871a;0x4b;__stdcall;;void;void*;uint;int;_func_void_void_ptr*
;_Globals::FUN_00448765;0x448765;0x18;__stdcall;;uchar
;CBulanci::_wcsrchr;0x44877d;0x30;__cdecl;;wchar_t*;wchar_t*;wchar_t
;Runtime::MSVCRT::__freea;0x4487ad;0x1b;__cdecl;;void;void*
;_LocaleUpdate::_LocaleUpdate;0x4487c8;0x82;__thiscall;;uchar;_LocaleUpdate*;localeinfo_struct*
;Runtime::MSVCRT::_wcslwr_s_l_stat;0x44884a;0x187;__cdecl;;int;wchar_t*;uint;localeinfo_struct*
;_Globals::FID_conflict:__wcslwr_s_l;0x4489d1;0x33;__cdecl;;errno_t;wchar_t*;size_t;_locale_t
;Runtime::MSVCRT::__wcslwr;0x448a04;0x69;__cdecl;;wchar_t*;wchar_t*
;CDSException::__purecall;0x448a6d;0x2a;__stdcall;;uchar
;_Globals::FUN_00448a97;0x448a97;0x1;__cdecl;;void
;Runtime::MSVCRT::__cfltcvt_init;0x448a98;0x60;__stdcall;;uchar
;Runtime::MSVCRT::__fpmath;0x448af8;0x1e;__cdecl;;void;int
;Runtime::MSVCRT::__alloca_probe_16;0x448b20;0x16;__stdcall;;uint
;Runtime::MSVCRT::__alloca_probe_8;0x448b36;0x16;__stdcall;;uint
;CShotCounter::FUN_00448b50;0x448b50;0xab;__fastcall;;ulonglong;uint;uint
;_Globals::fast_error_exit;0x448bfb;0x21;__cdecl;;uchar;int
;_Globals::check_managed_app;0x448c1f;0x41;__cdecl;;uint
;Runtime::MSVCRT::___tmainCRTStartup;0x448c60;0x1e0;__stdcall;;int
;Runtime::MSVCRT::_mainCRTStartup;0x448e40;0xa;__stdcall;;uchar
;CNumEdit::CNumEdit_ParseWideDigitsToUint;0x448ed6;0x11;__cdecl;;uchar;wchar_t*
;Runtime::MSVCRT::_memmove;0x448ef0;0x365;__cdecl;;void*;void*;void*;size_t
;Runtime::MSVCRT::_wcsncpy;0x449255;0x3d;__cdecl;;wchar_t*;wchar_t*;wchar_t*;size_t
;Runtime::MSVCRT::__vswprintf_l;0x449292;0x97;__cdecl;;int;wchar_t*;size_t;wchar_t*;_locale_t;va_list
;Runtime::MSVCRT::__vswprintf;0x449329;0x17;__cdecl;;int;wchar_t*;wchar_t*;va_list
;Runtime::MSVCRT::_V6_HeapAlloc;0x449340;0x46;__cdecl;;int*;uint*
;_Globals::FUN_00449386;0x449386;0x9;__stdcall;;uchar
;Runtime::MSVCRT::_malloc;0x44938f;0xc3;__cdecl;;void*;size_t
;Runtime::MSVCRT::__msize;0x449452;0x92;__cdecl;;size_t;void*
;_Globals::FUN_004494ec;0x4494ec;0x9;__stdcall;;uchar
;Runtime::MSVCRT::__swprintf;0x4494f5;0x96;__cdecl;varargs;int;wchar_t*;wchar_t*
;Runtime::MSVCRT::__aulldiv;0x449590;0x68;__stdcall;;undefined8;uint;uint;uint;uint
;Runtime::MSVCRT::__endthreadex;0x4495f8;0x38;__cdecl;;void;uint
;Runtime::MSVCRT::__callthreadstartex;0x449631;0x35;__stdcall;;uchar
;_threadstartex;0x449672;0x80;__stdcall;;uchar;DWORD*
;Runtime::MSVCRT::__beginthreadex;0x4496f2;0xae;__cdecl;;uintptr_t;void*;uint;_StartAddress*;void*;uint;uint*
;Runtime::MSVCRT::__get_errno_from_oserr;0x4497a0;0x3b;__cdecl;;int;ulong
;Runtime::MSVCRT::__errno;0x4497db;0x13;__cdecl;;int*
;Runtime::MSVCRT::___doserrno;0x4497ee;0x13;__cdecl;;ulong*
;Runtime::MSVCRT::__dosmaperr;0x449801;0x1e;__cdecl;;void;ulong
;Runtime::MSVCRT::__CxxUnhandledExceptionFilter;0x44981f;0x6c;__stdcall;;long;_EXCEPTION_POINTERS*
;type_info::_Type_info_dtor;0x4498d0;0x67;__cdecl;;void;type_info*
;type_info::type_info__UnlockRegistry;0x449937;0x9;__stdcall;;uchar
;Runtime::MSVCRT::_strcmp;0x449940;0x88;__cdecl;;int;char*;char*
;Runtime::MSVCRT::___heap_select;0x4499c8;0x5b;__stdcall;;uint
;Runtime::MSVCRT::__heap_init;0x449a23;0x5a;__cdecl;;int
;Runtime::MSVCRT::__mtinitlocks;0x449a7d;0x49;__cdecl;;int
;Runtime::MSVCRT::__mtdeletelocks;0x449ac6;0x55;__cdecl;;void
;_Globals::FUN_00449b1b;0x449b1b;0x15;__cdecl;;uchar;int
;Runtime::MSVCRT::__mtinitlocknum;0x449b30;0xba;__cdecl;;int;int
;_Globals::FUN_00449bea;0x449bea;0x9;__stdcall;;uchar
;Runtime::MSVCRT::__lock;0x449bf3;0x31;__cdecl;;void;int
;Runtime::MSVCRT::___sbh_heap_init;0x449c24;0x48;__cdecl;;uint;uint
;_Globals::FUN_00449c90;0x449c90;0x19;__thiscall;;uchar;void*;int
;Runtime::MSVCRT::___sbh_free_block;0x449c97;0x314;__cdecl;;uchar;uint*;int
;Runtime::MSVCRT::___sbh_alloc_new_region;0x449fab;0xb0;__stdcall;;uint*
;Runtime::MSVCRT::___sbh_alloc_new_group;0x44a05b;0x106;__cdecl;;int;int
;Runtime::MSVCRT::___sbh_resize_block;0x44a161;0x2df;__cdecl;;uint;uint*;int;int
;Runtime::MSVCRT::___sbh_alloc_block;0x44a440;0x2e3;__cdecl;;int*;uint*
;Runtime::MSVCRT::__SEH_prolog4;0x44a724;0x45;__cdecl;;uchar;uint;int
;Runtime::MSVCRT::__SEH_epilog4;0x44a769;0x14;__stdcall;;uchar
;Runtime::MSVCRT::__except_handler4;0x44a780;0x196;__cdecl;;uint;uint;int
;_Globals::FUN_0044a916;0x44a916;0xa;__cdecl;;uchar;uint
;Runtime::MSVCRT::__callnewh;0x44a920;0x22;__cdecl;;int;size_t
;_Globals::FUN_0044a942;0x44a942;0xa;__cdecl;;uchar;uint
;Runtime::MSVCRT::__invoke_watson;0x44a94c;0xfc;__cdecl;;void;wchar_t*;wchar_t*;wchar_t*;uint;uintptr_t
;Runtime::MSVCRT::__invalid_parameter;0x44aa48;0x24;__cdecl;;uchar;wchar_t*;wchar_t*;wchar_t*;uint;uintptr_t
;Runtime::MSVCRT::__encode_pointer;0x44aa6c;0x63;__cdecl;;int;int
;Runtime::MSVCRT::__encoded_null;0x44aacf;0x9;__stdcall;;uchar
;Runtime::MSVCRT::__decode_pointer;0x44aad8;0x63;__cdecl;;int;int
;_Globals::FUN_0044ab44;0x44ab44;0x15;__stdcall;;uchar;uint
;_Globals::FUN_0044ab59;0x44ab59;0x6;__stdcall;;uint
;Runtime::MSVCRT::___set_flsgetvalue;0x44ab5f;0x2a;__stdcall;;uchar
;Runtime::MSVCRT::___fls_setvalue@8;0x44ab89;0x19;__stdcall;;uchar;uint;uint
;Runtime::MSVCRT::__mtterm;0x44aba2;0x3d;__cdecl;;void
;Runtime::MSVCRT::__initptd;0x44abdf;0xab;__cdecl;;void;_ptiddata;pthreadlocinfo
;_Globals::FUN_0044ac8a;0x44ac8a;0x9;__stdcall;;uchar
;Runtime::MSVCRT::__getptd_noexit;0x44ac93;0x83;__cdecl;;_ptiddata
;Runtime::MSVCRT::__getptd;0x44ad16;0x18;__cdecl;;_ptiddata
;Runtime::MSVCRT::__freefls@4;0x44ad2e;0x109;__stdcall;;uchar;void*
;_Globals::FUN_0044ae3a;0x44ae3a;0x9;__stdcall;;uchar
;_Globals::FUN_0044ae46;0x44ae46;0x9;__stdcall;;uchar
;Runtime::MSVCRT::__freeptd;0x44ae4f;0x69;__cdecl;;void;_ptiddata
;Runtime::MSVCRT::__mtinit;0x44aeb8;0x184;__cdecl;;int
;std::bad_exception::std::bad_exception_ScalarDeletingDtor;0x44b047;0x22;__thiscall;;bad_exception*;bad_exception*;uchar
;Runtime::MSVCRT::___TypeMatch;0x44b069;0x5c;__cdecl;;uint;uchar*;uchar*;uint*
;Runtime::MSVCRT::___FrameUnwindToState;0x44b109;0xc0;__cdecl;;uchar;int;uint;int;int
;_Globals::FUN_0044b1cf;0x44b1cf;0x1b;__stdcall;;uchar
;Runtime::MSVCRT::___DestructExceptionObject;0x44b22f;0x43;__cdecl;;uchar;int*
;Runtime::MSVCRT::___AdjustPointer;0x44b283;0x25;__cdecl;;int;int;int*
;IsInExceptionSpec;0x44b2a8;0x79;__cdecl;;uchar;EHExceptionRecord*;_s_ESTypeList*
;CallUnexpected;0x44b321;0x31;__cdecl;;void;_s_ESTypeList*
;_Globals::Catch_All@0044b352;0x44b352;0x17;__stdcall;;uchar
;CallCatchBlock;0x44b36a;0x11b;__cdecl;;void*;EHExceptionRecord*;EHRegistrationNode*;_CONTEXT*;_s_FuncInfo*;void*;int;ulong
;_Globals::FUN_0044b490;0x44b490;0x76;__stdcall;;uchar
;Runtime::MSVCRT::___BuildCatchObjectHelper;0x44b506;0x17f;__cdecl;;char;int;int*;uint*;uchar*
;Runtime::MSVCRT::___BuildCatchObject;0x44b685;0x85;__cdecl;;uchar;int;int*;uint*;uchar*
;CatchIt;0x44b716;0x6c;__cdecl;;void;EHExceptionRecord*;EHRegistrationNode*;_CONTEXT*;void*;_s_FuncInfo*;_s_HandlerType*;_s_CatchableType*;_s_TryBlockMapEntry*;int;EHRegistrationNode*;uchar
;FindHandlerForForeignException;0x44b782;0xf2;__cdecl;;void;EHExceptionRecord*;EHRegistrationNode*;_CONTEXT*;void*;_s_FuncInfo*;int;int;EHRegistrationNode*
;FindHandler;0x44b874;0x356;__cdecl;;void;EHExceptionRecord*;EHRegistrationNode*;_CONTEXT*;void*;_s_FuncInfo*;uchar;int;EHRegistrationNode*
;Runtime::MSVCRT::___InternalCxxFrameHandler;0x44bbe2;0xe4;__cdecl;;uint;EHExceptionRecord*;EHRegistrationNode*;_CONTEXT*;void*;_s_FuncInfo*;int;EHRegistrationNode*;uchar
;terminate;0x44bcc6;0x33;__cdecl;;void
;unexpected;0x44bcff;0x13;__cdecl;;void
;Runtime::MSVCRT::_inconsistency;0x44bd12;0x37;__cdecl;;void
;Runtime::MSVCRT::__initp_eh_hooks;0x44bd49;0x11;__stdcall;;uchar
;Runtime::MSVCRT::__CallSettingFrame@12;0x44bd60;0x4c;__stdcall;;uchar;uint;uint;int
;Runtime::MSVCRT::___report_gsfailure;0x44bdac;0x104;__cdecl;;void
;std::exception::exception;0x44beb0;0x4e;__thiscall;;uchar;exception*;char**
;std::exception::exception;0x44befe;0x18;__thiscall;;uchar;exception*;char**;int
;std::exception::exception;0x44bf16;0x58;__thiscall;;uchar;exception*;exception*
;exception::~exception;0x44bf6e;0x16;__thiscall;;void;exception*
;std::bad_alloc::std_bad_alloc_what;0x44bf84;0xd;__fastcall;;char*;int
;std::exception::std::exception_ScalarDeletingDtor;0x44bf91;0x1c;__thiscall;;exception*;exception*;uchar
;_Globals::fastzero_I;0x44bfad;0x57;__cdecl;;uchar;undefined1[16]*;uint
;Runtime::MSVCRT::__VEC_memzero;0x44c004;0x8f;__cdecl;;undefined1[16]*;undefined1[16]*;uint;uint
;Runtime::MSVCRT::__malloc_crt;0x44c0a7;0x40;__cdecl;;void*;size_t
;Runtime::MSVCRT::__calloc_crt;0x44c0e7;0x48;__cdecl;;void*;size_t;size_t
;Runtime::MSVCRT::__realloc_crt;0x44c12f;0x4b;__cdecl;;void*;void*;size_t
;Runtime::MSVCRT::__amsg_exit;0x44c17a;0x24;__cdecl;;void;int
;_Globals::__crtCorExitProcess;0x44c19e;0x26;__cdecl;;uchar;uint
;Runtime::MSVCRT::___crtExitProcess;0x44c1c4;0x14;__cdecl;;void;int
;_Globals::FUN_0044c1d9;0x44c1d9;0x9;__stdcall;;uchar
;_Globals::FUN_0044c1e2;0x44c1e2;0x9;__stdcall;;uchar
;Runtime::MSVCRT::__initterm;0x44c1eb;0x18;__cdecl;;uchar;uint*
;Runtime::MSVCRT::__initterm_e;0x44c203;0x20;__cdecl;;uchar;uint*;uint*
;Runtime::MSVCRT::__get_osplatform;0x44c223;0x37;__cdecl;;errno_t;uint*
;Runtime::MSVCRT::__get_winmajor;0x44c25a;0x3c;__cdecl;;errno_t;uint*
;Runtime::MSVCRT::__cinit;0x44c296;0x92;__cdecl;;int;int
;_Globals::doexit;0x44c328;0xce;__cdecl;;uchar;int;int;int
;_Globals::FUN_0044c3e1;0x44c3e1;0xf;__stdcall;;uchar
;Runtime::MSVCRT::_exit;0x44c3f6;0x11;__cdecl;;void;int
;Runtime::MSVCRT::__exit;0x44c407;0x11;__cdecl;;uchar;int
;Runtime::MSVCRT::__cexit;0x44c418;0xf;__cdecl;;void
;Runtime::MSVCRT::__init_pointers;0x44c436;0x4c;__cdecl;;void
;_Globals::FUN_0044c482;0x44c482;0x87;__cdecl;;uchar;uint*;uint*;uint
;Runtime::MSVCRT::__VEC_memcpy;0x44c509;0xe3;__cdecl;;uint*;uint*;uint*;uint
;CPtoLCID;0x44c5ec;0x2f;__cdecl;;int;int
;setSBCS;0x44c61b;0x55;__cdecl;;void;threadmbcinfostruct*
;setSBUpLow;0x44c670;0x18a;__cdecl;;void;threadmbcinfostruct*
;Runtime::MSVCRT::___updatetmbcinfo;0x44c7fa;0x98;__cdecl;;pthreadmbcinfo
;_Globals::FUN_0044c895;0x44c895;0x9;__stdcall;;uchar
;getSystemCP;0x44c89e;0x7a;__cdecl;;int;int
;Runtime::MSVCRT::__setmbcp_nolock;0x44c918;0x1ab;__cdecl;;uint;uint;int
;Runtime::MSVCRT::__setmbcp;0x44cac3;0x19a;__cdecl;;int;int
;_Globals::FUN_0044cc24;0x44cc24;0x9;__stdcall;;uchar
;Runtime::MSVCRT::___initmbctable;0x44cc5d;0x1e;__stdcall;;uint
;Runtime::MSVCRT::___freetlocinfo;0x44cc7b;0x140;__cdecl;;uchar;void*
;Runtime::MSVCRT::___addlocaleref;0x44cdbb;0x86;__cdecl;;uchar;LONG*
;Runtime::MSVCRT::___removelocaleref;0x44ce41;0x8c;__cdecl;;LONG*;LONG*
;_LocaleUpdate::__updatetlocinfoEx_nolock;0x44cecd;0x3e;__stdcall;;LONG*
;_LocaleUpdate::___updatetlocinfo;0x44cf0b;0x6a;__cdecl;;pthreadlocinfo
;_LocaleUpdate::FUN_0044cf75;0x44cf75;0xc;__stdcall;;uchar
;Runtime::MSVCRT::_wcscpy_s;0x44cf81;0x6c;__cdecl;;errno_t;wchar_t*;rsize_t;wchar_t*
;Runtime::MSVCRT::__crtLCMapStringW_stat;0x44cfed;0x261;__cdecl;;int;localeinfo_struct*;ulong;ulong;wchar_t*;int;wchar_t*;int;int
;Runtime::MSVCRT::___crtLCMapStringW;0x44d24e;0x40;__cdecl;;int;LPCWSTR;DWORD;LPCWSTR;int;LPWSTR;int
;Runtime::MSVCRT::_wcsnlen;0x44d28e;0x1c;__cdecl;;size_t;wchar_t*;size_t
;Runtime::MSVCRT::_abort;0x44d2aa;0xf3;__cdecl;;void
;CDSException::__set_abort_behavior;0x44d39d;0x1e;__cdecl;;uint;uint;uint
;Runtime::MSVCRT::__NMSG_WRITE;0x44d3bb;0x1a0;__cdecl;;void;int
;Runtime::MSVCRT::__FF_MSGBANNER;0x44d55b;0x39;__cdecl;;void
;_Globals::FUN_0044d594;0x44d594;0xa;__cdecl;;uchar;uint
;Runtime::MSVCRT::__forcdecpt_l;0x44d59e;0x71;__cdecl;;void;char*;_locale_t
;Runtime::MSVCRT::__cropzeros_l;0x44d60f;0x80;__cdecl;;void;char*;_locale_t
;Runtime::MSVCRT::__fassign_l;0x44d6a5;0x40;__cdecl;;void;int;char*;char*;_locale_t
;Runtime::MSVCRT::__shift;0x44d6fc;0x1d;__stdcall;;uchar
;Runtime::MSVCRT::__cftoe2_l;0x44d735;0x16d;__cdecl;;int;uint;int;int;int*;char;localeinfo_struct*
;Runtime::MSVCRT::__cftoe_l;0x44d8a2;0xce;__cdecl;;uchar;double*;uchar*;uint;int;int;localeinfo_struct*
;Runtime::MSVCRT::__cftoe;0x44d970;0x1e;__cdecl;;errno_t;double*;char*;size_t;int;int
;Runtime::MSVCRT::__cftoa_l;0x44d98e;0x371;__cdecl;;int;double*;uchar*;uint;size_t;int;localeinfo_struct*
;Runtime::MSVCRT::__cftof2_l;0x44dcff;0xf5;__thiscall;;uint;void*;int;size_t;char;localeinfo_struct*
;Runtime::MSVCRT::__cftof_l;0x44ddf4;0xb9;__cdecl;;errno_t;double*;uchar*;int;size_t;localeinfo_struct*
;Runtime::MSVCRT::__cftog_l;0x44dead;0xf8;__cdecl;;uchar;double*;uchar*;uint;size_t;int;localeinfo_struct*
;Runtime::MSVCRT::__cfltcvt_l;0x44dfa5;0x86;__cdecl;;errno_t;double*;char*;size_t;int;int;int;_locale_t
;Runtime::MSVCRT::__cfltcvt;0x44e02b;0x21;__cdecl;;errno_t;double*;char*;size_t;int;int;int
;Runtime::MSVCRT::__initp_misc_cfltcvt_tab;0x44e04c;0x1f;__stdcall;;uchar
;Runtime::MSVCRT::__setdefaultprecision;0x44e06b;0x29;__stdcall;;uchar
;Runtime::MSVCRT::__ms_p5_test_fdiv;0x44e094;0x3c;__stdcall;;uint
;Runtime::MSVCRT::__ms_p5_mp_test_fdiv;0x44e0d0;0x29;__stdcall;;uchar
;Runtime::MSVCRT::__XcptFilter;0x44e0f9;0x16f;__cdecl;;int;ulong;_EXCEPTION_POINTERS*
;Runtime::MSVCRT::__wincmdln;0x44e268;0x5d;__stdcall;;uchar*
;Runtime::MSVCRT::__setenvp;0x44e2c5;0xdb;__cdecl;;int
;_Globals::parse_cmdline;0x44e3a0;0x198;__cdecl;;uchar;uint*;uchar*;int*
;Runtime::MSVCRT::__setargv;0x44e538;0xb9;__cdecl;;int
;Runtime::MSVCRT::___crtGetEnvironmentStringsA;0x44e5f1;0x135;__cdecl;;LPVOID
;Runtime::MSVCRT::__ioinit;0x44e726;0x240;__cdecl;;int
;Runtime::MSVCRT::__RTC_Initialize;0x44e966;0x24;__stdcall;;uchar
;__RTC_Shutdown;0x44e98a;0x24;__stdcall;;uchar
;Runtime::MSVCRT::___security_init_cookie;0x44e9ae;0x94;__cdecl;;void
;CNumEdit::wcstoxl;0x44eb1e;0x1f7;__cdecl;;ulong;localeinfo_struct*;wchar_t*;wchar_t**;int;int
;CNumEdit::_wcstol;0x44ed15;0x29;__cdecl;;long;wchar_t*;wchar_t**;int
;CNumEdit::__iswctype_l;0x44ed3e;0x82;__cdecl;;int;wint_t;wctype_t;_locale_t
;Runtime::MSVCRT::__flsbuf;0x44edc0;0x160;__cdecl;;int;int;FILE*
;_Globals::write_char;0x44ef20;0x25;__cdecl;;uchar;wchar_t
;_Globals::write_multi_char;0x44ef45;0x25;__cdecl;;uchar;wchar_t;int
;_Globals::write_string;0x44ef6a;0x4f;__cdecl;;uchar;int
;Runtime::MSVCRT::__woutput_l;0x44efb9;0x8f1;__cdecl;;int;FILE*;wchar_t*;_locale_t;va_list
;Runtime::MSVCRT::__ValidateImageBase;0x44f8d0;0x29;__cdecl;;BOOL;PBYTE
;Runtime::MSVCRT::__FindPESection;0x44f900;0x42;__cdecl;;PIMAGE_SECTION_HEADER;PBYTE;DWORD_PTR
;Runtime::MSVCRT::__IsNonwritableInCurrentImage;0x44f942;0x6c;__cdecl;;BOOL;PBYTE
;Runtime::MSVCRT::_ValidateRead;0x44f9ae;0xd;__cdecl;;int;void*;uint
;Runtime::MSVCRT::_strcpy_s;0x44f9bb;0x65;__cdecl;;errno_t;char*;rsize_t;char*
;Runtime::MSVCRT::_strlen;0x44fa20;0x8b;__cdecl;;size_t;char*
;_Globals::FUN_0044faab;0x44faab;0xa;__cdecl;;uchar;uint
;Runtime::MSVCRT::___crtInitCritSecNoSpinCount@8;0x44fab5;0x10;__stdcall;;uint;LPCRITICAL_SECTION
;Runtime::MSVCRT::___crtInitCritSecAndSpinCount;0x44fac5;0xc5;__cdecl;;int;uint;uint
;Runtime::MSVCRT::__local_unwind4;0x44fb8c;0x90;__cdecl;;uchar;uint*;int;uint
;Runtime::MSVCRT::__seh_longjmp_unwind4@4;0x44fc62;0x1c;__stdcall;;uchar;int
;Runtime::MSVCRT::_EH4_CallFilterFunc;0x44fc7e;0x17;__fastcall;;uchar;uchar*
;Runtime::MSVCRT::_EH4_TransferToHandler;0x44fc95;0x19;__fastcall;;uchar;uchar*
;Runtime::MSVCRT::_EH4_GlobalUnwind;0x44fcae;0x1a;__fastcall;;uchar;PVOID
;Runtime::MSVCRT::_EH4_LocalUnwind;0x44fcc8;0x17;__fastcall;;uchar;int;uint;uint;uint*
;_Globals::FUN_0044fcdf;0x44fcdf;0x8;__stdcall;;uchar
;Runtime::MSVCRT::__EH_prolog3_catch;0x44fce7;0x36;__cdecl;;uchar;int
;Runtime::MSVCRT::__global_unwind2;0x44fd20;0x20;__cdecl;;uchar;PVOID
;Runtime::MSVCRT::__local_unwind2;0x44fd85;0x84;__cdecl;;uchar;int;uint
;Runtime::MSVCRT::__NLG_Notify1;0x44fe2c;0x9;__fastcall;;uint;uint
;Runtime::MSVCRT::__NLG_Notify;0x44fe35;0x1f;__stdcall;;void;ulong
;_Globals::FUN_0044fe54;0x44fe54;0x3;__stdcall;;uchar
;_Globals::FUN_0044fe57;0x44fe57;0x50;__stdcall;;uint
;Runtime::MSVCRT::__get_sse2_info;0x44fea7;0x60;__stdcall;;uint
;Runtime::MSVCRT::__initp_misc_winsig;0x44ff14;0x19;__cdecl;;uchar;uint
;_Globals::siglookup;0x44ff2d;0x34;__cdecl;;uint;uint
;Runtime::MSVCRT::___get_sigabrt;0x44ff61;0xd;__cdecl;;_PHNDLR
;Runtime::MSVCRT::_raise;0x44ff6e;0x1b0;__cdecl;;int;int
;_Globals::FUN_004500e2;0x4500e2;0xf;__stdcall;;uchar
;_Globals::FUN_0045011e;0x45011e;0xa;__cdecl;;uchar;uint
;Runtime::MSVCRT::__crtLCMapStringA_stat;0x450128;0x3a2;__cdecl;;int;localeinfo_struct*;ulong;ulong;char*;int;char*;int;int;int
;Runtime::MSVCRT::___crtLCMapStringA;0x4504ca;0x43;__cdecl;;int;_locale_t;LPCWSTR;DWORD;LPCSTR;int;LPSTR;int;int;BOOL
;Runtime::MSVCRT::__crtGetStringTypeA_stat;0x45050d;0x1b8;__cdecl;;int;localeinfo_struct*;ulong;char*;int;ushort*;int;int;int
;Runtime::MSVCRT::___crtGetStringTypeA;0x4506c5;0x40;__cdecl;;BOOL;_locale_t;DWORD;LPCSTR;int;LPWORD;int;BOOL
;Runtime::MSVCRT::___free_lc_time;0x450705;0x190;__cdecl;;uchar;uint*
;Runtime::MSVCRT::___free_lconv_num;0x450895;0x40;__cdecl;;uchar;uint*
;Runtime::MSVCRT::___free_lconv_mon;0x4508d5;0x89;__cdecl;;uchar;int
;Runtime::MSVCRT::_strcat_s;0x45095e;0x71;__cdecl;;errno_t;char*;rsize_t;char*
;Runtime::MSVCRT::_strcspn;0x4509d0;0x46;__cdecl;;size_t;char*;char*
;Runtime::MSVCRT::_strncpy_s;0x450a16;0xb3;__cdecl;;errno_t;char*;rsize_t;char*;rsize_t
;Runtime::MSVCRT::_strpbrk;0x450ad0;0x40;__cdecl;;char*;char*;char*
;Runtime::MSVCRT::___ansicp;0x450b10;0x47;__cdecl;;long;LCID
;Runtime::MSVCRT::___convertcp;0x450b57;0x1b2;__cdecl;;LPSTR;UINT;UINT;char*;uint*;LPSTR;int
;Runtime::MSVCRT::___crtMessageBoxA;0x450d09;0x19e;__cdecl;;int;LPCSTR;LPCSTR;UINT
;Runtime::MSVCRT::__set_error_mode;0x450ea7;0x46;__cdecl;;int;int
;Runtime::MSVCRT::__isdigit_l;0x450eed;0x4f;__cdecl;;int;int;_locale_t
;Runtime::MSVCRT::_isdigit;0x450f3c;0x29;__cdecl;;int;int
;Runtime::MSVCRT::_strrchr;0x450f70;0x2d;__cdecl;;char*;char*;int
;Runtime::MSVCRT::__tolower_l;0x450f9d;0x117;__cdecl;;int;int;_locale_t
;Runtime::MSVCRT::_tolower;0x4510b4;0x27;__cdecl;;int;int
;_Globals::FID_conflict:__atoflt_l;0x4510db;0xa6;__cdecl;;int;_CRT_FLOAT*;char*;_locale_t
;_Globals::FID_conflict:__atoflt_l;0x451181;0xa6;__cdecl;;int;_CRT_FLOAT*;char*;_locale_t
;Runtime::MSVCRT::__fptostr;0x451227;0xbd;__cdecl;;errno_t;char*;size_t;int;STRFLT
;Runtime::MSVCRT::___dtold;0x4512e4;0xbb;__cdecl;;uchar;uint*;uint*
;Runtime::MSVCRT::__fltout2;0x45139f;0x8e;__cdecl;;STRFLT;_CRT_DOUBLE;STRFLT;char*;size_t
;Runtime::MSVCRT::__alldvrm;0x451430;0xdf;__stdcall;;undefined8;uint;uint;uint;uint
;Runtime::MSVCRT::__aullshr;0x451510;0x1f;__fastcall;;ulonglong;uchar;uint
;Runtime::MSVCRT::__controlfp_s;0x451538;0x6a;__cdecl;;errno_t;uint*;uint;uint
;x_ismbbtype_l;0x4515a2;0x51;__cdecl;;int;localeinfo_struct*;uint;int;int
;Runtime::MSVCRT::__ismbblead;0x4515f3;0x13;__cdecl;;int;uint
;CNumEdit::__wchartodigit;0x451606;0x182;__cdecl;;int;ushort
;Runtime::MSVCRT::__aulldvrm;0x451790;0x95;__stdcall;;undefined8;uint;uint;uint;uint
;_Globals::FID_conflict:__ld12tod;0x451825;0x542;__cdecl;;INTRNCVT_STATUS;_LDBL12*;_CRT_DOUBLE*
;_Globals::FID_conflict:__ld12tod;0x451d67;0x542;__cdecl;;INTRNCVT_STATUS;_LDBL12*;_CRT_DOUBLE*
;CNumEdit::__crtGetStringTypeW_stat;0x4522a9;0x224;__cdecl;;int;localeinfo_struct*;ulong;wchar_t*;int;ushort*;int;int
;CNumEdit::___crtGetStringTypeW;0x4524cd;0x3e;__cdecl;;uchar;localeinfo_struct*;ulong;wchar_t*;int;ushort*;int;int
;Runtime::MSVCRT::___mtold12;0x45250b;0x1cc;__cdecl;;uchar;char*;int;uint*
;Runtime::MSVCRT::__lseeki64_nolock;0x4526d7;0x83;__cdecl;;longlong;int;longlong;int
;Runtime::MSVCRT::__lseeki64;0x45275a;0x10f;__cdecl;;longlong;int;longlong;int
;_Globals::FUN_00452869;0x452869;0xa;__stdcall;;uchar
;Runtime::MSVCRT::__write_nolock;0x452873;0x5c6;__cdecl;;int;int;void*;uint
;Runtime::MSVCRT::__write;0x452e39;0xd2;__cdecl;;int;int;void*;uint
;_Globals::FUN_00452f0b;0x452f0b;0xa;__stdcall;;uchar
;Runtime::MSVCRT::__getbuf;0x452f15;0x44;__cdecl;;void;FILE*
;Runtime::MSVCRT::__isatty;0x452f59;0x5e;__cdecl;;int;int
;_Globals::FUN_00452fb7;0x452fb7;0x6;__stdcall;;uchar**
;Runtime::MSVCRT::__fileno;0x453132;0x2d;__cdecl;;int;FILE*
;Runtime::MSVCRT::__fputwc_nolock;0x45315f;0x1de;__cdecl;;wint_t;wchar_t;FILE*
;Runtime::MSVCRT::__get_printf_count_output;0x45333d;0x16;__cdecl;;int
;Runtime::MSVCRT::__mbtowc_l;0x453353;0x113;__cdecl;;int;wchar_t*;char*;size_t;_locale_t
;Runtime::MSVCRT::_mbtowc;0x453466;0x17;__cdecl;;int;wchar_t*;char*;size_t
;Runtime::MSVCRT::__isleadbyte_l;0x45347d;0x36;__cdecl;;int;int;_locale_t
;Runtime::MSVCRT::_isleadbyte;0x4534b3;0xe;__cdecl;;int;int
;Runtime::MSVCRT::_atol;0x4534c1;0x11;__cdecl;;long;char*
;Runtime::MSVCRT::__isctype_l;0x4534d2;0xb6;__cdecl;;int;int;int;_locale_t
;Runtime::MSVCRT::___strgtold12_l;0x453588;0x691;__cdecl;;uint;_LDBL12*;char**;char*;int;int;int;int;_locale_t
;_Globals::$I10_OUTPUT;0x453c4c;0x8c8;__cdecl;;uint;int;uint;ushort;int;uchar;short*
;Runtime::MSVCRT::__hw_cw;0x454514;0x8e;__stdcall;;uint
;Runtime::MSVCRT::___hw_cw_sse2;0x4545a2;0xa0;__fastcall;;uint;uint;uint
;Runtime::MSVCRT::__control87;0x454642;0x303;__cdecl;;uint;uint;uint
;Runtime::MSVCRT::__get_osfhandle;0x4549c6;0x71;__cdecl;;intptr_t;int
;Runtime::MSVCRT::___lock_fhandle;0x454a37;0x92;__cdecl;;int;int
;_Globals::FUN_00454ace;0x454ace;0x9;__stdcall;;uchar
;_Globals::MSVCRT___unlock_fhandle;0x454ad7;0x22;__cdecl;;uchar;uint
;Runtime::MSVCRT::__putwch_nolock;0x454af9;0xc2;__cdecl;;wint_t;wchar_t
;Runtime::MSVCRT::__flswbuf;0x454de1;0x170;__cdecl;;int;int;FILE*
;Runtime::MSVCRT::__wctomb_s_l;0x454f51;0x15f;__cdecl;;errno_t;int*;char*;size_t;wchar_t;_locale_t
;Runtime::MSVCRT::_wctomb_s;0x4550b0;0x1b;__cdecl;;errno_t;int*;char*;rsize_t;wchar_t
;strtoxl;0x4550cb;0x22b;__cdecl;;ulong;localeinfo_struct*;char*;char**;int;int
;Runtime::MSVCRT::_strtol;0x4552f6;0x29;__cdecl;;long;char*;char**;int
;Runtime::MSVCRT::___ascii_strnicmp;0x455320;0x61;__cdecl;;int;char*;char*;size_t
;Runtime::MSVCRT::___set_fpsr_sse2;0x455381;0x72;__cdecl;;uchar;uint
;Runtime::MSVCRT::___initconout;0x4553f3;0x1f;__cdecl;;void
;CDSMpx::CDSMpx_InitMadDecoderFields;0x4567b0;0x45;__cdecl;;uchar;uint*
;_Globals::FUN_00456800;0x456800;0x1e;__cdecl;;uchar;int
;CDSMpx::CDSMpx_mad_stream_buffer;0x456820;0x2e;__cdecl;;uchar;uint*;uint;int
;CDSMpx::mad_stream_sync;0x456850;0x53;__cdecl;;uint;int
;CDSMpx::mad_synth_mute;0x4568b0;0x60;__cdecl;;void;int*
;CDSMpx::mad_synth_frame_dct32_full;0x456910;0x1181;__thiscall;;uchar;CDSMpx*;int*
;CDSMpx::DecodeGranuleStereo;0x457aa0;0x9ac;__cdecl;;uchar;int;int;int;int
;CDSMpx::DecodeGranuleMono;0x458450;0x9bd;__cdecl;;uchar;int;int;int;int
;CDSMpx::DispatchLayerDecoder;0x458e10;0x96;__cdecl;;void;CDSMpx*;MpegAudioFrameInfo*
;CDSMpx::mad_synth_init;0x458eb0;0x2c;__cdecl;;void;int*
;CDSMpx::mad_header_init;0x458ee0;0x38;__cdecl;;void;mad_header_t*
;_Globals::mad_frame_finish;0x458f20;0x24;__cdecl;;void;int*
;CDSMpx::mad_header_decode;0x458f50;0x1d8;__cdecl;;uint;void*;MpegAudioFrameInfo*
;CDSMpx::EstimateAvgBitrate;0x459130;0x19a;__cdecl;;uint;uint*;int*
;CDSMpx::SeekToValidFrame;0x4592d0;0x22c;__cdecl;;uint;int*;uint*
;CDSMpx::ReadOneFrame;0x459500;0x9b;__cdecl;;uint;int*;uint*
;CDSMpx::mad_frame_mute;0x4595a0;0x7a;__cdecl;;void;uint*
;CDSMpx::mad_frame_init;0x459620;0x21;__cdecl;;void;uint*
;CDSMpx::mad_bit_init;0x459650;0x17;__cdecl;;void;uint*;uint
;CDSMpx::mad_bit_length;0x459670;0x1f;__cdecl;;int;int*;int*
;CDSMpx::mad_bit_nextbyte;0x459690;0x11;__cdecl;;int;int*
;CDSMpx::mad_bit_skip;0x4596b0;0x40;__cdecl;;void;int*;uint
;CDSMpx::mad_bit_read;0x4596f0;0xb4;__cdecl;;uint;int*;uint
;CDSMpx::mad_bit_crc;0x4597b0;0x14f;__cdecl;;uint;uint;uint;uint;ushort
;_Globals::III_sideinfo;0x459900;0x27a;__cdecl;;int;uint;int;uint*;int*
;_Globals::decode_mcu;0x459b80;0x2ca;__cdecl;;uchar;int*;int;int;uchar*
;_Globals::III_scalefactors;0x459e50;0x202;__cdecl;;uchar;int;uchar
;_Globals::III_scalefactors;0x45a060;0x1b2;__cdecl;;uchar;uchar*;int*
;_Globals::FUN_0045a220;0x45a220;0x99;__fastcall;;uint;int
;_Globals::III_huffdecode;0x45a2c0;0x70f;__cdecl;;uint;uint*;ushort*;uchar*;int
;_Globals::FUN_0045a9d0;0x45a9d0;0x12c;__thiscall;;uchar;void*;int;uchar*
;_Globals::FUN_0045ab00;0x45ab00;0x4b0;__fastcall;;uint;int;int;int;uchar*
;_Globals::III_aliasreduce;0x45afb0;0xc7;__fastcall;;uchar;int
;_Globals::fastsdct;0x45b080;0x1c6;__fastcall;;uchar;int*
;_Globals::jpeg_fdct_ifast;0x45b250;0x114;__cdecl;;uchar;int;int*
;_Globals::dctIV;0x45b370;0x107;__cdecl;;uchar;int*
;_Globals::FUN_0045b480;0x45b480;0xab;__stdcall;;uchar
;_Globals::FUN_0045b530;0x45b530;0x270;__thiscall;;uchar;void*;int
;_Globals::jpeg_fdct_islow;0x45b7a0;0x2e6;__cdecl;;uchar;int
;_Globals::FUN_0045ba90;0x45ba90;0xa1;__fastcall;;uchar;int;int;int
;_Globals::FUN_0045bb40;0x45bb40;0x66;__stdcall;;uchar
;_Globals::III_decode;0x45bbb0;0x544;__cdecl;;int;int*;int;int;uint
;CDSMpx::mad_layer_III;0x45c100;0x37f;__cdecl;;int;int;int
;CDSMpx::mad_layer_I_sample;0x45c480;0x58;__stdcall;;uint
;CDSMpx::mad_layer_I;0x45c4e0;0x312;__cdecl;;uint;int;int
;CDSMpx::mad_layer_II_samples;0x45c800;0xbc;__cdecl;;uchar;uint*
;CDSMpx::mad_layer_II;0x45c8c0;0x68b;__cdecl;;uint;CDSMpx*;void*
;CDSMpx::CDSMpx_III_sideinfo;0x45cf80;0x15;__fastcall;;uchar;uint
;CDSMpx::CDSMpx_III_scalefactors_lsf;0x45cfa0;0x20;__stdcall;;uchar
;CDSMpx::CDSMpx::mad_layer_III_requantize;0x45cfc0;0x6a;__cdecl;;uint;uint;uint;uint
;CDSMpx::FUN_0045d030;0x45d030;0x1f2;__cdecl;;uchar;int*;int;uint;uint
;_Globals::jpeg_abort;0x45d160;0x39;__cdecl;;uchar;int
;_Globals::jpeg_destroy;0x45d1a0;0x21;__cdecl;;uchar;int
;_Globals::FUN_0045d1d0;0x45d1d0;0x1e;__cdecl;;uchar;int
;_Globals::alloc_small;0x45d1f0;0x1e;__cdecl;;uchar;int
;_Globals::get_soi;0x45d210;0x8c;__stdcall;;uchar
;_Globals::get_sof;0x45d2a0;0x2bd;__fastcall;;uint;uchar
;_Globals::get_sos;0x45d560;0x26a;__stdcall;;uint
;_Globals::get_dht;0x45d7d0;0x277;__cdecl;;uchar;int*
;_Globals::get_dqt;0x45da50;0x1ee;__cdecl;;uchar;int*
;_Globals::get_dri;0x45dc40;0xd9;__cdecl;;uchar;int*
;_Globals::FUN_0045dd20;0x45dd20;0x7a;__thiscall;;uchar;void*;uint
;_Globals::process_APP14;0x45dda0;0x36;__thiscall;;uchar;void*;uint
;_Globals::save_marker;0x45dde0;0x17d;__cdecl;;uchar;int*
;_Globals::skip_variable;0x45df60;0x77;__cdecl;;uchar;int
;_Globals::next_marker;0x45dfe0;0xd9;__stdcall;;uint
;_Globals::first_marker;0x45e0c0;0xa7;__cdecl;;uint;int*
;_Globals::read_markers;0x45e170;0x217;__cdecl;;uint;int*
;_Globals::read_restart_marker;0x45e4d0;0x65;__cdecl;;uint;int
;_Globals::jpeg_resync_to_restart;0x45e540;0xa7;__cdecl;;uint;int;int
;_Globals::reset_marker_reader;0x45e5f0;0x2b;__cdecl;;uchar;int
;_Globals::jinit_marker_reader;0x45e620;0x7b;__cdecl;;uchar;int
;_Globals::jpeg_CreateDecompress;0x45e6a0;0xe7;__cdecl;;uchar;int*;int;int
;_Globals::default_decompress_parms;0x45e7a0;0x125;__stdcall;;uchar
;_Globals::jpeg_consume_input;0x45e8d0;0xa3;__cdecl;;int;int*
;_Globals::jpeg_finish_decompress;0x45e9a0;0xc8;__cdecl;;uint;int*
;_Globals::jpeg_read_header;0x45ea70;0x77;__cdecl;;int;int*;char
;_Globals::output_pass_setup;0x45eaf0;0xaa;__stdcall;;uint
;_Globals::jpeg_read_scanlines;0x45eba0;0x64;__cdecl;;int;int*;uint;uint
;_Globals::jpeg_start_decompress;0x45ec10;0xa5;__cdecl;;uint;int*
;CDSJpegImage::jpeg_CreateCompress;0x45ecc0;0xbe;__cdecl;;uchar;int*;int;int
;CDSJpegImage::FUN_0045ed80;0x45ed80;0x68;__cdecl;;uchar;int;uchar
;CDSJpegImage::jpeg_finish_compress;0x45edf0;0xee;__cdecl;;uchar;int*
;CDSJpegImage::jpeg_start_compress;0x45eee0;0x7a;__cdecl;;uchar;int*;char
;CDSJpegImage::jpeg_write_scanlines;0x45ef60;0x7b;__cdecl;;uchar;int*;uint;uint
;CDSJpegImage::FUN_0045efe0;0x45efe0;0x1cd;__cdecl;;uchar;int*;int;int;int;char
;CDSJpegImage::FUN_0045f1b0;0x45f1b0;0x34;__cdecl;;uchar;int*;int;char
;CDSJpegImage::jpeg_quality_scaling;0x45f1f0;0x38;__cdecl;;int;int
;CDSJpegImage::jpeg_set_quality;0x45f230;0x21;__cdecl;;uchar;int*;int;char
;CDSJpegImage::jpeg_add_quant_table;0x45f260;0xa4;__cdecl;;uchar;int*;void*
;CDSJpegImage::jpeg_add_default_quant_tables;0x45f310;0x52;__stdcall;;uchar
;CDSJpegImage::jpeg_set_colorspace;0x45f370;0x2ca;__cdecl;;uchar;int*;int
;CDSJpegImage::jpeg_default_colorspace;0x45f660;0x62;__cdecl;;uchar;int*
;CDSJpegImage::jpeg_set_defaults;0x45f6e0;0x100;__cdecl;;uchar;int*
;_Globals::jdiv_round_up;0x45f7e0;0x10;__cdecl;;int;int;int
;_Globals::FUN_0045f7f0;0x45f7f0;0x18;__cdecl;;int;int;int
;_Globals::jcopy_sample_rows;0x45f810;0x47;__cdecl;;uchar;int;int;int;int;int;size_t
;_Globals::FUN_0045f860;0x45f860;0x1b;__cdecl;;uchar;void*;void*;int
;_Globals::FUN_0045f880;0x45f880;0x15;__cdecl;;uchar;void*;size_t
;_Globals::initial_setup;0x45f8a0;0x1f7;__stdcall;;uchar
;_Globals::per_scan_setup;0x45faa0;0x1a2;__stdcall;;uint
;_Globals::select_scan_quant_tables;0x45fc50;0xa1;__stdcall;;uchar
;_Globals::jpeg_consume_markers;0x45fd00;0x3f;__cdecl;;uchar;int
;_Globals::jpeg_reset_input_controller;0x45fd40;0xb9;__cdecl;;int;int*
;_Globals::jpeg_start_input_pass;0x45fe00;0x3f;__cdecl;;uchar;int*
;_Globals::jinit_input_controller;0x45fe60;0x43;__cdecl;;uchar;int
;_Globals::FUN_0045feb0;0x45feb0;0x75;__fastcall;;uint;uint;int
;_Globals::FUN_0045ff30;0x45ff30;0x213;__cdecl;;uchar;int*
;_Globals::FUN_00460160;0x460160;0x95;__stdcall;;uchar
;_Globals::FUN_00460200;0x460200;0x178;__stdcall;;uchar
;_Globals::post_process_1pass;0x460380;0x112;__cdecl;;uchar;int*
;_Globals::FUN_004604d0;0x4604d0;0x32;__cdecl;;uchar;int
;_Globals::emit_byte;0x460510;0x35;__cdecl;;uchar;uchar
;_Globals::emit_marker;0x460550;0x1c;__cdecl;;uchar;uchar
;_Globals::emit_2bytes;0x460570;0x21;__stdcall;;uchar
;_Globals::encode_one_block;0x4605a0;0x100;__fastcall;;char;int*
;_Globals::emit_dht;0x4606a0;0xe1;__thiscall;;uchar;void*;int;char
;_Globals::emit_dri;0x460790;0x28;__stdcall;;uchar
;_Globals::emit_sof;0x4607c0;0xaa;__fastcall;;uchar;int*
;_Globals::emit_sos;0x460870;0xcb;__stdcall;;uchar
;_Globals::emit_jfif_app0;0x460940;0x92;__stdcall;;uchar
;_Globals::emit_adobe_app14;0x4609e0;0x8e;__stdcall;;uchar
;_Globals::emit_dri;0x460a70;0x40;__cdecl;;uchar;int*;uchar;uint
;_Globals::FUN_00460ad0;0x460ad0;0x46;__cdecl;;uchar;int
;_Globals::start_pass_huff;0x460bf0;0xc4;__cdecl;;uchar;void*
;_Globals::write_tables_only;0x460cd0;0x8a;__cdecl;;uchar;int*
;CDSJpegImage::jinit_marker_writer;0x460d60;0x53;__cdecl;;uchar;int
;CDSJpegImage::jinit_compress_master;0x460dc0;0xb5;__cdecl;;uchar;int*
;_Globals::FUN_00460e80;0x460e80;0xaa;__stdcall;;uchar
;_Globals::FUN_00460f30;0x460f30;0x142;__cdecl;;uchar;int
;_Globals::FUN_00461080;0x461080;0xd7;__cdecl;;uchar;int
;_Globals::FUN_00461160;0x461160;0x9a;__cdecl;;uchar;int
;_Globals::FUN_00461460;0x461460;0xd3;__cdecl;;uchar;int*;char
;_Globals::FUN_00461540;0x461540;0x49;__fastcall;;uchar;int
;_Globals::jpeg_decompress_data;0x4615b0;0x23f;__cdecl;;uint;int;int
;_Globals::FUN_004619e0;0x4619e0;0x18f;__cdecl;;int;int;int
;_Globals::FUN_00461b70;0x461b70;0x160;__stdcall;;uint
;_Globals::jinit_d_coef_controller;0x462370;0x149;__cdecl;;uchar;uint*;char
;_Globals::jpeg_make_d_derived_tbl;0x4624c0;0x2e4;__cdecl;;uchar;int*;char;int;int*
;_Globals::jpeg_fill_bit_buffer;0x4627b0;0xf8;__cdecl;;uint;uint*;uint;int;int
;_Globals::jpeg_huff_decode;0x4628b0;0xc6;__cdecl;;uint;uint*;uint;int;int;int
;_Globals::FUN_00462980;0x462980;0x7e;__stdcall;;uint
;_Globals::decode_mcu;0x462a00;0x420;__cdecl;;uint;int;int
;_Globals::jinit_huff_decoder;0x462f30;0x46;__cdecl;;uchar;int
;_Globals::FUN_00462f80;0x462f80;0x85;__stdcall;;uint
;_Globals::jpeg_decode_mcu_DC_first;0x463010;0x237;__cdecl;;uint;uint;int
;_Globals::jpeg_decode_mcu_AC_first;0x463250;0x245;__cdecl;;uint;int;int*
;_Globals::jpeg_decode_mcu_AC_refine;0x4634a0;0xe5;__cdecl;;uint;int;int
;_Globals::start_pass_huff_decoder;0x463960;0x1e7;__cdecl;;uchar;int*
;_Globals::jinit_huff_decoder;0x463b50;0x6e;__cdecl;;uchar;int
;_Globals::start_pass_dcolor;0x463bc0;0x2fa;__cdecl;;uchar;int*
;_Globals::FUN_00463ee0;0x463ee0;0x71;__cdecl;;uchar;int
;_Globals::FUN_00463fe0;0x463fe0;0xa1;__cdecl;;uchar;int;uint;uint;uint;uint;int*
;_Globals::FUN_00464090;0x464090;0x95;__cdecl;;uchar;int
;_Globals::jinit_d_main_controller;0x464230;0x93;__cdecl;;uchar;int;char
;_Globals::sep_upsample;0x4642f0;0xcc;__cdecl;;uchar;int;int;int*;uint;int;int*;int
;_Globals::int_upsample;0x4643e0;0xde;__cdecl;;uchar;int;uint*;uint*;int*
;_Globals::h2v2_smooth_downsample;0x464660;0x13f;__cdecl;;uchar;int;int;uint*;int*
;_Globals::jinit_upsampler;0x4647a0;0x1ee;__cdecl;;uchar;int*
;_Globals::build_ycc_rgb_table;0x464990;0xc4;__stdcall;;uchar
;_Globals::ycc_rgb_convert;0x464a60;0x11f;__cdecl;;uchar;int;int*;int;uint*;int
;_Globals::ycck_cmyk_convert;0x464ca0;0x152;__cdecl;;uchar;int;int*;int;uint*;int
;_Globals::jinit_color_deconverter;0x464e00;0x16e;__cdecl;;uchar;int*
;_Globals::build_ycc_rgb_table;0x464f90;0xc4;__stdcall;;uchar
;_Globals::FUN_00465180;0x465180;0x150;__cdecl;;uchar;int;int*;int;uint*
;_Globals::jinit_color_deconverter;0x4654f0;0x80;__cdecl;;uchar;int
;_Globals::find_biggest_color_pop;0x4655f0;0x2c;__fastcall;;int*;int;int
;_Globals::find_biggest_volume;0x465620;0x26;__fastcall;;int*;int;int
;_Globals::FUN_00465650;0x465650;0x407;__thiscall;;uchar;void*;int*
;_Globals::median_cut;0x465a60;0x14a;__cdecl;;int;void*;int;int;int
;_Globals::FUN_00465bb0;0x465bb0;0x173;__cdecl;;uchar;int;int
;_Globals::select_colors;0x465d30;0x6d;__cdecl;;uchar;int
;_Globals::FUN_00465da0;0x465da0;0x1c7;__thiscall;;uchar;void*;int;int;int
;_Globals::FUN_00465f70;0x465f70;0x173;__cdecl;;uchar;int;int;int;int;int;int;uchar*
;_Globals::FUN_004660f0;0x4660f0;0x13e;__thiscall;;uchar;void*;int;int;int
;_Globals::color_quantize3;0x466230;0xc8;__cdecl;;uchar;int;int;int*;int
;_Globals::h2v2_merged_upsample;0x466300;0x2be;__cdecl;;uchar;int;int;int*;int
;_Globals::FUN_004665c0;0x4665c0;0xa6;__stdcall;;uchar
;_Globals::FUN_004666a0;0x4666a0;0x118;__cdecl;;uchar;int*;char
;_Globals::jinit_2pass_quantizer;0x4667d0;0x142;__cdecl;;uchar;int*
;_Globals::FUN_00466920;0x466920;0xe7;__cdecl;;int;int*;int*
;_Globals::FUN_00466a10;0x466a10;0x15;__fastcall;;int;int
;_Globals::FUN_00466a30;0x466a30;0x13;__fastcall;;int;int
;_Globals::FUN_00466a50;0x466a50;0x11d;__cdecl;;uchar;int*
;_Globals::zlib::gen_codes;0x466b70;0x145;__cdecl;;uchar;int
;_Globals::FUN_00466cc0;0x466cc0;0x74;__fastcall;;int*;int
;_Globals::FUN_00466d40;0x466d40;0x50;__stdcall;;uchar
;_Globals::FUN_00466e40;0x466e40;0xb8;__cdecl;;uchar;int;int;int*;int
;_Globals::FUN_00466f00;0x466f00;0x118;__cdecl;;uchar;int;int;uint*;int*
;_Globals::FUN_00467020;0x467020;0x12d;__cdecl;;uchar;int;int;int*;int
;_Globals::FUN_00467150;0x467150;0x1a2;__cdecl;;uchar;int;int;uint*;int
;_Globals::FUN_00467300;0x467300;0x40;__stdcall;;uchar
;_Globals::FUN_00467340;0x467340;0xe3;__cdecl;;uchar;int*
;CDSApp::CDSApp_PreCreateHook;0x467430;0x1;__thiscall;;void;CDSApp*
;_Globals::FUN_00467460;0x467460;0x96;__cdecl;;uchar;int*
;CDSJpegImage::FUN_00467600;0x467600;0x8e;__cdecl;;uchar;int*;char
;_Globals::FUN_00467690;0x467690;0x46;__fastcall;;uchar;int
;_Globals::jpeg_compress_data;0x4676e0;0x245;__cdecl;;uint;int;int
;_Globals::FUN_00467930;0x467930;0x1b5;__cdecl;;uint;int
;_Globals::compress_first_pass;0x467af0;0x212;__cdecl;;uchar;int;uint*
;_Globals::FUN_00467d10;0x467d10;0xac;__cdecl;;uchar;int*;int
;CDSJpegImage::FUN_00467dc0;0x467dc0;0x102;__cdecl;;uchar;int;char
;_Globals::jpeg_make_c_derived_tbl;0x467ed0;0x215;__cdecl;;uchar;int*;char;int;int*
;_Globals::FUN_004680f0;0x4680f0;0x24;__stdcall;;uchar
;_Globals::FUN_00468120;0x468120;0xaf;__thiscall;;uint;void*;uint
;_Globals::FUN_004681d0;0x4681d0;0x21;__stdcall;;uint
;_Globals::encode_one_block;0x468200;0x199;__cdecl;;uint;void*;short*;uint;uint*
;_Globals::FUN_004683a0;0x4683a0;0x7d;__cdecl;;uint;char
;_Globals::encode_mcu;0x468420;0x162;__cdecl;;uint;int*;int
;_Globals::FUN_00468590;0x468590;0xb2;__cdecl;;uchar;int*
;_Globals::htest_one_block;0x468650;0xe3;__cdecl;;int*;int*;short*;int
;_Globals::jpeg_gen_optimal_table;0x468810;0x2d2;__cdecl;;uchar;int*;uint*;int
;_Globals::finish_pass_gather;0x468af0;0xe2;__cdecl;;uchar;int*
;_Globals::FUN_00468be0;0x468be0;0x185;__cdecl;;uchar;int*;char
;CDSJpegImage::jinit_huff_encoder;0x468d70;0x54;__cdecl;;uchar;int
;_Globals::FUN_00468dd0;0x468dd0;0x3a;__stdcall;;uchar
;_Globals::FUN_00468e10;0x468e10;0xbd;__thiscall;;uchar;void*;uint
;_Globals::FUN_00468ed0;0x468ed0;0x1a;__stdcall;;uchar
;_Globals::FUN_00468ef0;0x468ef0;0x29;__fastcall;;int;void*
;_Globals::FUN_00468f20;0x468f20;0x2e;__fastcall;;uchar;char*
;_Globals::FUN_00468f50;0x468f50;0x77;__stdcall;;uchar
;_Globals::emit_restart;0x468fd0;0x81;__cdecl;;uchar;char
;_Globals::FUN_00469060;0x469060;0x146;__cdecl;;uint;int*;int
;_Globals::encode_one_block;0x4691b0;0x1bf;__cdecl;;uint;int*;int*
;_Globals::FUN_004696a0;0x4696a0;0xc5;__cdecl;;uchar;int*
;_Globals::start_pass_huff_decoder;0x469770;0x182;__cdecl;;uchar;int*;char
;CDSJpegImage::FUN_00469900;0x469900;0x3f;__cdecl;;uchar;int
;CDSJpegImage::jpeg_jinit_inverse_dct;0x46a750;0x92;__cdecl;;uchar;int*
;_Globals::FUN_0046a840;0x46a840;0x2d;__cdecl;;uchar;size_t
;_Globals::FUN_0046a870;0x46a870;0x18e;__cdecl;;uchar;int;int;uint*;uint;uint;uint*;uint
;_Globals::compress_output;0x46aa00;0x1c6;__cdecl;;uchar;int;int;uint*;uint;uint;uint*;uint
;CDSJpegImage::FUN_0046abd0;0x46abd0;0x11d;__stdcall;;uchar
;CDSJpegImage::FUN_0046acf0;0x46acf0;0xae;__cdecl;;uchar;int*;char
;_Globals::expand_right_edge;0x46ada0;0x4c;__thiscall;;uchar;void*;int;int
;_Globals::FUN_0046adf0;0x46adf0;0x89;__cdecl;;uchar;int;int*;int;int;int
;_Globals::FUN_0046ae80;0x46ae80;0x129;__cdecl;;uchar;int*;int;int*;int
;_Globals::FUN_0046b000;0x46b000;0xa4;__cdecl;;uchar;void*;int;uint*;int
;_Globals::FUN_0046b0b0;0x46b0b0;0xcd;__cdecl;;uchar;void*;int;uint*;int
;_Globals::h2v2_fancy_upsample;0x46b180;0x27e;__cdecl;;uchar;int;int;int;int
;_Globals::FUN_0046b400;0x46b400;0x18d;__cdecl;;uchar;int;int;uint*;int
;CDSJpegImage::FUN_0046b590;0x46b590;0x147;__cdecl;;uchar;int*
;_Globals::rgb_ycc_start;0x46b6e0;0xd1;__cdecl;;uchar;int
;_Globals::rgb_ycc_convert;0x46b7c0;0x112;__cdecl;;uchar;int;uint*;int*;int;int
;_Globals::rgb_gray_convert;0x46b8e0;0xa7;__cdecl;;uchar;int;uint*;int*;int;int
;_Globals::cmyk_ycck_convert;0x46b990;0x148;__cdecl;;uchar;int;uint*;int*;int;int
;CDSJpegImage::jinit_color_converter;0x46bbc0;0x201;__cdecl;;uchar;int*
;CDSJpegImage::initial_setup;0x46bdf0;0x1d8;__stdcall;;uchar
;CDSJpegImage::jpeg_validate_script;0x46bfd0;0x3fb;__stdcall;;uchar
;_Globals::FUN_0046c3d0;0x46c3d0;0xe7;__stdcall;;uchar
;_Globals::per_scan_setup;0x46c4c0;0x1c7;__stdcall;;uint
;_Globals::FUN_0046c690;0x46c690;0x1b9;__cdecl;;uchar;int*
;_Globals::FUN_0046c850;0x46c850;0x2c;__cdecl;;uchar;int
;CDSJpegImage::FUN_0046c8f0;0x46c8f0;0xaf;__cdecl;;uchar;int;char
;_Globals::FUN_0046db50;0x46db50;0x470;__cdecl;;uchar;int;int;int;int*;int
;_Globals::jpeg_idct_islow;0x46e000;0x312;__cdecl;;uchar;int
;_Globals::jpeg_idct_ifast;0x46e320;0x6cc;__cdecl;;uchar;int
;zlib::inflateReset;0x46edc0;0x42;__cdecl;;uint;int
;zlib::inflateEnd;0x46ee10;0x49;__cdecl;;uint;int
;zlib::inflateInit2_;0x46ee60;0xf8;__cdecl;;uint;int;int;char*;int
;zlib::inflateInit_;0x46ef60;0x1a;__cdecl;;uint;int;char*;int
;zlib::inflate;0x46ef80;0x3a4;__cdecl;;uint;int*;int
;_Globals::zlib::put_short;0x46f360;0x27;__fastcall;;uchar;uint
;_Globals::zlib::flush_pending;0x46f390;0x4e;__stdcall;;uchar
;zlib::deflate;0x46f3e0;0x277;__cdecl;;uint;int*;uint
;zlib::deflateEnd;0x46f660;0xbe;__cdecl;;uint;int
;_Globals::zlib::read_buf;0x46f720;0x4e;__thiscall;;void*;void*;void*
;_Globals::lm_init;0x46f770;0x80;__stdcall;;uchar
;_Globals::zlib::longest_match;0x46f7f0;0x17c;__stdcall;;char*
;_Globals::fill_window;0x46f970;0xfb;__stdcall;;uchar
;_Globals::zlib::deflate_stored;0x46fa70;0x130;__cdecl;;uchar;int*;int
;_Globals::deflate_fast;0x46fba0;0x2de;__cdecl;;uchar;int*;int
;_Globals::zlib::deflate_slow;0x46fe80;0x3cd;__cdecl;;uchar;int*;int
;_Globals::deflateResetKeep;0x470250;0x70;__cdecl;;uint;int
;zlib::deflateInit2_;0x4702c0;0x1fa;__cdecl;;uint;int;uint;int;int;int;uint;char*;int
;zlib::deflateInit_;0x4704c0;0x25;__cdecl;;uint;int;uint;char*;int
;zlib::inflate_blocks_reset;0x4704f0;0x7d;__cdecl;;uchar;int*;int;int*
;zlib::inflate_blocks_new;0x470570;0xa7;__cdecl;;int*;int;int;int
;zlib::inflate_blocks;0x470620;0xa7b;__cdecl;;uchar;uint*;int*;int
;zlib::inflate_blocks_free;0x4710e0;0x3f;__cdecl;;uint;int*;int
;_Globals::zlib::adler32;0x471120;0x137;__cdecl;;uint;uint;uchar*;uint
;zlib::zcalloc;0x471260;0x13;__cdecl;;int*;uint;size_t;size_t
;zlib::init_block;0x471290;0x6e;__fastcall;;uchar;uint;int
;_Globals::pqdownheap;0x471300;0xc6;__cdecl;;uchar;int
;_Globals::FUN_004713d0;0x4713d0;0x217;__fastcall;;uchar;int*
;_Globals::zlib_scan_tree;0x4715f0;0xed;__thiscall;;uchar;void*;int
;_Globals::send_tree;0x4716e0;0x511;__fastcall;;uchar;int;int
;_Globals::zlib::compress_block;0x471c00;0x25e;__cdecl;;uchar;int;int;int
;_Globals::zlib::send_tree;0x471e60;0x40c;__cdecl;;uchar;int;int
;_Globals::detect_data_type;0x472270;0x84;__fastcall;;uchar;int
;_Globals::bi_reverse;0x472300;0x19;__fastcall;;uint;uint;int
;_Globals::bi_flush;0x472320;0x75;__stdcall;;uchar
;_Globals::bi_windup;0x4723a0;0x73;__stdcall;;uchar
;_Globals::FUN_00472420;0x472420;0x82;__fastcall;;uchar;int;uchar*;int
;_Globals::zlib_tr_init;0x4724b0;0x64;__cdecl;;uchar;int
;_Globals::gen_codes;0x472520;0x7d;__fastcall;;uchar;uint;int
;_Globals::build_tree;0x4725a0;0x1f1;__cdecl;;uchar;int*
;_Globals::build_bl_tree;0x4727a0;0xc9;__stdcall;;uchar
;_Globals::send_bits;0x472870;0x9f;__cdecl;;uchar;int;uchar*;int;int
;_Globals::_tr_align;0x472910;0x1ed;__cdecl;;uchar;int
;_Globals::_tr_flush_block;0x472b00;0x1ee;__cdecl;;uchar;int;uchar*;int;int
;_Globals::inflate_codes_new;0x472cf0;0x3b;__cdecl;;uchar;uchar;uchar;uint;uint;int
;_Globals::inflate_codes;0x472d30;0x672;__cdecl;;uchar;uint;int*;int
;zlib::inflate_codes_free;0x4733d0;0x16;__cdecl;;void;uint;int
;_Globals::zlib::huft_build;0x4733f0;0x4a8;__thiscall;;uint;void*;uint;uint;int;int;uint*;int;uint*;uint*
;_Globals::zlib::inflate_trees_bits;0x4738a0;0x96;__cdecl;;int;void*;int*;uint*;int;int
;_Globals::zlib::inflate_trees_dynamic;0x473940;0x17c;__cdecl;;int;uint;uint;void*;int*;int*;uint*;uint*;int;int
;_Globals::zlib_inflate_fixed;0x473ac0;0x2e;__cdecl;;uint;uint*;uint*;uint*;uint*
;_Globals::zlib_inflate_flush;0x473af0;0xec;__cdecl;;int;int;void*;int
;_Globals::zlib::inflate_fast;0x473be0;0x352;__cdecl;;uint;int;int;int;int;int;int*
;_Globals::Unwind@00473f40;0x473f40;0x19;__stdcall;;uchar
;_Globals::Unwind@00473f80;0x473f80;0x8;__stdcall;;uchar
;_Globals::Unwind@00473f88;0x473f88;0x8;__stdcall;;uchar
;_Globals::Unwind@00473fb0;0x473fb0;0x8;__stdcall;;uchar
;_Globals::Unwind@00473fe0;0x473fe0;0x19;__stdcall;;uchar
;_Globals::Unwind@00474020;0x474020;0x8;__stdcall;;uchar
;_Globals::Unwind@00474028;0x474028;0x8;__stdcall;;uchar
;_Globals::Unwind@00474030;0x474030;0xb;__stdcall;;uchar
;_Globals::Unwind@00474060;0x474060;0x8;__stdcall;;uchar
;_Globals::Unwind@00474068;0x474068;0xb;__stdcall;;uchar
;_Globals::Unwind@00474090;0x474090;0x8;__stdcall;;uchar
;_Globals::Unwind@00474098;0x474098;0xb;__stdcall;;uchar
;_Globals::Unwind@004740a3;0x4740a3;0xb;__stdcall;;uchar
;_Globals::Unwind@004740ae;0x4740ae;0xb;__stdcall;;uchar
;_Globals::Unwind@004740b9;0x4740b9;0xb;__stdcall;;uchar
;_Globals::Unwind@004740e0;0x4740e0;0x8;__stdcall;;uchar
;_Globals::Unwind@00474110;0x474110;0x8;__stdcall;;uchar
;_Globals::Unwind@00474140;0x474140;0x8;__stdcall;;uchar
;_Globals::Unwind@00474190;0x474190;0xb;__stdcall;;uchar
;_Globals::Unwind@004741c0;0x4741c0;0x8;__stdcall;;uchar
;_Globals::Unwind@004741c8;0x4741c8;0x8;__stdcall;;uchar
;_Globals::Unwind@004741d0;0x4741d0;0x8;__stdcall;;uchar
;_Globals::Unwind@004741d8;0x4741d8;0xb;__stdcall;;uchar
;_Globals::Unwind@004741e3;0x4741e3;0x8;__stdcall;;uchar
;_Globals::Unwind@004741eb;0x4741eb;0x8;__stdcall;;uchar
;_Globals::Unwind@004741f3;0x4741f3;0x8;__stdcall;;uchar
;_Globals::Unwind@004741fb;0x4741fb;0x8;__stdcall;;uchar
;_Globals::Unwind@00474203;0x474203;0xb;__stdcall;;uchar
;_Globals::Unwind@0047420e;0x47420e;0xb;__stdcall;;uchar
;_Globals::Unwind@00474240;0x474240;0xe;__stdcall;;uchar
;_Globals::Unwind@00474280;0x474280;0xb;__stdcall;;uchar
;_Globals::Unwind@004742b0;0x4742b0;0xe;__stdcall;;uchar
;_Globals::Unwind@004742be;0x4742be;0xb;__stdcall;;uchar
;_Globals::Unwind@004742f0;0x4742f0;0x8;__stdcall;;uchar
;_Globals::Unwind@004742f8;0x4742f8;0xe;__stdcall;;uchar
;_Globals::Unwind@00474306;0x474306;0xe;__stdcall;;uchar
;_Globals::Unwind@00474314;0x474314;0xe;__stdcall;;uchar
;_Globals::Unwind@00474322;0x474322;0xe;__stdcall;;uchar
;_Globals::Unwind@00474350;0x474350;0x8;__stdcall;;uchar
;_Globals::Unwind@00474358;0x474358;0xe;__stdcall;;uchar
;_Globals::Unwind@00474366;0x474366;0xe;__stdcall;;uchar
;_Globals::Unwind@00474374;0x474374;0xe;__stdcall;;uchar
;_Globals::Unwind@004743a0;0x4743a0;0xb;__stdcall;;uchar
;_Globals::Unwind@004743d0;0x4743d0;0xb;__stdcall;;uchar
;_Globals::Unwind@00474400;0x474400;0xb;__stdcall;;uchar
;_Globals::Unwind@0047440b;0x47440b;0xb;__stdcall;;uchar
;_Globals::Unwind@00474416;0x474416;0xb;__stdcall;;uchar
;_Globals::Unwind@00474450;0x474450;0x8;__stdcall;;uchar
;_Globals::Unwind@00474480;0x474480;0x8;__stdcall;;uchar
;_Globals::Unwind@00474488;0x474488;0xb;__stdcall;;uchar
;_Globals::Unwind@00474493;0x474493;0xb;__stdcall;;uchar
;_Globals::Unwind@004744c0;0x4744c0;0x8;__stdcall;;uchar
;_Globals::Unwind@004744f0;0x4744f0;0x8;__stdcall;;uchar
;_Globals::Unwind@004744f8;0x4744f8;0xb;__stdcall;;uchar
;_Globals::Unwind@00474520;0x474520;0x8;__stdcall;;uchar
;_Globals::Unwind@00474528;0x474528;0x27;__stdcall;;uchar
;_Globals::Unwind@00474570;0x474570;0x8;__stdcall;;uchar
;_Globals::Unwind@004745a0;0x4745a0;0x8;__stdcall;;uchar
;_Globals::Unwind@004745d0;0x4745d0;0x8;__stdcall;;uchar
;_Globals::Unwind@00474600;0x474600;0xb;__stdcall;;uchar
;_Globals::Unwind@00474630;0x474630;0x8;__stdcall;;uchar
;_Globals::Unwind@00474660;0x474660;0x8;__stdcall;;uchar
;_Globals::Unwind@00474690;0x474690;0xb;__stdcall;;uchar
;_Globals::Unwind@004746c0;0x4746c0;0x8;__stdcall;;uchar
;_Globals::Unwind@004746c8;0x4746c8;0xb;__stdcall;;uchar
;_Globals::Unwind@004746f0;0x4746f0;0x8;__stdcall;;uchar
;_Globals::Unwind@00474720;0x474720;0x8;__stdcall;;uchar
;_Globals::Unwind@00474728;0x474728;0x16;__stdcall;;uchar
;_Globals::Unwind@0047473e;0x47473e;0xb;__stdcall;;uchar
;_Globals::Unwind@00474770;0x474770;0x8;__stdcall;;uchar
;_Globals::Unwind@004747a0;0x4747a0;0x8;__stdcall;;uchar
;_Globals::Unwind@004747a8;0x4747a8;0x27;__stdcall;;uchar
;_Globals::Unwind@004747cf;0x4747cf;0xe;__stdcall;;uchar
;_Globals::Unwind@00474800;0x474800;0x8;__stdcall;;uchar
;_Globals::Unwind@00474830;0x474830;0xb;__stdcall;;uchar
;_Globals::Unwind@00474860;0x474860;0xb;__stdcall;;uchar
;_Globals::Unwind@00474890;0x474890;0xb;__stdcall;;uchar
;_Globals::Unwind@004748c0;0x4748c0;0xb;__stdcall;;uchar
;_Globals::Unwind@004748f0;0x4748f0;0xb;__stdcall;;uchar
;_Globals::Unwind@00474920;0x474920;0xb;__stdcall;;uchar
;_Globals::Unwind@00474950;0x474950;0x8;__stdcall;;uchar
;_Globals::Unwind@00474958;0x474958;0x8;__stdcall;;uchar
;_Globals::Unwind@00474960;0x474960;0xb;__stdcall;;uchar
;_Globals::Unwind@0047496b;0x47496b;0xe;__stdcall;;uchar
;_Globals::Unwind@004749a0;0x4749a0;0x8;__stdcall;;uchar
;_Globals::Unwind@004749a8;0x4749a8;0x8;__stdcall;;uchar
;_Globals::Unwind@004749b0;0x4749b0;0xb;__stdcall;;uchar
;_Globals::Unwind@004749bb;0x4749bb;0xe;__stdcall;;uchar
;_Globals::Unwind@004749f0;0x4749f0;0xb;__stdcall;;uchar
;_Globals::Unwind@00474a30;0x474a30;0x8;__stdcall;;uchar
;_Globals::Unwind@00474a60;0x474a60;0x8;__stdcall;;uchar
;_Globals::Unwind@00474a90;0x474a90;0x8;__stdcall;;uchar
;_Globals::Unwind@00474a98;0x474a98;0xb;__stdcall;;uchar
;_Globals::Unwind@00474aa3;0x474aa3;0xb;__stdcall;;uchar
;_Globals::Unwind@00474ad0;0x474ad0;0xb;__stdcall;;uchar
;_Globals::Unwind@00474b00;0x474b00;0x8;__stdcall;;uchar
;_Globals::Unwind@00474b08;0x474b08;0xb;__stdcall;;uchar
;_Globals::Unwind@00474b13;0x474b13;0xb;__stdcall;;uchar
;_Globals::Unwind@00474b1e;0x474b1e;0x18;__stdcall;;uchar
;_Globals::Unwind@00474b60;0x474b60;0x8;__stdcall;;uchar
;_Globals::Unwind@00474b90;0x474b90;0x8;__stdcall;;uchar
;_Globals::Unwind@00474b98;0x474b98;0xb;__stdcall;;uchar
;_Globals::Unwind@00474ba3;0x474ba3;0xe;__stdcall;;uchar
;_Globals::Unwind@00474bb1;0x474bb1;0xe;__stdcall;;uchar
;_Globals::Unwind@00474be0;0x474be0;0x8;__stdcall;;uchar
;_Globals::Unwind@00474be8;0x474be8;0x8;__stdcall;;uchar
;_Globals::Unwind@00474c10;0x474c10;0x8;__stdcall;;uchar
;_Globals::Unwind@00474c18;0x474c18;0x8;__stdcall;;uchar
;_Globals::Unwind@00474c40;0x474c40;0xb;__stdcall;;uchar
;_Globals::Unwind@00474c70;0x474c70;0x8;__stdcall;;uchar
;_Globals::Unwind@00474c78;0x474c78;0xe;__stdcall;;uchar
;_Globals::Unwind@00474c86;0x474c86;0xe;__stdcall;;uchar
;_Globals::Unwind@00474cb0;0x474cb0;0x8;__stdcall;;uchar
;_Globals::Unwind@00474ce0;0x474ce0;0xb;__stdcall;;uchar
;_Globals::Unwind@00474d10;0x474d10;0x8;__stdcall;;uchar
;_Globals::Unwind@00474d18;0x474d18;0xb;__stdcall;;uchar
;_Globals::Unwind@00474d23;0x474d23;0x18;__stdcall;;uchar
;_Globals::Unwind@00474d60;0x474d60;0x8;__stdcall;;uchar
;_Globals::Unwind@00474d68;0x474d68;0xb;__stdcall;;uchar
;_Globals::Unwind@00474d73;0x474d73;0xb;__stdcall;;uchar
;_Globals::Unwind@00474d7e;0x474d7e;0x18;__stdcall;;uchar
;_Globals::Unwind@00474dc0;0x474dc0;0x8;__stdcall;;uchar
;_Globals::Unwind@00474dc8;0x474dc8;0x16;__stdcall;;uchar
;_Globals::Unwind@00474e00;0x474e00;0x8;__stdcall;;uchar
;_Globals::Unwind@00474e08;0x474e08;0x8;__stdcall;;uchar
;_Globals::Unwind@00474e10;0x474e10;0x16;__stdcall;;uchar
;_Globals::Unwind@00474e26;0x474e26;0xb;__stdcall;;uchar
;_Globals::Unwind@00474e31;0x474e31;0xe;__stdcall;;uchar
;_Globals::Unwind@00474e60;0x474e60;0x8;__stdcall;;uchar
;_Globals::Unwind@00474e68;0x474e68;0xb;__stdcall;;uchar
;_Globals::Unwind@00474e73;0x474e73;0xb;__stdcall;;uchar
;_Globals::Unwind@00474e7e;0x474e7e;0xb;__stdcall;;uchar
;_Globals::Unwind@00474eb0;0x474eb0;0x8;__stdcall;;uchar
;_Globals::Unwind@00474eb8;0x474eb8;0xe;__stdcall;;uchar
;_Globals::Unwind@00474ef0;0x474ef0;0xb;__stdcall;;uchar
;_Globals::Unwind@00474f20;0x474f20;0xb;__stdcall;;uchar
;_Globals::Unwind@00474f50;0x474f50;0x8;__stdcall;;uchar
;_Globals::Unwind@00474f80;0x474f80;0x8;__stdcall;;uchar
;_Globals::Unwind@00474f88;0x474f88;0xb;__stdcall;;uchar
;_Globals::Unwind@00474fb0;0x474fb0;0x8;__stdcall;;uchar
;_Globals::Unwind@00474fb8;0x474fb8;0xb;__stdcall;;uchar
;_Globals::Unwind@00474fe0;0x474fe0;0x8;__stdcall;;uchar
;_Globals::Unwind@00474fe8;0x474fe8;0xb;__stdcall;;uchar
;_Globals::Unwind@00475010;0x475010;0x8;__stdcall;;uchar
;_Globals::Unwind@00475040;0x475040;0x8;__stdcall;;uchar
;_Globals::Unwind@00475048;0x475048;0x27;__stdcall;;uchar
;_Globals::Unwind@00475090;0x475090;0x8;__stdcall;;uchar
;_Globals::Unwind@00475098;0x475098;0xb;__stdcall;;uchar
;_Globals::Unwind@004750c0;0x4750c0;0xb;__stdcall;;uchar
;_Globals::Unwind@004750f0;0x4750f0;0xb;__stdcall;;uchar
;_Globals::Unwind@00475120;0x475120;0xb;__stdcall;;uchar
;_Globals::Unwind@0047512b;0x47512b;0xb;__stdcall;;uchar
;_Globals::Unwind@00475160;0x475160;0x8;__stdcall;;uchar
;_Globals::Unwind@00475168;0x475168;0xb;__stdcall;;uchar
;_Globals::Unwind@00475173;0x475173;0xb;__stdcall;;uchar
;_Globals::Unwind@0047517e;0x47517e;0xb;__stdcall;;uchar
;_Globals::Unwind@00475189;0x475189;0xb;__stdcall;;uchar
;_Globals::Unwind@004751b0;0x4751b0;0x8;__stdcall;;uchar
;_Globals::Unwind@004751e0;0x4751e0;0x8;__stdcall;;uchar
;_Globals::Unwind@004751e8;0x4751e8;0x8;__stdcall;;uchar
;_Globals::Unwind@004751f0;0x4751f0;0x8;__stdcall;;uchar
;_Globals::Unwind@004751f8;0x4751f8;0x8;__stdcall;;uchar
;_Globals::Unwind@00475200;0x475200;0x8;__stdcall;;uchar
;_Globals::Unwind@00475208;0x475208;0x8;__stdcall;;uchar
;_Globals::Unwind@00475230;0x475230;0x8;__stdcall;;uchar
;_Globals::Unwind@00475260;0x475260;0xb;__stdcall;;uchar
;_Globals::Unwind@0047526b;0x47526b;0xb;__stdcall;;uchar
;_Globals::Unwind@00475276;0x475276;0xb;__stdcall;;uchar
;_Globals::Unwind@004752b0;0x4752b0;0x16;__stdcall;;uchar
;_Globals::Unwind@004752c6;0x4752c6;0xb;__stdcall;;uchar
;_Globals::Unwind@004752d1;0x4752d1;0xb;__stdcall;;uchar
;_Globals::Unwind@004752dc;0x4752dc;0xb;__stdcall;;uchar
;_Globals::Unwind@004752e7;0x4752e7;0xb;__stdcall;;uchar
;_Globals::Unwind@00475310;0x475310;0x8;__stdcall;;uchar
;_Globals::Unwind@00475318;0x475318;0x8;__stdcall;;uchar
;_Globals::Unwind@00475320;0x475320;0x8;__stdcall;;uchar
;_Globals::Unwind@00475328;0x475328;0x8;__stdcall;;uchar
;_Globals::Unwind@00475350;0x475350;0x16;__stdcall;;uchar
;_Globals::Unwind@00475366;0x475366;0xb;__stdcall;;uchar
;_Globals::Unwind@00475371;0x475371;0xb;__stdcall;;uchar
;_Globals::Unwind@0047537c;0x47537c;0xb;__stdcall;;uchar
;_Globals::Unwind@00475387;0x475387;0xb;__stdcall;;uchar
;_Globals::Unwind@004753b0;0x4753b0;0x8;__stdcall;;uchar
;_Globals::Unwind@004753e0;0x4753e0;0x8;__stdcall;;uchar
;_Globals::Unwind@00475410;0x475410;0x8;__stdcall;;uchar
;_Globals::Unwind@00475418;0x475418;0xb;__stdcall;;uchar
;_Globals::Unwind@00475423;0x475423;0xb;__stdcall;;uchar
;_Globals::Unwind@00475450;0x475450;0x8;__stdcall;;uchar
;_Globals::Unwind@00475458;0x475458;0x8;__stdcall;;uchar
;_Globals::Unwind@00475480;0x475480;0x8;__stdcall;;uchar
;_Globals::Unwind@00475488;0x475488;0x8;__stdcall;;uchar
;_Globals::Unwind@004754b0;0x4754b0;0x8;__stdcall;;uchar
;_Globals::Unwind@004754e0;0x4754e0;0x8;__stdcall;;uchar
;_Globals::Unwind@00475510;0x475510;0x8;__stdcall;;uchar
;_Globals::Unwind@00475540;0x475540;0xb;__stdcall;;uchar
;_Globals::Unwind@00475570;0x475570;0x8;__stdcall;;uchar
;_Globals::Unwind@004755a0;0x4755a0;0x8;__stdcall;;uchar
;_Globals::Unwind@004755d0;0x4755d0;0x8;__stdcall;;uchar
;_Globals::Unwind@00475600;0x475600;0x8;__stdcall;;uchar
;_Globals::Unwind@00475630;0x475630;0xb;__stdcall;;uchar
;_Globals::Unwind@00475660;0x475660;0x8;__stdcall;;uchar
;_Globals::Unwind@00475668;0x475668;0x8;__stdcall;;uchar
;_Globals::Unwind@00475670;0x475670;0xb;__stdcall;;uchar
;_Globals::Unwind@0047567b;0x47567b;0xb;__stdcall;;uchar
;_Globals::Unwind@004756b0;0x4756b0;0x8;__stdcall;;uchar
;_Globals::Unwind@004756b8;0x4756b8;0xb;__stdcall;;uchar
;_Globals::Unwind@004756c3;0x4756c3;0xb;__stdcall;;uchar
;_Globals::Unwind@004756ce;0x4756ce;0xb;__stdcall;;uchar
;_Globals::Unwind@004756d9;0x4756d9;0xb;__stdcall;;uchar
;_Globals::Unwind@00475700;0x475700;0x8;__stdcall;;uchar
;_Globals::Unwind@00475708;0x475708;0xb;__stdcall;;uchar
;_Globals::Unwind@00475713;0x475713;0xb;__stdcall;;uchar
;_Globals::Unwind@0047571e;0x47571e;0xb;__stdcall;;uchar
;_Globals::Unwind@00475729;0x475729;0xb;__stdcall;;uchar
;_Globals::Unwind@00475750;0x475750;0x8;__stdcall;;uchar
;_Globals::Unwind@00475780;0x475780;0xb;__stdcall;;uchar
;_Globals::Unwind@0047578b;0x47578b;0xb;__stdcall;;uchar
;_Globals::Unwind@00475796;0x475796;0xb;__stdcall;;uchar
;_Globals::Unwind@004757a1;0x4757a1;0xb;__stdcall;;uchar
;_Globals::Unwind@004757ac;0x4757ac;0xb;__stdcall;;uchar
;_Globals::Unwind@004757b7;0x4757b7;0xb;__stdcall;;uchar
;_Globals::Unwind@004757c2;0x4757c2;0xb;__stdcall;;uchar
;_Globals::Unwind@004757cd;0x4757cd;0xb;__stdcall;;uchar
;_Globals::Unwind@004757d8;0x4757d8;0xb;__stdcall;;uchar
;_Globals::Unwind@00475800;0x475800;0x8;__stdcall;;uchar
;_Globals::Unwind@00475830;0x475830;0x8;__stdcall;;uchar
;_Globals::Unwind@00475838;0x475838;0xb;__stdcall;;uchar
;_Globals::Unwind@00475843;0x475843;0xb;__stdcall;;uchar
;_Globals::Unwind@0047584e;0x47584e;0xb;__stdcall;;uchar
;_Globals::Unwind@00475859;0x475859;0xb;__stdcall;;uchar
;_Globals::Unwind@00475864;0x475864;0xb;__stdcall;;uchar
;_Globals::Unwind@0047586f;0x47586f;0xb;__stdcall;;uchar
;_Globals::Unwind@004758a0;0x4758a0;0xb;__stdcall;;uchar
;_Globals::Unwind@004758d0;0x4758d0;0x8;__stdcall;;uchar
;_Globals::Unwind@00475900;0x475900;0x8;__stdcall;;uchar
;_Globals::Unwind@00475908;0x475908;0xb;__stdcall;;uchar
;_Globals::Unwind@00475930;0x475930;0x8;__stdcall;;uchar
;_Globals::Unwind@00475938;0x475938;0xb;__stdcall;;uchar
;_Globals::Unwind@00475943;0x475943;0xb;__stdcall;;uchar
;_Globals::Unwind@0047594e;0x47594e;0xb;__stdcall;;uchar
;_Globals::Unwind@00475959;0x475959;0xb;__stdcall;;uchar
;_Globals::Unwind@00475964;0x475964;0xb;__stdcall;;uchar
;_Globals::Unwind@0047596f;0x47596f;0xb;__stdcall;;uchar
;_Globals::Unwind@0047597a;0x47597a;0xb;__stdcall;;uchar
;_Globals::Unwind@00475985;0x475985;0xb;__stdcall;;uchar
;_Globals::Unwind@00475990;0x475990;0xb;__stdcall;;uchar
;_Globals::Unwind@0047599b;0x47599b;0xb;__stdcall;;uchar
;_Globals::Unwind@004759a6;0x4759a6;0xb;__stdcall;;uchar
;_Globals::Unwind@004759b1;0x4759b1;0xb;__stdcall;;uchar
;_Globals::Unwind@004759e0;0x4759e0;0x8;__stdcall;;uchar
;_Globals::Unwind@004759e8;0x4759e8;0xb;__stdcall;;uchar
;_Globals::Unwind@004759f3;0x4759f3;0xb;__stdcall;;uchar
;_Globals::Unwind@00475a20;0x475a20;0x8;__stdcall;;uchar
;_Globals::Unwind@00475a28;0x475a28;0xb;__stdcall;;uchar
;_Globals::Unwind@00475a50;0x475a50;0x8;__stdcall;;uchar
;_Globals::Unwind@00475a58;0x475a58;0xb;__stdcall;;uchar
;_Globals::Unwind@00475a63;0x475a63;0xb;__stdcall;;uchar
;_Globals::Unwind@00475a6e;0x475a6e;0xb;__stdcall;;uchar
;_Globals::Unwind@00475a79;0x475a79;0xb;__stdcall;;uchar
;_Globals::Unwind@00475aa0;0x475aa0;0x8;__stdcall;;uchar
;_Globals::Unwind@00475ad0;0x475ad0;0x8;__stdcall;;uchar
;_Globals::Unwind@00475ad8;0x475ad8;0xb;__stdcall;;uchar
;_Globals::Unwind@00475ae3;0x475ae3;0xb;__stdcall;;uchar
;_Globals::Unwind@00475b10;0x475b10;0xb;__stdcall;;uchar
;_Globals::Unwind@00475b40;0x475b40;0xb;__stdcall;;uchar
;_Globals::Unwind@00475b70;0x475b70;0xb;__stdcall;;uchar
;_Globals::Unwind@00475ba0;0x475ba0;0xb;__stdcall;;uchar
;_Globals::Unwind@00475bd0;0x475bd0;0xb;__stdcall;;uchar
;_Globals::Unwind@00475c00;0x475c00;0xb;__stdcall;;uchar
;_Globals::Unwind@00475c30;0x475c30;0xb;__stdcall;;uchar
;_Globals::Unwind@00475c60;0x475c60;0xb;__stdcall;;uchar
;_Globals::Unwind@00475c90;0x475c90;0xb;__stdcall;;uchar
;_Globals::Unwind@00475cc0;0x475cc0;0xb;__stdcall;;uchar
;_Globals::Unwind@00475cf0;0x475cf0;0xb;__stdcall;;uchar
;_Globals::Unwind@00475d20;0x475d20;0xb;__stdcall;;uchar
;_Globals::Unwind@00475d50;0x475d50;0xb;__stdcall;;uchar
;_Globals::Unwind@00475d80;0x475d80;0xb;__stdcall;;uchar
;_Globals::Unwind@00475db0;0x475db0;0xb;__stdcall;;uchar
;_Globals::Unwind@00475de0;0x475de0;0xb;__stdcall;;uchar
;_Globals::Unwind@00475e10;0x475e10;0xb;__stdcall;;uchar
;_Globals::Unwind@00475e40;0x475e40;0xb;__stdcall;;uchar
;_Globals::Unwind@00475e70;0x475e70;0xb;__stdcall;;uchar
;_Globals::Unwind@00475ea0;0x475ea0;0x8;__stdcall;;uchar
;_Globals::Unwind@00475ea8;0x475ea8;0x8;__stdcall;;uchar
;_Globals::Unwind@00475ed0;0x475ed0;0xb;__stdcall;;uchar
;_Globals::Unwind@00475f00;0x475f00;0x8;__stdcall;;uchar
;_Globals::Unwind@00475f08;0x475f08;0xb;__stdcall;;uchar
;_Globals::Unwind@00475f30;0x475f30;0x8;__stdcall;;uchar
;_Globals::Unwind@00475f60;0x475f60;0x8;__stdcall;;uchar
;_Globals::Unwind@00475f68;0x475f68;0x8;__stdcall;;uchar
;_Globals::Unwind@00475f90;0x475f90;0x8;__stdcall;;uchar
;_Globals::Unwind@00475f98;0x475f98;0xb;__stdcall;;uchar
;_Globals::Unwind@00475fa3;0x475fa3;0x8;__stdcall;;uchar
;_Globals::Unwind@00475fab;0x475fab;0x8;__stdcall;;uchar
;_Globals::Unwind@00475fb3;0x475fb3;0xb;__stdcall;;uchar
;_Globals::Unwind@00475fbe;0x475fbe;0xb;__stdcall;;uchar
;_Globals::Unwind@00475ff0;0x475ff0;0x8;__stdcall;;uchar
;_Globals::Unwind@00475ff8;0x475ff8;0xe;__stdcall;;uchar
;_Globals::Unwind@00476030;0x476030;0xb;__stdcall;;uchar
;_Globals::Unwind@00476060;0x476060;0x8;__stdcall;;uchar
;_Globals::Unwind@00476068;0x476068;0xb;__stdcall;;uchar
;_Globals::Unwind@004760a0;0x4760a0;0x8;__stdcall;;uchar
;_Globals::Unwind@004760a8;0x4760a8;0xb;__stdcall;;uchar
;_Globals::Unwind@004760d0;0x4760d0;0xb;__stdcall;;uchar
;_Globals::Unwind@00476100;0x476100;0x8;__stdcall;;uchar
;_Globals::Unwind@00476108;0x476108;0xb;__stdcall;;uchar
;_Globals::Unwind@00476130;0x476130;0x8;__stdcall;;uchar
;_Globals::Unwind@00476138;0x476138;0xb;__stdcall;;uchar
;_Globals::Unwind@00476160;0x476160;0x8;__stdcall;;uchar
;_Globals::Unwind@00476168;0x476168;0xb;__stdcall;;uchar
;_Globals::Unwind@00476190;0x476190;0xb;__stdcall;;uchar
;_Globals::Unwind@0047619b;0x47619b;0xb;__stdcall;;uchar
;_Globals::Unwind@004761a6;0x4761a6;0xb;__stdcall;;uchar
;_Globals::Unwind@004761b1;0x4761b1;0xb;__stdcall;;uchar
;_Globals::Unwind@004761e0;0x4761e0;0xb;__stdcall;;uchar
;_Globals::Unwind@004761eb;0x4761eb;0xe;__stdcall;;uchar
;_Globals::Unwind@004761f9;0x4761f9;0xe;__stdcall;;uchar
;_Globals::Unwind@00476207;0x476207;0xb;__stdcall;;uchar
;_Globals::Unwind@00476212;0x476212;0xe;__stdcall;;uchar
;_Globals::Unwind@00476220;0x476220;0xe;__stdcall;;uchar
;_Globals::Unwind@0047622e;0x47622e;0xb;__stdcall;;uchar
;_Globals::Unwind@00476239;0x476239;0xe;__stdcall;;uchar
;_Globals::Unwind@00476247;0x476247;0xe;__stdcall;;uchar
;_Globals::Unwind@00476255;0x476255;0xe;__stdcall;;uchar
;_Globals::Unwind@00476263;0x476263;0xe;__stdcall;;uchar
;_Globals::Unwind@00476271;0x476271;0xe;__stdcall;;uchar
;_Globals::Unwind@0047627f;0x47627f;0xe;__stdcall;;uchar
;_Globals::Unwind@0047628d;0x47628d;0xe;__stdcall;;uchar
;_Globals::Unwind@0047629b;0x47629b;0xe;__stdcall;;uchar
;_Globals::Unwind@004762a9;0x4762a9;0xe;__stdcall;;uchar
;_Globals::Unwind@004762b7;0x4762b7;0xe;__stdcall;;uchar
;_Globals::Unwind@004762f0;0x4762f0;0x8;__stdcall;;uchar
;_Globals::Unwind@004762f8;0x4762f8;0x16;__stdcall;;uchar
;_Globals::Unwind@0047630e;0x47630e;0x8;__stdcall;;uchar
;_Globals::Unwind@00476316;0x476316;0xb;__stdcall;;uchar
;_Globals::Unwind@00476321;0x476321;0xb;__stdcall;;uchar
;_Globals::Unwind@00476350;0x476350;0xb;__stdcall;;uchar
;_Globals::Unwind@0047635b;0x47635b;0xe;__stdcall;;uchar
;_Globals::Unwind@00476369;0x476369;0xb;__stdcall;;uchar
;_Globals::Unwind@00476374;0x476374;0xe;__stdcall;;uchar
;_Globals::Unwind@00476382;0x476382;0xe;__stdcall;;uchar
;_Globals::Unwind@00476390;0x476390;0xe;__stdcall;;uchar
;_Globals::Unwind@0047639e;0x47639e;0xb;__stdcall;;uchar
;_Globals::Unwind@004763a9;0x4763a9;0xe;__stdcall;;uchar
;_Globals::Unwind@004763b7;0x4763b7;0xb;__stdcall;;uchar
;_Globals::Unwind@004763c2;0x4763c2;0xe;__stdcall;;uchar
;_Globals::Unwind@004763d0;0x4763d0;0xe;__stdcall;;uchar
;_Globals::Unwind@004763de;0x4763de;0xb;__stdcall;;uchar
;_Globals::Unwind@004763e9;0x4763e9;0xe;__stdcall;;uchar
;_Globals::Unwind@004763f7;0x4763f7;0xe;__stdcall;;uchar
;_Globals::Unwind@00476405;0x476405;0xb;__stdcall;;uchar
;_Globals::Unwind@00476410;0x476410;0xe;__stdcall;;uchar
;_Globals::Unwind@0047641e;0x47641e;0xe;__stdcall;;uchar
;_Globals::Unwind@0047642c;0x47642c;0xb;__stdcall;;uchar
;_Globals::Unwind@00476437;0x476437;0xe;__stdcall;;uchar
;_Globals::Unwind@00476470;0x476470;0x8;__stdcall;;uchar
;_Globals::Unwind@00476478;0x476478;0x8;__stdcall;;uchar
;_Globals::Unwind@00476480;0x476480;0xb;__stdcall;;uchar
;_Globals::Unwind@0047648b;0x47648b;0xb;__stdcall;;uchar
;_Globals::Unwind@00476496;0x476496;0xb;__stdcall;;uchar
;_Globals::Unwind@004764a1;0x4764a1;0xb;__stdcall;;uchar
;_Globals::Unwind@004764d0;0x4764d0;0x8;__stdcall;;uchar
;_Globals::Unwind@004764d8;0x4764d8;0xb;__stdcall;;uchar
;_Globals::Unwind@004764e3;0x4764e3;0xb;__stdcall;;uchar
;_Globals::Unwind@004764ee;0x4764ee;0xb;__stdcall;;uchar
;_Globals::Unwind@004764f9;0x4764f9;0xb;__stdcall;;uchar
;_Globals::Unwind@00476504;0x476504;0xb;__stdcall;;uchar
;_Globals::Unwind@00476530;0x476530;0xb;__stdcall;;uchar
;_Globals::Unwind@00476560;0x476560;0x8;__stdcall;;uchar
;_Globals::Unwind@00476590;0x476590;0x8;__stdcall;;uchar
;_Globals::Unwind@004765c0;0x4765c0;0xb;__stdcall;;uchar
;_Globals::Unwind@004765f0;0x4765f0;0x8;__stdcall;;uchar
;_Globals::Unwind@00476620;0x476620;0x8;__stdcall;;uchar
;_Globals::Unwind@00476650;0x476650;0x8;__stdcall;;uchar
;_Globals::Unwind@00476680;0x476680;0x8;__stdcall;;uchar
;_Globals::Unwind@004766b0;0x4766b0;0xb;__stdcall;;uchar
;_Globals::Unwind@004766bb;0x4766bb;0xb;__stdcall;;uchar
;_Globals::Unwind@004766c6;0x4766c6;0xb;__stdcall;;uchar
;_Globals::Unwind@004766d1;0x4766d1;0xb;__stdcall;;uchar
;_Globals::Unwind@00476700;0x476700;0xb;__stdcall;;uchar
;_Globals::Unwind@00476730;0x476730;0x8;__stdcall;;uchar
;_Globals::Unwind@00476760;0x476760;0xb;__stdcall;;uchar
;_Globals::Unwind@00476790;0x476790;0x8;__stdcall;;uchar
;_Globals::Unwind@004767c0;0x4767c0;0x8;__stdcall;;uchar
;_Globals::Unwind@004767f0;0x4767f0;0x8;__stdcall;;uchar
;_Globals::Unwind@004767f8;0x4767f8;0xb;__stdcall;;uchar
;_Globals::Unwind@00476803;0x476803;0xb;__stdcall;;uchar
;_Globals::Unwind@0047680e;0x47680e;0xb;__stdcall;;uchar
;_Globals::Unwind@00476819;0x476819;0xe;__stdcall;;uchar
;_Globals::Unwind@00476827;0x476827;0xe;__stdcall;;uchar
;_Globals::Unwind@00476835;0x476835;0x18;__stdcall;;uchar
;_Globals::Unwind@0047684d;0x47684d;0xe;__stdcall;;uchar
;_Globals::Unwind@0047685b;0x47685b;0xe;__stdcall;;uchar
;_Globals::Unwind@00476869;0x476869;0xe;__stdcall;;uchar
;_Globals::Unwind@00476877;0x476877;0xe;__stdcall;;uchar
;_Globals::Unwind@004768a0;0x4768a0;0x8;__stdcall;;uchar
;_Globals::Unwind@004768a8;0x4768a8;0x27;__stdcall;;uchar
;_Globals::Unwind@004768cf;0x4768cf;0x27;__stdcall;;uchar
;_Globals::Unwind@004768f6;0x4768f6;0xb;__stdcall;;uchar
;_Globals::Unwind@00476901;0x476901;0xe;__stdcall;;uchar
;_Globals::Unwind@0047690f;0x47690f;0xe;__stdcall;;uchar
;_Globals::Unwind@0047691d;0x47691d;0x18;__stdcall;;uchar
;_Globals::Unwind@00476935;0x476935;0xe;__stdcall;;uchar
;_Globals::Unwind@00476943;0x476943;0xe;__stdcall;;uchar
;_Globals::Unwind@00476951;0x476951;0xe;__stdcall;;uchar
;_Globals::Unwind@0047695f;0x47695f;0xe;__stdcall;;uchar
;_Globals::Unwind@00476990;0x476990;0xb;__stdcall;;uchar
;_Globals::Unwind@0047699b;0x47699b;0xb;__stdcall;;uchar
;_Globals::Unwind@004769a6;0x4769a6;0x8;__stdcall;;uchar
;_Globals::Unwind@004769ae;0x4769ae;0xb;__stdcall;;uchar
;_Globals::Unwind@004769f0;0x4769f0;0x19;__stdcall;;uchar
;_Globals::Unwind@00476a09;0x476a09;0xb;__stdcall;;uchar
;_Globals::Unwind@00476a14;0x476a14;0xb;__stdcall;;uchar
;_Globals::Unwind@00476a1f;0x476a1f;0x19;__stdcall;;uchar
;_Globals::Unwind@00476a38;0x476a38;0xb;__stdcall;;uchar
;_Globals::Unwind@00476a43;0x476a43;0xb;__stdcall;;uchar
;_Globals::Unwind@00476a4e;0x476a4e;0xb;__stdcall;;uchar
;_Globals::Unwind@00476a90;0x476a90;0xb;__stdcall;;uchar
;_Globals::Unwind@00476af0;0x476af0;0x8;__stdcall;;uchar
;_Globals::Unwind@00476b20;0x476b20;0x8;__stdcall;;uchar
;_Globals::Unwind@00476b50;0x476b50;0x8;__stdcall;;uchar
;_Globals::Unwind@00476b80;0x476b80;0x8;__stdcall;;uchar
;_Globals::Unwind@00476bb0;0x476bb0;0x8;__stdcall;;uchar
;_Globals::Unwind@00476be0;0x476be0;0x8;__stdcall;;uchar
;_Globals::Unwind@00476be8;0x476be8;0xe;__stdcall;;uchar
;_Globals::Unwind@00476bf6;0x476bf6;0xe;__stdcall;;uchar
;_Globals::Unwind@00476c20;0x476c20;0x8;__stdcall;;uchar
;_Globals::Unwind@00476c28;0x476c28;0x29;__stdcall;;uchar
;_Globals::Unwind@00476c70;0x476c70;0xb;__stdcall;;uchar
;_Globals::Unwind@00476cc0;0x476cc0;0xb;__stdcall;;uchar
;_Globals::Unwind@00476cf0;0x476cf0;0xb;__stdcall;;uchar
;_Globals::Unwind@00476d20;0x476d20;0xb;__stdcall;;uchar
;_Globals::Unwind@00476d50;0x476d50;0x8;__stdcall;;uchar
;_Globals::Unwind@00476d58;0x476d58;0xe;__stdcall;;uchar
;_Globals::Unwind@00476d90;0x476d90;0x8;__stdcall;;uchar
;_Globals::Unwind@00476dc0;0x476dc0;0xb;__stdcall;;uchar
;_Globals::Unwind@00476df0;0x476df0;0x8;__stdcall;;uchar
;_Globals::Unwind@00476df8;0x476df8;0xe;__stdcall;;uchar
;_Globals::Unwind@00476e30;0x476e30;0x8;__stdcall;;uchar
;_Globals::Unwind@00476e38;0x476e38;0xe;__stdcall;;uchar
;_Globals::Unwind@00476e70;0x476e70;0x8;__stdcall;;uchar
;_Globals::Unwind@00476e78;0x476e78;0xe;__stdcall;;uchar
;_Globals::Unwind@00476eb0;0x476eb0;0x8;__stdcall;;uchar
;_Globals::Unwind@00476eb8;0x476eb8;0xe;__stdcall;;uchar
;_Globals::Unwind@00476ef0;0x476ef0;0x8;__stdcall;;uchar
;_Globals::Unwind@00476f20;0x476f20;0x8;__stdcall;;uchar
;_Globals::Unwind@00476f28;0x476f28;0x27;__stdcall;;uchar
;_Globals::Unwind@00476f70;0x476f70;0x8;__stdcall;;uchar
;_Globals::Unwind@00476fa0;0x476fa0;0xb;__stdcall;;uchar
;_Globals::Unwind@00476fd0;0x476fd0;0xb;__stdcall;;uchar
;_Globals::Unwind@00477000;0x477000;0xb;__stdcall;;uchar
;_Globals::Unwind@00477030;0x477030;0xb;__stdcall;;uchar
;_Globals::Unwind@00477060;0x477060;0x8;__stdcall;;uchar
;_Globals::Unwind@00477090;0x477090;0x8;__stdcall;;uchar
;_Globals::Unwind@00477098;0x477098;0xb;__stdcall;;uchar
;_Globals::Unwind@004770a3;0x4770a3;0xe;__stdcall;;uchar
;_Globals::Unwind@004770d0;0x4770d0;0x8;__stdcall;;uchar
;_Globals::Unwind@004770d8;0x4770d8;0x29;__stdcall;;uchar
;_Globals::Unwind@00477101;0x477101;0xe;__stdcall;;uchar
;_Globals::Unwind@0047710f;0x47710f;0xe;__stdcall;;uchar
;_Globals::Unwind@00477140;0x477140;0x8;__stdcall;;uchar
;_Globals::Unwind@00477148;0x477148;0x8;__stdcall;;uchar
;_Globals::Unwind@00477150;0x477150;0xb;__stdcall;;uchar
;_Globals::Unwind@00477180;0x477180;0x8;__stdcall;;uchar
;_Globals::Unwind@00477188;0x477188;0x27;__stdcall;;uchar
;_Globals::Unwind@004771af;0x4771af;0xe;__stdcall;;uchar
;_Globals::Unwind@004771bd;0x4771bd;0x18;__stdcall;;uchar
;_Globals::Unwind@004771d5;0x4771d5;0xe;__stdcall;;uchar
;_Globals::Unwind@004771e3;0x4771e3;0xe;__stdcall;;uchar
;_Globals::Unwind@004771f1;0x4771f1;0xe;__stdcall;;uchar
;_Globals::Unwind@004771ff;0x4771ff;0xe;__stdcall;;uchar
;_Globals::Unwind@0047720d;0x47720d;0xe;__stdcall;;uchar
;_Globals::Unwind@0047721b;0x47721b;0xe;__stdcall;;uchar
;_Globals::Unwind@00477229;0x477229;0xe;__stdcall;;uchar
;_Globals::Unwind@00477237;0x477237;0xe;__stdcall;;uchar
;_Globals::Unwind@00477245;0x477245;0xe;__stdcall;;uchar
;_Globals::Unwind@00477253;0x477253;0xe;__stdcall;;uchar
;_Globals::Unwind@00477280;0x477280;0xb;__stdcall;;uchar
;_Globals::Unwind@004772b0;0x4772b0;0xb;__stdcall;;uchar
;_Globals::Unwind@004772e0;0x4772e0;0xb;__stdcall;;uchar
;_Globals::Unwind@00477310;0x477310;0xb;__stdcall;;uchar
;_Globals::Unwind@00477340;0x477340;0xb;__stdcall;;uchar
;_Globals::Unwind@00477370;0x477370;0xb;__stdcall;;uchar
;_Globals::Unwind@004773a0;0x4773a0;0x8;__stdcall;;uchar
;_Globals::Unwind@004773a8;0x4773a8;0x29;__stdcall;;uchar
;_Globals::Unwind@004773f0;0x4773f0;0xb;__stdcall;;uchar
;_Globals::Unwind@00477430;0x477430;0x8;__stdcall;;uchar
;_Globals::Unwind@00477438;0x477438;0xb;__stdcall;;uchar
;_Globals::Unwind@00477443;0x477443;0xb;__stdcall;;uchar
;_Globals::Unwind@0047744e;0x47744e;0xb;__stdcall;;uchar
;_Globals::Unwind@00477459;0x477459;0xb;__stdcall;;uchar
;_Globals::Unwind@00477480;0x477480;0x8;__stdcall;;uchar
;_Globals::Unwind@004774b0;0x4774b0;0x8;__stdcall;;uchar
;_Globals::Unwind@004774e0;0x4774e0;0x8;__stdcall;;uchar
;_Globals::Unwind@004774e8;0x4774e8;0x8;__stdcall;;uchar
;_Globals::Unwind@00477510;0x477510;0x8;__stdcall;;uchar
;_Globals::Unwind@00477518;0x477518;0xe;__stdcall;;uchar
;_Globals::Unwind@00477526;0x477526;0x8;__stdcall;;uchar
;_Globals::Unwind@00477550;0x477550;0x8;__stdcall;;uchar
;_Globals::Unwind@00477558;0x477558;0xe;__stdcall;;uchar
;_Globals::Unwind@00477566;0x477566;0x8;__stdcall;;uchar
;_Globals::Unwind@00477590;0x477590;0x8;__stdcall;;uchar
;_Globals::Unwind@00477598;0x477598;0x8;__stdcall;;uchar
;_Globals::Unwind@004775c0;0x4775c0;0x8;__stdcall;;uchar
;_Globals::Unwind@004775c8;0x4775c8;0xb;__stdcall;;uchar
;_Globals::Unwind@004775f0;0x4775f0;0xb;__stdcall;;uchar
;_Globals::Unwind@004775fb;0x4775fb;0xb;__stdcall;;uchar
;_Globals::Unwind@00477630;0x477630;0x8;__stdcall;;uchar
;_Globals::Unwind@00477638;0x477638;0x8;__stdcall;;uchar
;_Globals::Unwind@00477640;0x477640;0xb;__stdcall;;uchar
;_Globals::Unwind@0047764b;0x47764b;0x8;__stdcall;;uchar
;_Globals::Unwind@00477653;0x477653;0x8;__stdcall;;uchar
;_Globals::Unwind@00477690;0x477690;0xb;__stdcall;;uchar
;_Globals::Unwind@0047769b;0x47769b;0x8;__stdcall;;uchar
;_Globals::Unwind@004776c0;0x4776c0;0x8;__stdcall;;uchar
;_Globals::Unwind@004776c8;0x4776c8;0xb;__stdcall;;uchar
;_Globals::Unwind@004776f0;0x4776f0;0x8;__stdcall;;uchar
;_Globals::Unwind@00477720;0x477720;0x8;__stdcall;;uchar
;_Globals::Unwind@00477750;0x477750;0xb;__stdcall;;uchar
;_Globals::Unwind@00477780;0x477780;0x8;__stdcall;;uchar
;_Globals::Unwind@00477788;0x477788;0xb;__stdcall;;uchar
;_Globals::Unwind@00477793;0x477793;0xb;__stdcall;;uchar
;_Globals::Unwind@0047779e;0x47779e;0xb;__stdcall;;uchar
;_Globals::Unwind@004777a9;0x4777a9;0xb;__stdcall;;uchar
;_Globals::Unwind@004777b4;0x4777b4;0x8;__stdcall;;uchar
;_Globals::Unwind@004777e0;0x4777e0;0xb;__stdcall;;uchar
;_Globals::Unwind@00477810;0x477810;0xb;__stdcall;;uchar
;_Globals::Unwind@00477840;0x477840;0x8;__stdcall;;uchar
;_Globals::Unwind@00477848;0x477848;0xe;__stdcall;;uchar
;_Globals::Unwind@00477856;0x477856;0xe;__stdcall;;uchar
;_Globals::Unwind@00477864;0x477864;0xe;__stdcall;;uchar
;_Globals::Unwind@00477872;0x477872;0x8;__stdcall;;uchar
;_Globals::Unwind@0047787a;0x47787a;0xb;__stdcall;;uchar
;_Globals::Unwind@004778a0;0x4778a0;0xb;__stdcall;;uchar
;_Globals::Unwind@004778d0;0x4778d0;0x8;__stdcall;;uchar
;_Globals::Unwind@004778d8;0x4778d8;0xe;__stdcall;;uchar
;_Globals::Unwind@00477910;0x477910;0xb;__stdcall;;uchar
;_Globals::Unwind@00477940;0x477940;0x8;__stdcall;;uchar
;_Globals::Unwind@00477970;0x477970;0xb;__stdcall;;uchar
;_Globals::Unwind@004779a0;0x4779a0;0xb;__stdcall;;uchar
;_Globals::Unwind@004779ab;0x4779ab;0xb;__stdcall;;uchar
;_Globals::Unwind@004779e0;0x4779e0;0xb;__stdcall;;uchar
;_Globals::Unwind@00477a10;0x477a10;0xb;__stdcall;;uchar
;_Globals::Unwind@00477a40;0x477a40;0x8;__stdcall;;uchar
;_Globals::Unwind@00477a48;0x477a48;0xb;__stdcall;;uchar
;_Globals::Unwind@00477a53;0x477a53;0xe;__stdcall;;uchar
;_Globals::Unwind@00477a61;0x477a61;0x18;__stdcall;;uchar
;_Globals::Unwind@00477a79;0x477a79;0xe;__stdcall;;uchar
;_Globals::Unwind@00477a87;0x477a87;0xe;__stdcall;;uchar
;_Globals::Unwind@00477a95;0x477a95;0xe;__stdcall;;uchar
;_Globals::Unwind@00477aa3;0x477aa3;0xe;__stdcall;;uchar
;_Globals::Unwind@00477ab1;0x477ab1;0xe;__stdcall;;uchar
;_Globals::Unwind@00477abf;0x477abf;0xe;__stdcall;;uchar
;_Globals::Unwind@00477acd;0x477acd;0xe;__stdcall;;uchar
;_Globals::Unwind@00477adb;0x477adb;0xe;__stdcall;;uchar
;_Globals::Unwind@00477ae9;0x477ae9;0xe;__stdcall;;uchar
;_Globals::Unwind@00477af7;0x477af7;0xe;__stdcall;;uchar
;_Globals::Unwind@00477b05;0x477b05;0xb;__stdcall;;uchar
;_Globals::Unwind@00477b10;0x477b10;0xb;__stdcall;;uchar
;_Globals::Unwind@00477b1b;0x477b1b;0xb;__stdcall;;uchar
;_Globals::Unwind@00477b50;0x477b50;0xb;__stdcall;;uchar
;_Globals::Unwind@00477b5b;0x477b5b;0xb;__stdcall;;uchar
;_Globals::Unwind@00477b66;0x477b66;0xb;__stdcall;;uchar
;_Globals::Unwind@00477b90;0x477b90;0x8;__stdcall;;uchar
;_Globals::Unwind@00477b98;0x477b98;0xe;__stdcall;;uchar
;_Globals::Unwind@00477bd0;0x477bd0;0x8;__stdcall;;uchar
;_Globals::Unwind@00477c00;0x477c00;0xb;__stdcall;;uchar
;_Globals::Unwind@00477c30;0x477c30;0xb;__stdcall;;uchar
;_Globals::Unwind@00477c60;0x477c60;0xb;__stdcall;;uchar
;_Globals::Unwind@00477c90;0x477c90;0xb;__stdcall;;uchar
;_Globals::Unwind@00477cc0;0x477cc0;0xb;__stdcall;;uchar
;_Globals::Unwind@00477cf0;0x477cf0;0xb;__stdcall;;uchar
;_Globals::Unwind@00477d20;0x477d20;0x8;__stdcall;;uchar
;_Globals::Unwind@00477d28;0x477d28;0xb;__stdcall;;uchar
;_Globals::Unwind@00477d33;0x477d33;0xe;__stdcall;;uchar
;_Globals::Unwind@00477d41;0x477d41;0xb;__stdcall;;uchar
;_Globals::Unwind@00477d4c;0x477d4c;0xb;__stdcall;;uchar
;_Globals::Unwind@00477d57;0x477d57;0xb;__stdcall;;uchar
;_Globals::Unwind@00477d62;0x477d62;0xb;__stdcall;;uchar
;_Globals::Unwind@00477d90;0x477d90;0x8;__stdcall;;uchar
;_Globals::Unwind@00477d98;0x477d98;0xb;__stdcall;;uchar
;_Globals::Unwind@00477da3;0x477da3;0xe;__stdcall;;uchar
;_Globals::Unwind@00477dd0;0x477dd0;0x8;__stdcall;;uchar
;_Globals::Unwind@00477dd8;0x477dd8;0xb;__stdcall;;uchar
;_Globals::Unwind@00477e00;0x477e00;0xb;__stdcall;;uchar
;_Globals::Unwind@00477e30;0x477e30;0xb;__stdcall;;uchar
;_Globals::Unwind@00477e60;0x477e60;0x8;__stdcall;;uchar
;_Globals::Unwind@00477e90;0x477e90;0x8;__stdcall;;uchar
;_Globals::Unwind@00477e98;0x477e98;0xe;__stdcall;;uchar
;_Globals::Unwind@00477ed0;0x477ed0;0x8;__stdcall;;uchar
;_Globals::Unwind@00477f00;0x477f00;0x8;__stdcall;;uchar
;_Globals::Unwind@00477f08;0x477f08;0xb;__stdcall;;uchar
;_Globals::Unwind@00477f30;0x477f30;0xb;__stdcall;;uchar
;_Globals::Unwind@00477f60;0x477f60;0xb;__stdcall;;uchar
;_Globals::Unwind@00477f90;0x477f90;0xb;__stdcall;;uchar
;_Globals::Unwind@00477fc0;0x477fc0;0x8;__stdcall;;uchar
;_Globals::Unwind@00477fc8;0x477fc8;0xb;__stdcall;;uchar
;_Globals::Unwind@00477ff0;0x477ff0;0xb;__stdcall;;uchar
;_Globals::Unwind@00478020;0x478020;0xb;__stdcall;;uchar
;_Globals::Unwind@00478050;0x478050;0xb;__stdcall;;uchar
;_Globals::Unwind@00478080;0x478080;0xb;__stdcall;;uchar
;_Globals::Unwind@004780b0;0x4780b0;0x8;__stdcall;;uchar
;_Globals::Unwind@004780b8;0x4780b8;0xb;__stdcall;;uchar
;_Globals::Unwind@004780c3;0x4780c3;0xe;__stdcall;;uchar
;_Globals::Unwind@004780d1;0x4780d1;0xb;__stdcall;;uchar
;_Globals::Unwind@004780dc;0x4780dc;0xb;__stdcall;;uchar
;_Globals::Unwind@004780e7;0x4780e7;0xb;__stdcall;;uchar
;_Globals::Unwind@004780f2;0x4780f2;0xb;__stdcall;;uchar
;_Globals::Unwind@00478120;0x478120;0x8;__stdcall;;uchar
;_Globals::Unwind@00478128;0x478128;0xb;__stdcall;;uchar
;_Globals::Unwind@00478133;0x478133;0xe;__stdcall;;uchar
;_Globals::Unwind@00478160;0x478160;0x8;__stdcall;;uchar
;_Globals::Unwind@00478168;0x478168;0xb;__stdcall;;uchar
;_Globals::Unwind@00478190;0x478190;0xb;__stdcall;;uchar
;_Globals::Unwind@004781c0;0x4781c0;0x8;__stdcall;;uchar
;_Globals::Unwind@004781c8;0x4781c8;0xb;__stdcall;;uchar
;_Globals::Unwind@004781d3;0x4781d3;0xb;__stdcall;;uchar
;_Globals::Unwind@00478200;0x478200;0xb;__stdcall;;uchar
;_Globals::Unwind@00478230;0x478230;0x8;__stdcall;;uchar
;_Globals::Unwind@00478238;0x478238;0xb;__stdcall;;uchar
;_Globals::Unwind@00478260;0x478260;0x8;__stdcall;;uchar
;_Globals::Unwind@00478268;0x478268;0xb;__stdcall;;uchar
;_Globals::Unwind@00478290;0x478290;0x8;__stdcall;;uchar
;_Globals::Unwind@004782c0;0x4782c0;0xb;__stdcall;;uchar
;_Globals::Unwind@004782f0;0x4782f0;0x8;__stdcall;;uchar
;_Globals::Unwind@00478320;0x478320;0x8;__stdcall;;uchar
;_Globals::Unwind@00478350;0x478350;0x8;__stdcall;;uchar
;_Globals::Unwind@00478358;0x478358;0xb;__stdcall;;uchar
;_Globals::Unwind@00478363;0x478363;0x8;__stdcall;;uchar
;_Globals::Unwind@00478390;0x478390;0x8;__stdcall;;uchar
;_Globals::Unwind@00478398;0x478398;0x27;__stdcall;;uchar
;_Globals::Unwind@004783bf;0x4783bf;0xe;__stdcall;;uchar
;_Globals::Unwind@004783cd;0x4783cd;0xe;__stdcall;;uchar
;_Globals::Unwind@00478400;0x478400;0xb;__stdcall;;uchar
;_Globals::Unwind@00478430;0x478430;0xb;__stdcall;;uchar
;_Globals::Unwind@00478460;0x478460;0xb;__stdcall;;uchar
;_Globals::Unwind@0047846b;0x47846b;0xb;__stdcall;;uchar
;_Globals::Unwind@00478476;0x478476;0xb;__stdcall;;uchar
;_Globals::Unwind@004784a0;0x4784a0;0xb;__stdcall;;uchar
;_Globals::Unwind@004784ab;0x4784ab;0xb;__stdcall;;uchar
;_Globals::Unwind@004784b6;0x4784b6;0xb;__stdcall;;uchar
;_Globals::Unwind@004784e0;0x4784e0;0x8;__stdcall;;uchar
;_Globals::Unwind@00478510;0x478510;0x8;__stdcall;;uchar
;_Globals::Unwind@00478518;0x478518;0x27;__stdcall;;uchar
;_Globals::Unwind@00478560;0x478560;0x8;__stdcall;;uchar
;_Globals::Unwind@00478568;0x478568;0xb;__stdcall;;uchar
;_Globals::Unwind@00478573;0x478573;0xb;__stdcall;;uchar
;_Globals::Unwind@0047857e;0x47857e;0xe;__stdcall;;uchar
;_Globals::Unwind@0047858c;0x47858c;0xe;__stdcall;;uchar
;_Globals::Unwind@0047859a;0x47859a;0xe;__stdcall;;uchar
;_Globals::Unwind@004785a8;0x4785a8;0xe;__stdcall;;uchar
;_Globals::Unwind@004785b6;0x4785b6;0xe;__stdcall;;uchar
;_Globals::Unwind@004785c4;0x4785c4;0xe;__stdcall;;uchar
;_Globals::Unwind@004785f0;0x4785f0;0x8;__stdcall;;uchar
;_Globals::Unwind@004785f8;0x4785f8;0xb;__stdcall;;uchar
;_Globals::Unwind@00478620;0x478620;0xb;__stdcall;;uchar
;_Globals::Unwind@0047862b;0x47862b;0xb;__stdcall;;uchar
;_Globals::Unwind@00478636;0x478636;0xb;__stdcall;;uchar
;_Globals::Unwind@00478660;0x478660;0x8;__stdcall;;uchar
;_Globals::Unwind@00478668;0x478668;0x27;__stdcall;;uchar
;_Globals::Unwind@0047868f;0x47868f;0xe;__stdcall;;uchar
;_Globals::Unwind@0047869d;0x47869d;0xe;__stdcall;;uchar
;_Globals::Unwind@004786ab;0x4786ab;0xe;__stdcall;;uchar
;_Globals::Unwind@004786b9;0x4786b9;0xe;__stdcall;;uchar
;_Globals::Unwind@004786c7;0x4786c7;0x18;__stdcall;;uchar
;_Globals::Unwind@00478700;0x478700;0xb;__stdcall;;uchar
;_Globals::Unwind@00478730;0x478730;0x8;__stdcall;;uchar
;_Globals::Unwind@00478738;0x478738;0xb;__stdcall;;uchar
;_Globals::Unwind@00478743;0x478743;0xb;__stdcall;;uchar
;_Globals::Unwind@0047874e;0x47874e;0xe;__stdcall;;uchar
;_Globals::Unwind@0047875c;0x47875c;0xe;__stdcall;;uchar
;_Globals::Unwind@0047876a;0x47876a;0xe;__stdcall;;uchar
;_Globals::Unwind@00478778;0x478778;0xe;__stdcall;;uchar
;_Globals::Unwind@00478786;0x478786;0xe;__stdcall;;uchar
;_Globals::Unwind@00478794;0x478794;0xe;__stdcall;;uchar
;_Globals::Unwind@004787a2;0x4787a2;0x8;__stdcall;;uchar
;_Globals::Unwind@004787d0;0x4787d0;0x8;__stdcall;;uchar
;_Globals::Unwind@004787d8;0x4787d8;0xb;__stdcall;;uchar
;_Globals::Unwind@004787e3;0x4787e3;0xe;__stdcall;;uchar
;_Globals::Unwind@004787f1;0x4787f1;0xe;__stdcall;;uchar
;_Globals::Unwind@004787ff;0x4787ff;0xe;__stdcall;;uchar
;_Globals::Unwind@0047880d;0x47880d;0xe;__stdcall;;uchar
;_Globals::Unwind@0047881b;0x47881b;0x18;__stdcall;;uchar
;_Globals::Unwind@00478850;0x478850;0xb;__stdcall;;uchar
;_Globals::Unwind@00478880;0x478880;0xb;__stdcall;;uchar
;_Globals::Unwind@004788b0;0x4788b0;0x8;__stdcall;;uchar
;_Globals::Unwind@004788b8;0x4788b8;0xb;__stdcall;;uchar
;_Globals::Unwind@004788c3;0x4788c3;0xe;__stdcall;;uchar
;_Globals::Unwind@004788d1;0x4788d1;0xe;__stdcall;;uchar
;_Globals::Unwind@004788df;0x4788df;0x8;__stdcall;;uchar
;_Globals::Unwind@004788e7;0x4788e7;0xb;__stdcall;;uchar
;_Globals::Unwind@004788f2;0x4788f2;0xb;__stdcall;;uchar
;_Globals::Unwind@004788fd;0x4788fd;0xb;__stdcall;;uchar
;_Globals::Unwind@00478908;0x478908;0xb;__stdcall;;uchar
;_Globals::Unwind@00478913;0x478913;0x8;__stdcall;;uchar
;_Globals::Unwind@0047891b;0x47891b;0xb;__stdcall;;uchar
;_Globals::Unwind@00478926;0x478926;0xb;__stdcall;;uchar
;_Globals::Unwind@00478931;0x478931;0xb;__stdcall;;uchar
;_Globals::Unwind@0047893c;0x47893c;0xb;__stdcall;;uchar
;_Globals::Unwind@00478947;0x478947;0xb;__stdcall;;uchar
;_Globals::Unwind@00478952;0x478952;0xb;__stdcall;;uchar
;_Globals::Unwind@0047895d;0x47895d;0xb;__stdcall;;uchar
;_Globals::Unwind@00478968;0x478968;0xb;__stdcall;;uchar
;_Globals::Unwind@00478973;0x478973;0xb;__stdcall;;uchar
;_Globals::Unwind@0047897e;0x47897e;0xb;__stdcall;;uchar
;_Globals::Unwind@004789b0;0x4789b0;0x8;__stdcall;;uchar
;_Globals::Unwind@004789e0;0x4789e0;0x8;__stdcall;;uchar
;_Globals::Unwind@00478a10;0x478a10;0x8;__stdcall;;uchar
;_Globals::Unwind@00478a18;0x478a18;0xb;__stdcall;;uchar
;_Globals::Unwind@00478a40;0x478a40;0x8;__stdcall;;uchar
;_Globals::Unwind@00478a48;0x478a48;0x27;__stdcall;;uchar
;_Globals::Unwind@00478a90;0x478a90;0x8;__stdcall;;uchar
;_Globals::Unwind@00478ac0;0x478ac0;0x8;__stdcall;;uchar
;_Globals::Unwind@00478af0;0x478af0;0xb;__stdcall;;uchar
;_Globals::Unwind@00478b20;0x478b20;0xb;__stdcall;;uchar
;_Globals::Unwind@00478b50;0x478b50;0xb;__stdcall;;uchar
;_Globals::Unwind@00478b80;0x478b80;0xb;__stdcall;;uchar
;_Globals::Unwind@00478bb0;0x478bb0;0x8;__stdcall;;uchar
;_Globals::Unwind@00478bb8;0x478bb8;0x8;__stdcall;;uchar
;_Globals::Unwind@00478be0;0x478be0;0x8;__stdcall;;uchar
;_Globals::Unwind@00478be8;0x478be8;0x16;__stdcall;;uchar
;_Globals::Unwind@00478c20;0x478c20;0x8;__stdcall;;uchar
;_Globals::Unwind@00478c28;0x478c28;0xb;__stdcall;;uchar
;_Globals::Unwind@00478c33;0x478c33;0x18;__stdcall;;uchar
;_Globals::Unwind@00478c70;0x478c70;0x8;__stdcall;;uchar
;_Globals::Unwind@00478c78;0x478c78;0x16;__stdcall;;uchar
;_Globals::Unwind@00478c8e;0x478c8e;0x8;__stdcall;;uchar
;_Globals::Unwind@00478c96;0x478c96;0xb;__stdcall;;uchar
;_Globals::Unwind@00478ca1;0x478ca1;0x8;__stdcall;;uchar
;_Globals::Unwind@00478ca9;0x478ca9;0x8;__stdcall;;uchar
;_Globals::Unwind@00478cb1;0x478cb1;0xb;__stdcall;;uchar
;_Globals::Unwind@00478cbc;0x478cbc;0xb;__stdcall;;uchar
;_Globals::Unwind@00478cc7;0x478cc7;0xb;__stdcall;;uchar
;_Globals::Unwind@00478cd2;0x478cd2;0xb;__stdcall;;uchar
;_Globals::Unwind@00478cdd;0x478cdd;0xb;__stdcall;;uchar
;_Globals::Unwind@00478ce8;0x478ce8;0xb;__stdcall;;uchar
;_Globals::Unwind@00478cf3;0x478cf3;0xb;__stdcall;;uchar
;_Globals::Unwind@00478cfe;0x478cfe;0xb;__stdcall;;uchar
;_Globals::Unwind@00478d09;0x478d09;0xb;__stdcall;;uchar
;_Globals::Unwind@00478d14;0x478d14;0xb;__stdcall;;uchar
;_Globals::Unwind@00478d1f;0x478d1f;0x8;__stdcall;;uchar
;_Globals::Unwind@00478d27;0x478d27;0xb;__stdcall;;uchar
;_Globals::Unwind@00478d50;0x478d50;0x8;__stdcall;;uchar
;_Globals::Unwind@00478d80;0x478d80;0x8;__stdcall;;uchar
;_Globals::Unwind@00478dd0;0x478dd0;0x8;__stdcall;;uchar
;_Globals::Unwind@00478e00;0x478e00;0x8;__stdcall;;uchar
;_Globals::Unwind@00478e08;0x478e08;0x27;__stdcall;;uchar
;_Globals::Unwind@00478e2f;0x478e2f;0x27;__stdcall;;uchar
;_Globals::Unwind@00478e56;0x478e56;0xb;__stdcall;;uchar
;_Globals::Unwind@00478e80;0x478e80;0xb;__stdcall;;uchar
;_Globals::Unwind@00478eb0;0x478eb0;0x8;__stdcall;;uchar
;_Globals::Unwind@00478ee0;0x478ee0;0x8;__stdcall;;uchar
;_Globals::Unwind@00478ee8;0x478ee8;0x27;__stdcall;;uchar
;_Globals::Unwind@00478f30;0x478f30;0x8;__stdcall;;uchar
;_Globals::Unwind@00478f38;0x478f38;0x27;__stdcall;;uchar
;_Globals::Unwind@00478f5f;0x478f5f;0xb;__stdcall;;uchar
;_Globals::Unwind@00478f90;0x478f90;0x8;__stdcall;;uchar
;_Globals::Unwind@00478f98;0x478f98;0xb;__stdcall;;uchar
;_Globals::Unwind@00478fa3;0x478fa3;0xb;__stdcall;;uchar
;_Globals::Unwind@00478fd0;0x478fd0;0x8;__stdcall;;uchar
;_Globals::Unwind@00478fd8;0x478fd8;0x8;__stdcall;;uchar
;_Globals::Unwind@00478fe0;0x478fe0;0x8;__stdcall;;uchar
;_Globals::Unwind@00478fe8;0x478fe8;0x8;__stdcall;;uchar
;_Globals::Unwind@00478ff0;0x478ff0;0xb;__stdcall;;uchar
;_Globals::Unwind@00478ffb;0x478ffb;0x8;__stdcall;;uchar
;_Globals::Unwind@00479040;0x479040;0x8;__stdcall;;uchar
;_Globals::Unwind@00479070;0x479070;0x8;__stdcall;;uchar
;_Globals::Unwind@00479078;0x479078;0x8;__stdcall;;uchar
;_Globals::Unwind@00479080;0x479080;0x8;__stdcall;;uchar
;_Globals::Unwind@004790b0;0x4790b0;0x8;__stdcall;;uchar
;_Globals::Unwind@004790b8;0x4790b8;0xb;__stdcall;;uchar
;_Globals::Unwind@004790e0;0x4790e0;0x8;__stdcall;;uchar
;_Globals::Unwind@004790e8;0x4790e8;0x27;__stdcall;;uchar
;_Globals::Unwind@00479130;0x479130;0x8;__stdcall;;uchar
;_Globals::Unwind@00479138;0x479138;0xb;__stdcall;;uchar
;_Globals::Unwind@00479143;0x479143;0xb;__stdcall;;uchar
;_Globals::Unwind@0047914e;0x47914e;0xb;__stdcall;;uchar
;_Globals::Unwind@00479159;0x479159;0xb;__stdcall;;uchar
;_Globals::Unwind@00479164;0x479164;0xe;__stdcall;;uchar
;_Globals::Unwind@00479172;0x479172;0xe;__stdcall;;uchar
;_Globals::Unwind@004791a0;0x4791a0;0x8;__stdcall;;uchar
;_Globals::Unwind@004791a8;0x4791a8;0xb;__stdcall;;uchar
;_Globals::Unwind@004791b3;0x4791b3;0xb;__stdcall;;uchar
;_Globals::Unwind@004791be;0x4791be;0xb;__stdcall;;uchar
;_Globals::Unwind@004791c9;0x4791c9;0xb;__stdcall;;uchar
;_Globals::Unwind@004791d4;0x4791d4;0xe;__stdcall;;uchar
;_Globals::Unwind@004791e2;0x4791e2;0xe;__stdcall;;uchar
;_Globals::Unwind@004791f0;0x4791f0;0xe;__stdcall;;uchar
;_Globals::Unwind@004791fe;0x4791fe;0xe;__stdcall;;uchar
;_Globals::Unwind@0047920c;0x47920c;0xe;__stdcall;;uchar
;_Globals::Unwind@0047921a;0x47921a;0x8;__stdcall;;uchar
;_Globals::Unwind@00479240;0x479240;0x8;__stdcall;;uchar
;_Globals::Unwind@00479248;0x479248;0xb;__stdcall;;uchar
;_Globals::Unwind@00479253;0x479253;0xb;__stdcall;;uchar
;_Globals::Unwind@0047925e;0x47925e;0xb;__stdcall;;uchar
;_Globals::Unwind@00479269;0x479269;0xb;__stdcall;;uchar
;_Globals::Unwind@00479274;0x479274;0xe;__stdcall;;uchar
;_Globals::Unwind@00479282;0x479282;0xe;__stdcall;;uchar
;_Globals::Unwind@00479290;0x479290;0xe;__stdcall;;uchar
;_Globals::Unwind@0047929e;0x47929e;0xe;__stdcall;;uchar
;_Globals::Unwind@004792ac;0x4792ac;0xe;__stdcall;;uchar
;_Globals::Unwind@004792ba;0x4792ba;0x8;__stdcall;;uchar
;_Globals::Unwind@004792e0;0x4792e0;0xb;__stdcall;;uchar
;_Globals::Unwind@00479310;0x479310;0xb;__stdcall;;uchar
;_Globals::Unwind@00479340;0x479340;0x8;__stdcall;;uchar
;_Globals::Unwind@00479348;0x479348;0x27;__stdcall;;uchar
;_Globals::Unwind@0047936f;0x47936f;0xb;__stdcall;;uchar
;_Globals::Unwind@004793a0;0x4793a0;0x8;__stdcall;;uchar
;_Globals::Unwind@004793d0;0x4793d0;0x8;__stdcall;;uchar
;_Globals::Unwind@00479400;0x479400;0x22;__stdcall;;uchar
;_Globals::Unwind@00479450;0x479450;0x8;__stdcall;;uchar
;_Globals::Unwind@00479458;0x479458;0x8;__stdcall;;uchar
;_Globals::Unwind@00479460;0x479460;0x8;__stdcall;;uchar
;_Globals::Unwind@00479468;0x479468;0x8;__stdcall;;uchar
;_Globals::Unwind@00479470;0x479470;0x8;__stdcall;;uchar
;_Globals::Unwind@00479478;0x479478;0x8;__stdcall;;uchar
;_Globals::Unwind@004794a0;0x4794a0;0x8;__stdcall;;uchar
;_Globals::Unwind@004794a8;0x4794a8;0x8;__stdcall;;uchar
;_Globals::Unwind@004794d0;0x4794d0;0x8;__stdcall;;uchar
;_Globals::Unwind@004794d8;0x4794d8;0x8;__stdcall;;uchar
;_Globals::Unwind@00479500;0x479500;0x19;__stdcall;;uchar
;_Globals::Unwind@00479540;0x479540;0x8;__stdcall;;uchar
;_Globals::Unwind@00479570;0x479570;0x8;__stdcall;;uchar
;_Globals::Unwind@00479578;0x479578;0x8;__stdcall;;uchar
;_Globals::Unwind@004795a0;0x4795a0;0xb;__stdcall;;uchar
;_Globals::Unwind@004795ab;0x4795ab;0xb;__stdcall;;uchar
;_Globals::Unwind@004795e0;0x4795e0;0xb;__stdcall;;uchar
;_Globals::Unwind@00479610;0x479610;0xb;__stdcall;;uchar
;_Globals::Unwind@0047961b;0x47961b;0xb;__stdcall;;uchar
;_Globals::Unwind@00479650;0x479650;0x8;__stdcall;;uchar
;_Globals::Unwind@00479680;0x479680;0xb;__stdcall;;uchar
;_Globals::Unwind@0047968b;0x47968b;0xb;__stdcall;;uchar
;_Globals::Unwind@004796c0;0x4796c0;0xb;__stdcall;;uchar
;_Globals::Unwind@004796cb;0x4796cb;0xb;__stdcall;;uchar
;_Globals::Unwind@00479720;0x479720;0x8;__stdcall;;uchar
;_Globals::Unwind@00479770;0x479770;0x8;__stdcall;;uchar
;_Globals::Unwind@00479778;0x479778;0xb;__stdcall;;uchar
;_Globals::Unwind@00479783;0x479783;0xb;__stdcall;;uchar
;_Globals::Unwind@004797b0;0x4797b0;0x8;__stdcall;;uchar
;_Globals::Unwind@004797b8;0x4797b8;0xb;__stdcall;;uchar
;_Globals::Unwind@004797c3;0x4797c3;0xb;__stdcall;;uchar
;_Globals::Unwind@004797ce;0x4797ce;0xb;__stdcall;;uchar
;_Globals::Unwind@004797d9;0x4797d9;0x8;__stdcall;;uchar
;_Globals::Unwind@00479800;0x479800;0x8;__stdcall;;uchar
;_Globals::Unwind@00479808;0x479808;0xb;__stdcall;;uchar
;_Globals::Unwind@00479813;0x479813;0xb;__stdcall;;uchar
;_Globals::Unwind@0047981e;0x47981e;0xb;__stdcall;;uchar
;_Globals::Unwind@00479829;0x479829;0x8;__stdcall;;uchar
;_Globals::Unwind@00479850;0x479850;0xb;__stdcall;;uchar
;_Globals::Unwind@00479880;0x479880;0xb;__stdcall;;uchar
;_Globals::Unwind@004798b0;0x4798b0;0x8;__stdcall;;uchar
;_Globals::Unwind@004798e0;0x4798e0;0x8;__stdcall;;uchar
;_Globals::Unwind@00479910;0x479910;0xb;__stdcall;;uchar
;_Globals::Unwind@00479940;0x479940;0x8;__stdcall;;uchar
;_Globals::Unwind@00479948;0x479948;0xb;__stdcall;;uchar
;_Globals::Unwind@00479970;0x479970;0x8;__stdcall;;uchar
;_Globals::Unwind@00479978;0x479978;0xb;__stdcall;;uchar
;_Globals::Unwind@004799a0;0x4799a0;0xb;__stdcall;;uchar
;_Globals::Unwind@004799ab;0x4799ab;0x8;__stdcall;;uchar
;_Globals::Unwind@004799d0;0x4799d0;0x8;__stdcall;;uchar
;_Globals::Unwind@004799d8;0x4799d8;0xb;__stdcall;;uchar
;_Globals::Unwind@00479a00;0x479a00;0x8;__stdcall;;uchar
;_Globals::Unwind@00479ac0;0x479ac0;0x8;__stdcall;;uchar
;_Globals::Unwind@00479ac8;0x479ac8;0x27;__stdcall;;uchar
;_Globals::Unwind@00479b10;0x479b10;0xb;__stdcall;;uchar
;_Globals::Unwind@00479b50;0x479b50;0x8;__stdcall;;uchar
;_Globals::Unwind@00479b80;0x479b80;0x8;__stdcall;;uchar
;_Globals::Unwind@00479b88;0x479b88;0x27;__stdcall;;uchar
;_Globals::Unwind@00479bd0;0x479bd0;0x8;__stdcall;;uchar
;_Globals::Unwind@00479bd8;0x479bd8;0xb;__stdcall;;uchar
;_Globals::Unwind@00479be3;0x479be3;0x8;__stdcall;;uchar
;_Globals::Unwind@00479c10;0x479c10;0x8;__stdcall;;uchar
;_Globals::Unwind@00479c18;0x479c18;0x27;__stdcall;;uchar
;_Globals::Unwind@00479c3f;0x479c3f;0xb;__stdcall;;uchar
;_Globals::Unwind@00479c70;0x479c70;0xb;__stdcall;;uchar
;_Globals::Unwind@00479ca0;0x479ca0;0x8;__stdcall;;uchar
;_Globals::Unwind@00479ca8;0x479ca8;0x27;__stdcall;;uchar
;_Globals::Unwind@00479cf0;0x479cf0;0x8;__stdcall;;uchar
;_Globals::Unwind@00479d20;0x479d20;0x8;__stdcall;;uchar
;_Globals::Unwind@00479d28;0x479d28;0x8;__stdcall;;uchar
;_Globals::Unwind@00479d50;0x479d50;0x8;__stdcall;;uchar
;_Globals::Unwind@00479d80;0x479d80;0xb;__stdcall;;uchar
;_Globals::Unwind@00479db0;0x479db0;0x8;__stdcall;;uchar
;_Globals::Unwind@00479de0;0x479de0;0x8;__stdcall;;uchar
;_Globals::Unwind@00479de8;0x479de8;0xb;__stdcall;;uchar
;_Globals::Unwind@00479df3;0x479df3;0xb;__stdcall;;uchar
;_Globals::Unwind@00479dfe;0x479dfe;0xb;__stdcall;;uchar
;_Globals::Unwind@00479e30;0x479e30;0x8;__stdcall;;uchar
;_Globals::Unwind@00479e38;0x479e38;0xb;__stdcall;;uchar
;_Globals::Unwind@00479e43;0x479e43;0xb;__stdcall;;uchar
;_Globals::Unwind@00479e4e;0x479e4e;0xb;__stdcall;;uchar
;_Globals::Unwind@00479e80;0x479e80;0x8;__stdcall;;uchar
;_Globals::Unwind@00479eb0;0x479eb0;0x8;__stdcall;;uchar
;_Globals::Unwind@00479eb8;0x479eb8;0xb;__stdcall;;uchar
;_Globals::Unwind@00479ec3;0x479ec3;0xb;__stdcall;;uchar
;_Globals::Unwind@00479ece;0x479ece;0xb;__stdcall;;uchar
;_Globals::Unwind@00479ed9;0x479ed9;0xb;__stdcall;;uchar
;_Globals::Unwind@00479f00;0x479f00;0x8;__stdcall;;uchar
;_Globals::Unwind@00479f30;0x479f30;0xb;__stdcall;;uchar
;_Globals::Unwind@00479f60;0x479f60;0x8;__stdcall;;uchar
;_Globals::Unwind@00479f90;0x479f90;0xb;__stdcall;;uchar
;_Globals::Unwind@00479fc0;0x479fc0;0x8;__stdcall;;uchar
;_Globals::Unwind@00479fc8;0x479fc8;0xb;__stdcall;;uchar
;_Globals::Unwind@00479ff0;0x479ff0;0x8;__stdcall;;uchar
;_Globals::Unwind@00479ff8;0x479ff8;0x27;__stdcall;;uchar
;_Globals::Unwind@0047a01f;0x47a01f;0xb;__stdcall;;uchar
;_Globals::Unwind@0047a050;0x47a050;0xb;__stdcall;;uchar
;_Globals::Unwind@0047a080;0x47a080;0xb;__stdcall;;uchar
;_Globals::Unwind@0047a08b;0x47a08b;0x8;__stdcall;;uchar
;_Globals::Unwind@0047a093;0x47a093;0xb;__stdcall;;uchar
;_Globals::Unwind@0047a09e;0x47a09e;0x8;__stdcall;;uchar
;_Globals::Unwind@0047a0d0;0x47a0d0;0xb;__stdcall;;uchar
;_Globals::Unwind@0047a100;0x47a100;0x8;__stdcall;;uchar
;_Globals::Unwind@0047a130;0x47a130;0x8;__stdcall;;uchar
;_Globals::Unwind@0047a160;0x47a160;0x8;__stdcall;;uchar
;_Globals::Unwind@0047a190;0x47a190;0x8;__stdcall;;uchar
;_Globals::Unwind@0047a1c0;0x47a1c0;0x8;__stdcall;;uchar
;_Globals::Unwind@0047a1f0;0x47a1f0;0x8;__stdcall;;uchar
;_Globals::Unwind@0047a1f8;0x47a1f8;0xb;__stdcall;;uchar
;_Globals::Unwind@0047a203;0x47a203;0xb;__stdcall;;uchar
;_Globals::Unwind@0047a20e;0x47a20e;0xb;__stdcall;;uchar
;_Globals::Unwind@0047a219;0x47a219;0xb;__stdcall;;uchar
;_Globals::Unwind@0047a240;0x47a240;0x8;__stdcall;;uchar
;_Globals::Unwind@0047a248;0x47a248;0xb;__stdcall;;uchar
;_Globals::Unwind@0047a253;0x47a253;0xb;__stdcall;;uchar
;_Globals::Unwind@0047a25e;0x47a25e;0xb;__stdcall;;uchar
;_Globals::Unwind@0047a269;0x47a269;0xb;__stdcall;;uchar
;_Globals::Unwind@0047a290;0x47a290;0xb;__stdcall;;uchar
;_Globals::Unwind@0047a2c0;0x47a2c0;0x8;__stdcall;;uchar
;_Globals::Unwind@0047a2f0;0x47a2f0;0xb;__stdcall;;uchar
;_Globals::Unwind@0047a330;0x47a330;0x8;__stdcall;;uchar
;_Globals::Unwind@0047a338;0x47a338;0xb;__stdcall;;uchar
;_Globals::Unwind@0047a360;0x47a360;0x8;__stdcall;;uchar
;_Globals::Unwind@0047a368;0x47a368;0x8;__stdcall;;uchar
;_Globals::Unwind@0047a370;0x47a370;0xb;__stdcall;;uchar
;_Globals::Unwind@0047a37b;0x47a37b;0xb;__stdcall;;uchar
;_Globals::Unwind@0047a3b0;0x47a3b0;0x8;__stdcall;;uchar
;_Globals::Unwind@0047a3e0;0x47a3e0;0x8;__stdcall;;uchar
;_Globals::Unwind@0047a3e8;0x47a3e8;0xb;__stdcall;;uchar
;_Globals::Unwind@0047a410;0x47a410;0x8;__stdcall;;uchar
;_Globals::Unwind@0047a440;0x47a440;0x8;__stdcall;;uchar
;_Globals::Unwind@0047a470;0x47a470;0x8;__stdcall;;uchar
;_Globals::Unwind@0047a4a0;0x47a4a0;0x8;__stdcall;;uchar
;_Globals::Unwind@0047a4d0;0x47a4d0;0xb;__stdcall;;uchar
;_Globals::Unwind@0047a500;0x47a500;0xb;__stdcall;;uchar
;_Globals::Unwind@0047a540;0x47a540;0x8;__stdcall;;uchar
;_Globals::Unwind@0047a548;0x47a548;0xb;__stdcall;;uchar
;_Globals::Unwind@0047a570;0x47a570;0xb;__stdcall;;uchar
;_Globals::Unwind@0047a5d0;0x47a5d0;0xb;__stdcall;;uchar
;_Globals::Unwind@0047a600;0x47a600;0xb;__stdcall;;uchar
;_Globals::Unwind@0047a630;0x47a630;0x8;__stdcall;;uchar
;_Globals::Unwind@0047a638;0x47a638;0xb;__stdcall;;uchar
;_Globals::Unwind@0047a660;0x47a660;0x8;__stdcall;;uchar
;_Globals::Unwind@0047a668;0x47a668;0xb;__stdcall;;uchar
;_Globals::Unwind@0047a690;0x47a690;0x8;__stdcall;;uchar
;_Globals::Unwind@0047a698;0x47a698;0xb;__stdcall;;uchar
;_Globals::Unwind@0047a6c0;0x47a6c0;0xb;__stdcall;;uchar
;_Globals::Unwind@0047a6f0;0x47a6f0;0xb;__stdcall;;uchar
;_Globals::Unwind@0047a720;0x47a720;0xb;__stdcall;;uchar
;_Globals::Unwind@0047a750;0x47a750;0x8;__stdcall;;uchar
;_Globals::Unwind@0047a758;0x47a758;0xb;__stdcall;;uchar
;_Globals::Unwind@0047a763;0x47a763;0xb;__stdcall;;uchar
;_Globals::Unwind@0047a76e;0x47a76e;0xb;__stdcall;;uchar
;_Globals::Unwind@0047a7a0;0x47a7a0;0x8;__stdcall;;uchar
;_Globals::Unwind@0047a7a8;0x47a7a8;0x27;__stdcall;;uchar
;_Globals::Unwind@0047a7cf;0x47a7cf;0xb;__stdcall;;uchar
;_Globals::Unwind@0047a7da;0x47a7da;0xb;__stdcall;;uchar
;_Globals::Unwind@0047a820;0x47a820;0xb;__stdcall;;uchar
;_Globals::Unwind@0047a870;0x47a870;0x8;__stdcall;;uchar
;_Globals::Unwind@0047a878;0x47a878;0xb;__stdcall;;uchar
;_Globals::Unwind@0047a883;0x47a883;0x8;__stdcall;;uchar
;_Globals::Unwind@0047a8b0;0x47a8b0;0x8;__stdcall;;uchar
;_Globals::Unwind@0047a900;0x47a900;0x8;__stdcall;;uchar
;_Globals::Unwind@0047a908;0x47a908;0xb;__stdcall;;uchar
;_Globals::Unwind@0047a913;0x47a913;0xb;__stdcall;;uchar
;_Globals::Unwind@0047a91e;0x47a91e;0xb;__stdcall;;uchar
;_Globals::Unwind@0047a950;0x47a950;0x8;__stdcall;;uchar
;_Globals::Unwind@0047a958;0x47a958;0x27;__stdcall;;uchar
;_Globals::Unwind@0047a97f;0x47a97f;0xb;__stdcall;;uchar
;_Globals::Unwind@0047a98a;0x47a98a;0xb;__stdcall;;uchar
;_Globals::Unwind@0047a9b0;0x47a9b0;0xb;__stdcall;;uchar
;_Globals::Unwind@0047a9e0;0x47a9e0;0x8;__stdcall;;uchar
;_Globals::Unwind@0047a9e8;0x47a9e8;0xb;__stdcall;;uchar
;_Globals::Unwind@0047aa10;0x47aa10;0x8;__stdcall;;uchar
;_Globals::Unwind@0047aa18;0x47aa18;0xb;__stdcall;;uchar
;_Globals::Unwind@0047aa23;0x47aa23;0xb;__stdcall;;uchar
;_Globals::Unwind@0047aa50;0x47aa50;0xb;__stdcall;;uchar
;_Globals::Unwind@0047aa80;0x47aa80;0x8;__stdcall;;uchar
;_Globals::Unwind@0047aab0;0x47aab0;0xb;__stdcall;;uchar
;_Globals::Unwind@0047aae0;0x47aae0;0xb;__stdcall;;uchar
;_Globals::Unwind@0047ab10;0x47ab10;0x8;__stdcall;;uchar
;_Globals::Unwind@0047ab18;0x47ab18;0xb;__stdcall;;uchar
;_Globals::Unwind@0047ab23;0x47ab23;0xb;__stdcall;;uchar
;_Globals::Unwind@0047ab50;0x47ab50;0x8;__stdcall;;uchar
;_Globals::Unwind@0047ab58;0x47ab58;0xb;__stdcall;;uchar
;_Globals::Unwind@0047ab63;0x47ab63;0xb;__stdcall;;uchar
;_Globals::Unwind@0047ab6e;0x47ab6e;0xb;__stdcall;;uchar
;_Globals::Unwind@0047aba0;0x47aba0;0xb;__stdcall;;uchar
;_Globals::Unwind@0047ac30;0x47ac30;0x8;__stdcall;;uchar
;_Globals::Unwind@0047ac38;0x47ac38;0xb;__stdcall;;uchar
;_Globals::Unwind@0047ac60;0x47ac60;0x8;__stdcall;;uchar
;_Globals::Unwind@0047acd0;0x47acd0;0x8;__stdcall;;uchar
;_Globals::Unwind@0047acd8;0x47acd8;0xb;__stdcall;;uchar
;_Globals::Unwind@0047ace3;0x47ace3;0xb;__stdcall;;uchar
;_Globals::Unwind@0047acee;0x47acee;0xb;__stdcall;;uchar
;_Globals::Unwind@0047ad20;0x47ad20;0x8;__stdcall;;uchar
;_Globals::Unwind@0047ad28;0x47ad28;0x27;__stdcall;;uchar
;_Globals::Unwind@0047ad4f;0x47ad4f;0x27;__stdcall;;uchar
;_Globals::Unwind@0047ad76;0x47ad76;0x27;__stdcall;;uchar
;_Globals::Unwind@0047adc0;0x47adc0;0xb;__stdcall;;uchar
;_Globals::Unwind@0047adf0;0x47adf0;0x8;__stdcall;;uchar
;_Globals::Unwind@0047ae20;0x47ae20;0x8;__stdcall;;uchar
;_Globals::Unwind@0047ae28;0x47ae28;0xe;__stdcall;;uchar
;_Globals::Unwind@0047ae60;0x47ae60;0x8;__stdcall;;uchar
;_Globals::Unwind@0047ae68;0x47ae68;0xe;__stdcall;;uchar
;_Globals::Unwind@0047ae76;0x47ae76;0xe;__stdcall;;uchar
;_Globals::Unwind@0047aea0;0x47aea0;0xb;__stdcall;;uchar
;_Globals::Unwind@0047aed0;0x47aed0;0x8;__stdcall;;uchar
;_Globals::Unwind@0047af00;0x47af00;0x8;__stdcall;;uchar
;_Globals::Unwind@0047af30;0x47af30;0x8;__stdcall;;uchar
;_Globals::Unwind@0047af60;0x47af60;0x8;__stdcall;;uchar
;_Globals::Unwind@0047af68;0x47af68;0x8;__stdcall;;uchar
;_Globals::Unwind@0047afb0;0x47afb0;0x8;__stdcall;;uchar
;_Globals::CBulanci_RegisterAppDescriptor;0x47aff0;0x25;__stdcall;;uchar
;CDSResourceSign::RegisterCDSResourceSignAsClass94;0x47d1d0;0x22;__stdcall;;uchar
;CDSResourceSign::RegisterCDSResourceSignAuxClass1;0x47d200;0x25;__stdcall;;uchar
;CDSResourceSign::RegisterCDSResourceSignAuxClass2;0x47d230;0x25;__stdcall;;uchar
;CDSResourceSign::RegisterCDSResourceSignAuxClass3;0x47d260;0x25;__stdcall;;uchar
;FUN_0047de40;0x47de40;0x1;__stdcall;;uchar
;FUN_0047de50;0x47de50;0x1;__stdcall;;uchar
;FUN_0047de60;0x47de60;0x1;__stdcall;;uchar
;FUN_0047de70;0x47de70;0x1;__stdcall;;uchar
;FUN_0047de80;0x47de80;0x1;__stdcall;;uchar
;FUN_0047de90;0x47de90;0x1;__stdcall;;uchar
;FUN_0047dea0;0x47dea0;0x1;__stdcall;;uchar
;FUN_0047deb0;0x47deb0;0x1;__stdcall;;uchar
;FUN_0047dec0;0x47dec0;0x1;__stdcall;;uchar
;FUN_0047ded0;0x47ded0;0x1;__stdcall;;uchar
;FUN_0047dee0;0x47dee0;0x1;__stdcall;;uchar
;FUN_0047def0;0x47def0;0x1;__stdcall;;uchar
;FUN_0047df00;0x47df00;0x1;__stdcall;;uchar
;FUN_0047df10;0x47df10;0x1;__stdcall;;uchar
;FUN_0047df20;0x47df20;0x1;__stdcall;;uchar
;FUN_0047df30;0x47df30;0x1;__stdcall;;uchar
;FUN_0047df40;0x47df40;0x1;__stdcall;;uchar
;FUN_0047df50;0x47df50;0x1;__stdcall;;uchar
;FUN_0047df60;0x47df60;0x1;__stdcall;;uchar
;FUN_0047df70;0x47df70;0x1;__stdcall;;uchar
;FUN_0047df80;0x47df80;0x1;__stdcall;;uchar
;FUN_0047df90;0x47df90;0x1;__stdcall;;uchar
;FUN_0047dfa0;0x47dfa0;0x1;__stdcall;;uchar
;FUN_0047dfb0;0x47dfb0;0x1;__stdcall;;uchar
;FUN_0047dfc0;0x47dfc0;0x1;__stdcall;;uchar
;FUN_0047dfd0;0x47dfd0;0x1;__stdcall;;uchar
;FUN_0047dfe0;0x47dfe0;0x1;__stdcall;;uchar
;FUN_0047dff0;0x47dff0;0x1;__stdcall;;uchar
;FUN_0047e000;0x47e000;0x1;__stdcall;;uchar
;FUN_0047e010;0x47e010;0x1;__stdcall;;uchar
;FUN_0047e020;0x47e020;0x1;__stdcall;;uchar
;FUN_0047e030;0x47e030;0x1;__stdcall;;uchar
;FUN_0047e040;0x47e040;0x1;__stdcall;;uchar
;FUN_0047e050;0x47e050;0x1;__stdcall;;uchar
;FUN_0047e060;0x47e060;0x1;__stdcall;;uchar
;FUN_0047e070;0x47e070;0x1;__stdcall;;uchar
;FUN_0047e080;0x47e080;0x1;__stdcall;;uchar
;FUN_0047e090;0x47e090;0x1;__stdcall;;uchar
;FUN_0047e0a0;0x47e0a0;0x1;__stdcall;;uchar
;FUN_0047e0b0;0x47e0b0;0x1;__stdcall;;uchar
;FUN_0047e0c0;0x47e0c0;0x1;__stdcall;;uchar
;FUN_0047e0d0;0x47e0d0;0x1;__stdcall;;uchar
;FUN_0047e0e0;0x47e0e0;0x1;__stdcall;;uchar
;FUN_0047e0f0;0x47e0f0;0x1;__stdcall;;uchar
;FUN_0047e100;0x47e100;0x1;__stdcall;;uchar
;FUN_0047e110;0x47e110;0x1;__stdcall;;uchar
;FUN_0047e120;0x47e120;0x1;__stdcall;;uchar
;FUN_0047e130;0x47e130;0x1;__stdcall;;uchar
;FUN_0047e140;0x47e140;0x1;__stdcall;;uchar
;FUN_0047e150;0x47e150;0x1;__stdcall;;uchar
;FUN_0047e160;0x47e160;0x1;__stdcall;;uchar
;FUN_0047e170;0x47e170;0x1;__stdcall;;uchar
;FUN_0047e180;0x47e180;0x1;__stdcall;;uchar
;FUN_0047e190;0x47e190;0x1;__stdcall;;uchar
;FUN_0047e1a0;0x47e1a0;0x1;__stdcall;;uchar
;FUN_0047e1b0;0x47e1b0;0x1;__stdcall;;uchar
;FUN_0047e1c0;0x47e1c0;0x1;__stdcall;;uchar
;FUN_0047e1d0;0x47e1d0;0x1;__stdcall;;uchar
;FUN_0047e1e0;0x47e1e0;0x1;__stdcall;;uchar
;FUN_0047e1f0;0x47e1f0;0x1;__stdcall;;uchar
;FUN_0047e200;0x47e200;0x1;__stdcall;;uchar
;FUN_0047e210;0x47e210;0x1;__stdcall;;uchar
;FUN_0047e220;0x47e220;0x1;__stdcall;;uchar
;FUN_0047e230;0x47e230;0x1;__stdcall;;uchar
;FUN_0047e240;0x47e240;0x1;__stdcall;;uchar
;FUN_0047e250;0x47e250;0x1;__stdcall;;uchar
;FUN_0047e260;0x47e260;0x1;__stdcall;;uchar
;FUN_0047e270;0x47e270;0x1;__stdcall;;uchar
;FUN_0047e280;0x47e280;0x1;__stdcall;;uchar
;FUN_0047e290;0x47e290;0x1;__stdcall;;uchar
;FUN_0047e2a0;0x47e2a0;0x1;__stdcall;;uchar
;FUN_0047e2b0;0x47e2b0;0x1;__stdcall;;uchar
;FUN_0047e2c0;0x47e2c0;0x1;__stdcall;;uchar
;FUN_0047e2d0;0x47e2d0;0x1;__stdcall;;uchar
;FUN_0047e2e0;0x47e2e0;0x1;__stdcall;;uchar
;FUN_0047e2f0;0x47e2f0;0x1;__stdcall;;uchar
;FUN_0047e300;0x47e300;0x1;__stdcall;;uchar
;FUN_0047e310;0x47e310;0x1;__stdcall;;uchar
;FUN_0047e320;0x47e320;0x12;__stdcall;;uchar
;FUN_0047e340;0x47e340;0x1;__stdcall;;uchar
;FUN_0047e350;0x47e350;0x1;__stdcall;;uchar
;FUN_0047e360;0x47e360;0x1;__stdcall;;uchar
;FUN_0047e370;0x47e370;0x1;__stdcall;;uchar
;FUN_0047e380;0x47e380;0x1;__stdcall;;uchar
;FUN_0047e390;0x47e390;0x1;__stdcall;;uchar
;FUN_0047e3a0;0x47e3a0;0x1;__stdcall;;uchar
;FUN_0047e3b0;0x47e3b0;0x1;__stdcall;;uchar
;FUN_0047e3c0;0x47e3c0;0x1;__stdcall;;uchar
;FUN_0047e3d0;0x47e3d0;0x1;__stdcall;;uchar
;FUN_0047e3e0;0x47e3e0;0x1;__stdcall;;uchar
;FUN_0047e3f0;0x47e3f0;0x1;__stdcall;;uchar
;FUN_0047e400;0x47e400;0x1;__stdcall;;uchar
;FUN_0047e410;0x47e410;0x1;__stdcall;;uchar
;FUN_0047e420;0x47e420;0x1;__stdcall;;uchar
;FUN_0047e430;0x47e430;0x1;__stdcall;;uchar
;FUN_0047e440;0x47e440;0x1;__stdcall;;uchar
;FUN_0047e450;0x47e450;0x1;__stdcall;;uchar
;FUN_0047e460;0x47e460;0x1;__stdcall;;uchar
;FUN_0047e470;0x47e470;0x1;__stdcall;;uchar
;FUN_0047e480;0x47e480;0x1;__stdcall;;uchar
;FUN_0047e490;0x47e490;0x1;__stdcall;;uchar
;FUN_0047e4a0;0x47e4a0;0x1;__stdcall;;uchar
;CDSStaticTexts_StaticDtor;0x47e4b0;0xb;__stdcall;;uchar
;FUN_0047e4c0;0x47e4c0;0x1;__stdcall;;uchar
;FUN_0047e4d0;0x47e4d0;0x1;__stdcall;;uchar
;FUN_0047e4e0;0x47e4e0;0x1;__stdcall;;uchar
;FUN_0047e4f0;0x47e4f0;0x1;__stdcall;;uchar
;FUN_0047e500;0x47e500;0x1;__stdcall;;uchar
;FUN_0047e510;0x47e510;0x1;__stdcall;;uchar
;FUN_0047e520;0x47e520;0x1;__stdcall;;uchar
;FUN_0047e530;0x47e530;0x1;__stdcall;;uchar
;FUN_0047e540;0x47e540;0x1;__stdcall;;uchar
;FUN_0047e550;0x47e550;0x1;__stdcall;;uchar
;FUN_0047e560;0x47e560;0x1;__stdcall;;uchar
;FUN_0047e570;0x47e570;0x1;__stdcall;;uchar
;FUN_0047e580;0x47e580;0x1;__stdcall;;uchar
;FUN_0047e590;0x47e590;0x1;__stdcall;;uchar
;FUN_0047e5a0;0x47e5a0;0x1;__stdcall;;uchar
;FUN_0047e5b0;0x47e5b0;0x1;__stdcall;;uchar
;FUN_0047e5c0;0x47e5c0;0x1;__stdcall;;uchar
;FUN_0047e5d0;0x47e5d0;0x1;__stdcall;;uchar
;FUN_0047e5e0;0x47e5e0;0x1;__stdcall;;uchar
;FUN_0047e5f0;0x47e5f0;0x1;__stdcall;;uchar
;FUN_0047e600;0x47e600;0x1;__stdcall;;uchar
;FUN_0047e610;0x47e610;0x1;__stdcall;;uchar
;FUN_0047e620;0x47e620;0x1;__stdcall;;uchar
;FUN_0047e630;0x47e630;0x1;__stdcall;;uchar
;FUN_0047e640;0x47e640;0x1;__stdcall;;uchar
;FUN_0047e650;0x47e650;0x1;__stdcall;;uchar
;FUN_0047e660;0x47e660;0x1;__stdcall;;uchar
;FUN_0047e670;0x47e670;0x1;__stdcall;;uchar
;FUN_0047e680;0x47e680;0x1;__stdcall;;uchar
;FUN_0047e690;0x47e690;0x1;__stdcall;;uchar
;FUN_0047e6a0;0x47e6a0;0x1;__stdcall;;uchar
;FUN_0047e6b0;0x47e6b0;0x1;__stdcall;;uchar
;FUN_0047e6c0;0x47e6c0;0x1;__stdcall;;uchar
;FUN_0047e6d0;0x47e6d0;0x1;__stdcall;;uchar
;FUN_0047e6e0;0x47e6e0;0x1;__stdcall;;uchar
;FUN_0047e6f0;0x47e6f0;0xd;__stdcall;;uchar
;FUN_0047e700;0x47e700;0x1;__stdcall;;uchar
;FUN_0047e710;0x47e710;0x1;__stdcall;;uchar
;FUN_0047e720;0x47e720;0x1;__stdcall;;uchar
;FUN_0047e730;0x47e730;0x1;__stdcall;;uchar
;FUN_0047e740;0x47e740;0x1;__stdcall;;uchar
;FUN_0047e750;0x47e750;0x1;__stdcall;;uchar
;FUN_0047e760;0x47e760;0x1;__stdcall;;uchar
;FUN_0047e770;0x47e770;0x1;__stdcall;;uchar
;FUN_0047e780;0x47e780;0x1;__stdcall;;uchar
;FUN_0047e790;0x47e790;0x1;__stdcall;;uchar
;FUN_0047e7a0;0x47e7a0;0x1;__stdcall;;uchar
;FUN_0047e7b0;0x47e7b0;0x1;__stdcall;;uchar
;FUN_0047e7c0;0x47e7c0;0x1;__stdcall;;uchar
;FUN_0047e7d0;0x47e7d0;0x1;__stdcall;;uchar
;FUN_0047e7e0;0x47e7e0;0x1;__stdcall;;uchar
;FUN_0047e7f0;0x47e7f0;0x1;__stdcall;;uchar
;FUN_0047e800;0x47e800;0x1;__stdcall;;uchar
;FUN_0047e810;0x47e810;0x1;__stdcall;;uchar
;FUN_0047e820;0x47e820;0x1;__stdcall;;uchar
;FUN_0047e830;0x47e830;0x1;__stdcall;;uchar
;FUN_0047e840;0x47e840;0x1;__stdcall;;uchar
;FUN_0047e850;0x47e850;0x1;__stdcall;;uchar
;FUN_0047e860;0x47e860;0x1;__stdcall;;uchar
;FUN_0047e870;0x47e870;0x1;__stdcall;;uchar
;FUN_0047e880;0x47e880;0x1;__stdcall;;uchar
;FUN_0047e890;0x47e890;0x1;__stdcall;;uchar
;FUN_0047e8a0;0x47e8a0;0x1;__stdcall;;uchar
;FUN_0047e8b0;0x47e8b0;0x1;__stdcall;;uchar
;FUN_0047e8c0;0x47e8c0;0x1;__stdcall;;uchar
;FUN_0047e8d0;0x47e8d0;0x1;__stdcall;;uchar
;FUN_0047e8e0;0x47e8e0;0x1;__stdcall;;uchar
;FUN_0047e8f0;0x47e8f0;0x1;__stdcall;;uchar
;FUN_0047e900;0x47e900;0x1;__stdcall;;uchar
;FUN_0047e910;0x47e910;0x1;__stdcall;;uchar
;FUN_0047e920;0x47e920;0x1;__stdcall;;uchar
;FUN_0047e930;0x47e930;0x1;__stdcall;;uchar
;FUN_0047e940;0x47e940;0x1;__stdcall;;uchar
;FUN_0047e950;0x47e950;0x1;__stdcall;;uchar
;FUN_0047e960;0x47e960;0x1;__stdcall;;uchar
;FUN_0047e970;0x47e970;0x1;__stdcall;;uchar
;FUN_0047e980;0x47e980;0x1;__stdcall;;uchar
;FUN_0047e990;0x47e990;0x1;__stdcall;;uchar
;FUN_0047e9a0;0x47e9a0;0x1;__stdcall;;uchar
;FUN_0047e9b0;0x47e9b0;0x1;__stdcall;;uchar
;FUN_0047e9c0;0x47e9c0;0x1;__stdcall;;uchar
;FUN_0047e9d0;0x47e9d0;0x1;__stdcall;;uchar
;FUN_0047e9e0;0x47e9e0;0x1;__stdcall;;uchar
;FUN_0047e9f0;0x47e9f0;0x1;__stdcall;;uchar
;FUN_0047ea00;0x47ea00;0x1;__stdcall;;uchar
;FUN_0047ea10;0x47ea10;0x1;__stdcall;;uchar
;FUN_0047ea20;0x47ea20;0x1;__stdcall;;uchar
;FUN_0047ea30;0x47ea30;0x1;__stdcall;;uchar
;FUN_0047ea40;0x47ea40;0x1;__stdcall;;uchar
;FUN_0047ea50;0x47ea50;0xb;__stdcall;;uchar
;FUN_0047ea60;0x47ea60;0x1;__stdcall;;uchar
;FUN_0047ea70;0x47ea70;0x1;__stdcall;;uchar
;FUN_0047ea80;0x47ea80;0x1;__stdcall;;uchar
;FUN_0047ea90;0x47ea90;0x1;__stdcall;;uchar
;FUN_0047eaa0;0x47eaa0;0x1;__stdcall;;uchar
;FUN_0047eab0;0x47eab0;0x1;__stdcall;;uchar
;FUN_0047eac0;0x47eac0;0x1;__stdcall;;uchar
;FUN_0047ead0;0x47ead0;0x1;__stdcall;;uchar
;FUN_0047eae0;0x47eae0;0x1;__stdcall;;uchar
;FUN_0047eaf0;0x47eaf0;0x1;__stdcall;;uchar
;FUN_0047eb00;0x47eb00;0x1;__stdcall;;uchar
;FUN_0047eb10;0x47eb10;0x1;__stdcall;;uchar
;FUN_0047eb20;0x47eb20;0x1;__stdcall;;uchar
;FUN_0047eb30;0x47eb30;0x1;__stdcall;;uchar
;FUN_0047eb40;0x47eb40;0x1;__stdcall;;uchar
;FUN_0047eb50;0x47eb50;0x1;__stdcall;;uchar
;FUN_0047eb60;0x47eb60;0x1;__stdcall;;uchar
;FUN_0047eb70;0x47eb70;0x1;__stdcall;;uchar
;FUN_0047eb80;0x47eb80;0x1;__stdcall;;uchar
;FUN_0047eb90;0x47eb90;0x1;__stdcall;;uchar
;FUN_0047eba0;0x47eba0;0x1;__stdcall;;uchar
;FUN_0047ebb0;0x47ebb0;0x1;__stdcall;;uchar
;FUN_0047ebc0;0x47ebc0;0x1;__stdcall;;uchar
;FUN_0047ebd0;0x47ebd0;0x1;__stdcall;;uchar
;FUN_0047ebe0;0x47ebe0;0x1;__stdcall;;uchar
;FUN_0047ebf0;0x47ebf0;0x1;__stdcall;;uchar
;FUN_0047ec00;0x47ec00;0x1;__stdcall;;uchar
;FUN_0047ec10;0x47ec10;0x1;__stdcall;;uchar
;FUN_0047ec20;0x47ec20;0x1;__stdcall;;uchar
;FUN_0047ec30;0x47ec30;0xc;__stdcall;;uchar
;FUN_0047ec40;0x47ec40;0x1;__stdcall;;uchar
;FUN_0047ec50;0x47ec50;0x1;__stdcall;;uchar
;FUN_0047ec60;0x47ec60;0x1;__stdcall;;uchar
;FUN_0047ec70;0x47ec70;0x17;__stdcall;;uchar
;FUN_0047ec90;0x47ec90;0x17;__stdcall;;uchar
;FUN_0047ecb0;0x47ecb0;0x1;__stdcall;;uchar
;FUN_0047ecc0;0x47ecc0;0x1;__stdcall;;uchar
;FUN_0047ecd0;0x47ecd0;0x1;__stdcall;;uchar
;FUN_0047ece0;0x47ece0;0x1;__stdcall;;uchar
;FUN_0047ecf0;0x47ecf0;0x1;__stdcall;;uchar
;FUN_0047ed00;0x47ed00;0x1;__stdcall;;uchar
;FUN_0047ed10;0x47ed10;0x1;__stdcall;;uchar
;FUN_0047ed20;0x47ed20;0x1;__stdcall;;uchar
;FUN_0047ed30;0x47ed30;0x1;__stdcall;;uchar
;FUN_0047ed40;0x47ed40;0x1;__stdcall;;uchar
;FUN_0047ed50;0x47ed50;0x1;__stdcall;;uchar
;FUN_0047ed60;0x47ed60;0x1;__stdcall;;uchar
;FUN_0047ed70;0x47ed70;0x1;__stdcall;;uchar
;FUN_0047ed80;0x47ed80;0x1;__stdcall;;uchar
;FUN_0047ed90;0x47ed90;0x1;__stdcall;;uchar
;FUN_0047eda0;0x47eda0;0x1;__stdcall;;uchar
;FUN_0047edb0;0x47edb0;0x1;__stdcall;;uchar
;FUN_0047edc0;0x47edc0;0x1;__stdcall;;uchar
;FUN_0047edd0;0x47edd0;0x1;__stdcall;;uchar
;FUN_0047ede0;0x47ede0;0x1;__stdcall;;uchar
;FUN_0047edf0;0x47edf0;0x1;__stdcall;;uchar
;FUN_0047ee00;0x47ee00;0x1;__stdcall;;uchar
;FUN_0047ee10;0x47ee10;0x1;__stdcall;;uchar
;FUN_0047ee20;0x47ee20;0x1;__stdcall;;uchar
;FUN_0047ee30;0x47ee30;0x1;__stdcall;;uchar
;FUN_0047ee40;0x47ee40;0x1;__stdcall;;uchar
;FUN_0047ee50;0x47ee50;0x1;__stdcall;;uchar
;FUN_0047ee60;0x47ee60;0x1;__stdcall;;uchar
;FUN_0047ee70;0x47ee70;0x1;__stdcall;;uchar
;FUN_0047ee80;0x47ee80;0x1;__stdcall;;uchar
;FUN_0047ee90;0x47ee90;0x1;__stdcall;;uchar
;FUN_0047ee91;0x47ee91;0x14;__stdcall;;uchar
