class_name;vftable_addr;obj_offset;slot;method_addr;method_name;is_pure_virtual
CAdvertising;004817b8;;0;004034d0;CScroller::FUN_004034d0;0
CAdvertising;004817b8;;1;0040e760;CStartGame2::FUN_0040e760;0
CAdvertising;004817b8;;2;0040e770;CStartGame2::FUN_0040e770;0
CAdvertising;004817b8;;3;0040e730;CAdvertising::deleting_destructor_thunk_0x70;0
CAdvertising;004817b8;;4;0040b4b0;CAdvertising::OnTimerTick;0
CAdvertising;004817d0;;0;00402890;CBulanci::FUN_00402890;0
CAdvertising;004817d0;;1;004049d0;CBulanci::FUN_004049d0;0
CAdvertising;004817d0;;2;00423db0;CDSView::FUN_00423db0;0
CAdvertising;004817d0;;3;0040e740;CAdvertising::deleting_destructor_thunk_0x18;0
CAdvertising;004817e4;;0;00402880;CBulanci::FUN_00402880;0
CAdvertising;004817e4;;1;004049c0;CBulanci::FUN_004049c0;0
CAdvertising;004817e4;;2;004034a0;CDSView::FUN_004034a0;0
CAdvertising;004817e4;;3;0040e720;CAdvertising::deleting_destructor_thunk_0x10;0
CAdvertising;004817e4;;4;0042c040;CAdvertising::CDSView_DispatchEvent;0
CAdvertising;004817fc;;0;004011f0;CDSChain::FUN_004011f0;0
CAdvertising;004817fc;;1;0042ac90;CDSChain::FUN_0042ac90;0
CAdvertising;004817fc;;2;0041aa40;CDSChain::FUN_0041aa40;0
CAdvertising;004817fc;;3;0040e750;CAdvertising::deleting_destructor_thunk_0x4;0
CAdvertising;004817fc;;4;00438340;CAdvertising::CDSView_NoOpStub;0
CAdvertising;004817fc;;5;00438340;CAdvertising::CDSView_NoOpStub;0
CAdvertising;0048181c;;0;0040e710;CAdvertising::GetClassId;0
CAdvertising;0048181c;;1;0040fb70;CAdvertising::deleting_destructor;0
CAdvertising;0048181c;;2;004245c0;CAdvertising::CDSObject_ReleaseViaVtable;0
CAdvertising;0048181c;;3;0042c2e0;CAdvertising::CDSView_GetDataSize;0
CAdvertising;0048181c;;4;0042c320;CAdvertising::CDSView_SaveData;0
CAdvertising;0048181c;;5;0042c370;CAdvertising::CDSView_LoadData;0
CAdvertising;0048181c;;6;004033a0;CAdvertising::CDSView_GetDataKindStubZero;0
CAdvertising;0048181c;;7;004028a0;CAdvertising::CDSView_HitTest;0
CAdvertising;0048181c;;8;0042cae0;CAdvertising::CDSView_AdaptDisplaySize;0
CAdvertising;0048181c;;9;0042ca30;CAdvertising::CDSView_InvalidateRectClipped;0
CAdvertising;0048181c;;10;0042c580;CAdvertising::CDSView_ComputeAnchoredRect;0
CAdvertising;0048181c;;11;0042c480;CAdvertising::CDSView_SetRect;0
CAdvertising;0048181c;;12;0042c430;CAdvertising::CDSView_GetParentBounds;0
CAdvertising;0048181c;;13;0042c3e0;CAdvertising::CDSView_IsModalDoneRecursive;0
CAdvertising;0048181c;;14;004055c0;CWindow::CWindow_Render;0
CAdvertising;0048181c;;15;00438340;CAdvertising::CDSView_NoOpStub;0
CAdvertising;0048181c;;16;00438340;CAdvertising::CDSView_NoOpStub;0
CAdvertising;0048181c;;17;00438340;CAdvertising::CDSView_NoOpStub;0
CAdvertising;0048181c;;18;00438340;CAdvertising::CDSView_NoOpStub;0
CAdvertising;0048181c;;19;0040b4d0;CAdvertising::OnLButtonDown;0
CAdvertising;0048181c;;20;00416770;CAdvertising::CDSView_OnMouseStub;0
CAdvertising;0048181c;;21;00416770;CAdvertising::CDSView_OnMouseStub;0
CAdvertising;0048181c;;22;0040b500;CAdvertising::OnKeyDown;0
CAdvertising;0048181c;;23;0042c0e0;CAdvertising::CDSView_OnKeyUp;0
CAdvertising;0048181c;;24;0042c100;CAdvertising::CDSView_OnChar;0
CAdvertising;0048181c;;25;0042c770;CAdvertising::CDSApp_BroadcastSyntheticEventToChildren;0
CAdvertising;0048181c;;26;0042c7d0;CAdvertising::CDSApp_RouteSyntheticCloseEvent;0
CAdvertising;0048181c;;27;00438f80;CAdvertising::CDSView_EmptyHook27;0
CAnim;00481ff4;;0;0040b830;CBulAnim::GetTypeInfo_Sub78;0
CAnim;00481ff4;;1;0041ab40;CAnim::FUN_0041ab40;0
CAnim;00481ff4;;2;00419930;CAnim::FUN_00419930;0
CAnim;00481ff4;;3;00419b20;CAnim::FUN_00419b20;0
CAnim;00482008;;0;00438f20;CBulAnim::IDSAnim_NotifyEvents;0
CAnim;00482008;;1;00438f60;CBulAnim::IDSAnim_BindUserData;0
CAnim;00482008;;2;004391d0;CBulAnim::IDSAnim_SetSequence_thunk;0
CAnim;00482008;;3;00438f80;CAnim::CDSView_EmptyHook27;0
CAnim;00482008;;4;00419280;CBitmap::FUN_00419280;0
CAnim;00482020;;0;0040b820;CBulAnim::GetTypeInfo_Sub68;0
CAnim;00482020;;1;0041a980;CShot::FUN_0041a980;0
CAnim;00482020;;2;00418ed0;CShot::FUN_00418ed0;0
CAnim;00482020;;3;00419b30;CAnim::FUN_00419b30;0
CAnim;00482034;;0;00402890;CBulanci::FUN_00402890;0
CAnim;00482034;;1;004049d0;CBulanci::FUN_004049d0;0
CAnim;00482034;;2;00423db0;CDSView::FUN_00423db0;0
CAnim;00482034;;3;00419b10;CAnim::FUN_00419b10;0
CAnim;00482048;;0;00402880;CBulanci::FUN_00402880;0
CAnim;00482048;;1;004049c0;CBulanci::FUN_004049c0;0
CAnim;00482048;;2;004034a0;CDSView::FUN_004034a0;0
CAnim;00482048;;3;0041ab30;CAnim::FUN_0041ab30;0
CAnim;00482048;;4;0042c040;CAnim::CDSView_DispatchEvent;0
CAnim;00482060;;0;004011f0;CDSChain::FUN_004011f0;0
CAnim;00482060;;1;0042ac90;CDSChain::FUN_0042ac90;0
CAnim;00482060;;2;0041aa40;CDSChain::FUN_0041aa40;0
CAnim;00482060;;3;00419a90;CAnim::FUN_00419a90;0
CAnim;00482060;;4;00438340;CAnim::CDSView_NoOpStub;0
CAnim;00482060;;5;00438340;CAnim::CDSView_NoOpStub;0
CAnim;0048207c;;0;00419920;CAnim::FUN_00419920;0
CAnim;0048207c;;1;0041ab50;CAnim::FUN_0041ab50;0
CAnim;0048207c;;2;004245c0;CAnim::CDSObject_ReleaseViaVtable;0
CAnim;0048207c;;3;0042c2e0;CAnim::CDSView_GetDataSize;0
CAnim;0048207c;;4;0042c320;CAnim::CDSView_SaveData;0
CAnim;0048207c;;5;0042c370;CAnim::CDSView_LoadData;0
CAnim;0048207c;;6;004033a0;CAnim::CDSView_GetDataKindStubZero;0
CAnim;0048207c;;7;004028a0;CAnim::CDSView_HitTest;0
CAnim;0048207c;;8;0042cae0;CAnim::CDSView_AdaptDisplaySize;0
CAnim;0048207c;;9;0042ca30;CAnim::CDSView_InvalidateRectClipped;0
CAnim;0048207c;;10;0042c580;CAnim::CDSView_ComputeAnchoredRect;0
CAnim;0048207c;;11;00419010;CGameView::FUN_00419010;0
CAnim;0048207c;;12;0042c430;CAnim::CDSView_GetParentBounds;0
CAnim;0048207c;;13;0042c3e0;CAnim::CDSView_IsModalDoneRecursive;0
CAnim;0048207c;;14;00419130;CBitmap::FUN_00419130;0
CAnim;0048207c;;15;004164f0;CAnim::FUN_004164f0;0
CAnim;0048207c;;16;00438340;CAnim::CDSView_NoOpStub;0
CAnim;0048207c;;17;00438340;CAnim::CDSView_NoOpStub;0
CAnim;0048207c;;18;00438340;CAnim::CDSView_NoOpStub;0
CAnim;0048207c;;19;0042cf50;CAnim::CDSView_OnLButtonDownAcquireFocus;0
CAnim;0048207c;;20;00416770;CAnim::CDSView_OnMouseStub;0
CAnim;0048207c;;21;00416770;CAnim::CDSView_OnMouseStub;0
CAnim;0048207c;;22;0042c0c0;CAnim::CDSView_OnKeyDown;0
CAnim;0048207c;;23;0042c0e0;CAnim::CDSView_OnKeyUp;0
CAnim;0048207c;;24;0042c100;CAnim::CDSView_OnChar;0
CAnim;0048207c;;25;0042c770;CAnim::CDSApp_BroadcastSyntheticEventToChildren;0
CAnim;0048207c;;26;0042c7d0;CAnim::CDSApp_RouteSyntheticCloseEvent;0
CAnim;0048207c;;27;0041acf0;CGameView::FUN_0041acf0;0
CAnim;0048207c;;28;00417210;CGameView::FUN_00417210;0
CAnim;0048207c;;29;00416f50;CGameView::FUN_00416f50;0
CAnim;0048207c;;30;0041b190;CAnim::FUN_0041b190;0
CBitmap;00481f00;;0;00438f20;CBulAnim::IDSAnim_NotifyEvents;0
CBitmap;00481f00;;1;00438f60;CBulAnim::IDSAnim_BindUserData;0
CBitmap;00481f00;;2;004391d0;CBulAnim::IDSAnim_SetSequence_thunk;0
CBitmap;00481f00;;3;00438f80;CBitmap::CDSView_EmptyHook27;0
CBitmap;00481f00;;4;00419280;CBitmap::FUN_00419280;0
CBitmap;00481f18;;0;0040b820;CBulAnim::GetTypeInfo_Sub68;0
CBitmap;00481f18;;1;0041a980;CShot::FUN_0041a980;0
CBitmap;00481f18;;2;00418ed0;CShot::FUN_00418ed0;0
CBitmap;00481f18;;3;00419170;CBitmap::FUN_00419170;0
CBitmap;00481f2c;;0;00402890;CBulanci::FUN_00402890;0
CBitmap;00481f2c;;1;004049d0;CBulanci::FUN_004049d0;0
CBitmap;00481f2c;;2;00423db0;CDSView::FUN_00423db0;0
CBitmap;00481f2c;;3;00419190;CBitmap::FUN_00419190;0
CBitmap;00481f40;;0;00402880;CBulanci::FUN_00402880;0
CBitmap;00481f40;;1;004049c0;CBulanci::FUN_004049c0;0
CBitmap;00481f40;;2;004034a0;CDSView::FUN_004034a0;0
CBitmap;00481f40;;3;00419180;CBitmap::FUN_00419180;0
CBitmap;00481f40;;4;0042c040;CBitmap::CDSView_DispatchEvent;0
CBitmap;00481f58;;0;004011f0;CDSChain::FUN_004011f0;0
CBitmap;00481f58;;1;0042ac90;CDSChain::FUN_0042ac90;0
CBitmap;00481f58;;2;0041aa40;CDSChain::FUN_0041aa40;0
CBitmap;00481f58;;3;00419160;CBitmap::FUN_00419160;0
CBitmap;00481f58;;4;00438340;CBitmap::CDSView_NoOpStub;0
CBitmap;00481f58;;5;00438340;CBitmap::CDSView_NoOpStub;0
CBitmap;00481f74;;0;00419120;CBitmap::FUN_00419120;0
CBitmap;00481f74;;1;00419140;CBitmap::FUN_00419140;0
CBitmap;00481f74;;2;004245c0;CBitmap::CDSObject_ReleaseViaVtable;0
CBitmap;00481f74;;3;0042c2e0;CBitmap::CDSView_GetDataSize;0
CBitmap;00481f74;;4;0042c320;CBitmap::CDSView_SaveData;0
CBitmap;00481f74;;5;0042c370;CBitmap::CDSView_LoadData;0
CBitmap;00481f74;;6;004033a0;CBitmap::CDSView_GetDataKindStubZero;0
CBitmap;00481f74;;7;004028a0;CBitmap::CDSView_HitTest;0
CBitmap;00481f74;;8;0042cae0;CBitmap::CDSView_AdaptDisplaySize;0
CBitmap;00481f74;;9;0042ca30;CBitmap::CDSView_InvalidateRectClipped;0
CBitmap;00481f74;;10;0042c580;CBitmap::CDSView_ComputeAnchoredRect;0
CBitmap;00481f74;;11;00419010;CGameView::FUN_00419010;0
CBitmap;00481f74;;12;0042c430;CBitmap::CDSView_GetParentBounds;0
CBitmap;00481f74;;13;0042c3e0;CBitmap::CDSView_IsModalDoneRecursive;0
CBitmap;00481f74;;14;00419130;CBitmap::FUN_00419130;0
CBitmap;00481f74;;15;00438340;CBitmap::CDSView_NoOpStub;0
CBitmap;00481f74;;16;00438340;CBitmap::CDSView_NoOpStub;0
CBitmap;00481f74;;17;00438340;CBitmap::CDSView_NoOpStub;0
CBitmap;00481f74;;18;00438340;CBitmap::CDSView_NoOpStub;0
CBitmap;00481f74;;19;0042cf50;CBitmap::CDSView_OnLButtonDownAcquireFocus;0
CBitmap;00481f74;;20;00416770;CBitmap::CDSView_OnMouseStub;0
CBitmap;00481f74;;21;00416770;CBitmap::CDSView_OnMouseStub;0
CBitmap;00481f74;;22;0042c0c0;CBitmap::CDSView_OnKeyDown;0
CBitmap;00481f74;;23;0042c0e0;CBitmap::CDSView_OnKeyUp;0
CBitmap;00481f74;;24;0042c100;CBitmap::CDSView_OnChar;0
CBitmap;00481f74;;25;0042c770;CBitmap::CDSApp_BroadcastSyntheticEventToChildren;0
CBitmap;00481f74;;26;0042c7d0;CBitmap::CDSApp_RouteSyntheticCloseEvent;0
CBitmap;00481f74;;27;0041acf0;CGameView::FUN_0041acf0;0
CBitmap;00481f74;;28;00417210;CGameView::FUN_00417210;0
CBitmap;00481f74;;29;00416f50;CGameView::FUN_00416f50;0
CBitmap;00481f74;;30;00438340;CBitmap::CDSView_NoOpStub;0
CBlackView;0047fab8;;0;00402890;CBulanci::FUN_00402890;0
CBlackView;0047fab8;;1;004049d0;CBulanci::FUN_004049d0;0
CBlackView;0047fab8;;2;00423db0;CDSView::FUN_00423db0;0
CBlackView;0047fab8;;3;00421910;CDSView::FUN_00421910;0
CBlackView;0047facc;;0;00402880;CBulanci::FUN_00402880;0
CBlackView;0047facc;;1;004049c0;CBulanci::FUN_004049c0;0
CBlackView;0047facc;;2;004034a0;CDSView::FUN_004034a0;0
CBlackView;0047facc;;3;0040ad90;CDSView::FUN_0040ad90;0
CBlackView;0047facc;;4;0042c040;CBlackView::CDSView_DispatchEvent;0
CBlackView;0047fae4;;0;004011f0;CDSChain::FUN_004011f0;0
CBlackView;0047fae4;;1;0042ac90;CDSChain::FUN_0042ac90;0
CBlackView;0047fae4;;2;0041aa40;CDSChain::FUN_0041aa40;0
CBlackView;0047fae4;;3;00416f40;CDSView::FUN_00416f40;0
CBlackView;0047fae4;;4;00438340;CBlackView::CDSView_NoOpStub;0
CBlackView;0047fae4;;5;00438340;CBlackView::CDSView_NoOpStub;0
CBlackView;0047fb04;;0;00403520;CBlackView::GetClassTable;0
CBlackView;0047fb04;;1;0040ada0;CBlackView::CDSView_DtorScalar;0
CBlackView;0047fb04;;2;004245c0;CBlackView::CDSObject_ReleaseViaVtable;0
CBlackView;0047fb04;;3;0042c2e0;CBlackView::CDSView_GetDataSize;0
CBlackView;0047fb04;;4;0042c320;CBlackView::CDSView_SaveData;0
CBlackView;0047fb04;;5;0042c370;CBlackView::CDSView_LoadData;0
CBlackView;0047fb04;;6;004033a0;CBlackView::CDSView_GetDataKindStubZero;0
CBlackView;0047fb04;;7;004028a0;CBlackView::CDSView_HitTest;0
CBlackView;0047fb04;;8;0042cae0;CBlackView::CDSView_AdaptDisplaySize;0
CBlackView;0047fb04;;9;0042ca30;CBlackView::CDSView_InvalidateRectClipped;0
CBlackView;0047fb04;;10;0042c580;CBlackView::CDSView_ComputeAnchoredRect;0
CBlackView;0047fb04;;11;0042c480;CBlackView::CDSView_SetRect;0
CBlackView;0047fb04;;12;0042c430;CBlackView::CDSView_GetParentBounds;0
CBlackView;0047fb04;;13;0042c3e0;CBlackView::CDSView_IsModalDoneRecursive;0
CBlackView;0047fb04;;14;00404590;CBlackView::OnDraw;0
CBlackView;0047fb04;;15;00438340;CBlackView::CDSView_NoOpStub;0
CBlackView;0047fb04;;16;00438340;CBlackView::CDSView_NoOpStub;0
CBlackView;0047fb04;;17;00438340;CBlackView::CDSView_NoOpStub;0
CBlackView;0047fb04;;18;00438340;CBlackView::CDSView_NoOpStub;0
CBlackView;0047fb04;;19;0042cf50;CBlackView::CDSView_OnLButtonDownAcquireFocus;0
CBlackView;0047fb04;;20;00416770;CBlackView::CDSView_OnMouseStub;0
CBlackView;0047fb04;;21;00416770;CBlackView::CDSView_OnMouseStub;0
CBlackView;0047fb04;;22;0042c0c0;CBlackView::CDSView_OnKeyDown;0
CBlackView;0047fb04;;23;0042c0e0;CBlackView::CDSView_OnKeyUp;0
CBlackView;0047fb04;;24;0042c100;CBlackView::CDSView_OnChar;0
CBlackView;0047fb04;;25;0042c770;CBlackView::CDSApp_BroadcastSyntheticEventToChildren;0
CBlackView;0047fb04;;26;0042c7d0;CBlackView::CDSApp_RouteSyntheticCloseEvent;0
CBlackView;0047fb04;;27;00438f80;CBlackView::CDSView_EmptyHook27;0
CBulAnim;00480988;;0;0040b830;CBulAnim::GetTypeInfo_Sub78;0
CBulAnim;00480988;;1;00439550;CBulAnim::Sub78ChainOp_thunk;0
CBulAnim;00480988;;2;0040b880;CBulAnim::Sub78_CDSObjectAdjust_thunk;0
CBulAnim;00480988;;3;0040b890;CBulAnim::Sub78Dtor_thunk;0
CBulAnim;0048099c;;0;00438f20;CBulAnim::IDSAnim_NotifyEvents;0
CBulAnim;0048099c;;1;00438f60;CBulAnim::IDSAnim_BindUserData;0
CBulAnim;0048099c;;2;004391d0;CBulAnim::IDSAnim_SetSequence_thunk;0
CBulAnim;0048099c;;3;00438f80;CBulAnim::CDSView_EmptyHook27;0
CBulAnim;0048099c;;4;004392a0;CBulAnim::IDSAnim_SelectRandomTrack;0
CBulAnim;004809b4;;0;0040b820;CBulAnim::GetTypeInfo_Sub68;0
CBulAnim;004809b4;;1;00404de0;CScroller::FUN_00404de0;0
CBulAnim;004809b4;;2;004229a0;CScroller::FUN_004229a0;0
CBulAnim;004809b4;;3;0040b8a0;CBulAnim::Sub68Dtor_thunk;0
CBulAnim;004809c8;;0;00402890;CBulanci::FUN_00402890;0
CBulAnim;004809c8;;1;004049d0;CBulanci::FUN_004049d0;0
CBulAnim;004809c8;;2;00423db0;CDSView::FUN_00423db0;0
CBulAnim;004809c8;;3;00439540;CBulAnim::Sub18Dtor_thunk;0
CBulAnim;004809dc;;0;00402880;CBulanci::FUN_00402880;0
CBulAnim;004809dc;;1;004049c0;CBulanci::FUN_004049c0;0
CBulAnim;004809dc;;2;004034a0;CDSView::FUN_004034a0;0
CBulAnim;004809dc;;3;00439530;CBulAnim::Sub10Dtor_thunk;0
CBulAnim;004809dc;;4;0042c040;CBulAnim::CDSView_DispatchEvent;0
CBulAnim;004809f4;;0;004011f0;CDSChain::FUN_004011f0;0
CBulAnim;004809f4;;1;0042ac90;CDSChain::FUN_0042ac90;0
CBulAnim;004809f4;;2;0041aa40;CDSChain::FUN_0041aa40;0
CBulAnim;004809f4;;3;00439520;CBulAnim::Sub04Dtor_thunk;0
CBulAnim;004809f4;;4;00438340;CBulAnim::CDSView_NoOpStub;0
CBulAnim;004809f4;;5;00438340;CBulAnim::CDSView_NoOpStub;0
CBulAnim;00480a14;;0;0040b870;CBulAnim::PrimaryDtor_thunk;0
CBulAnim;00480a14;;1;004396f0;CBulAnim::ScalarDeletingDtor;0
CBulAnim;00480a14;;2;004245c0;CBulAnim::CDSObject_ReleaseViaVtable;0
CBulAnim;00480a14;;3;0042c2e0;CBulAnim::CDSView_GetDataSize;0
CBulAnim;00480a14;;4;0042c320;CBulAnim::CDSView_SaveData;0
CBulAnim;00480a14;;5;0042c370;CBulAnim::CDSView_LoadData;0
CBulAnim;00480a14;;6;004033a0;CBulAnim::CDSView_GetDataKindStubZero;0
CBulAnim;00480a14;;7;004028a0;CBulAnim::CDSView_HitTest;0
CBulAnim;00480a14;;8;0042cae0;CBulAnim::CDSView_AdaptDisplaySize;0
CBulAnim;00480a14;;9;0042ca30;CBulAnim::CDSView_InvalidateRectClipped;0
CBulAnim;00480a14;;10;0042c580;CBulAnim::CDSView_ComputeAnchoredRect;0
CBulAnim;00480a14;;11;0042c480;CBulAnim::CDSView_SetRect;0
CBulAnim;00480a14;;12;0042c430;CBulAnim::CDSView_GetParentBounds;0
CBulAnim;00480a14;;13;0042c3e0;CBulAnim::CDSView_IsModalDoneRecursive;0
CBulAnim;00480a14;;14;0040b840;CBulAnim::PrimaryTick_thunk;0
CBulAnim;00480a14;;15;0040b850;CBulAnim::PrimaryRender_thunk;0
CBulAnim;00480a14;;16;00438340;CBulAnim::CDSView_NoOpStub;0
CBulAnim;00480a14;;17;00438340;CBulAnim::CDSView_NoOpStub;0
CBulAnim;00480a14;;18;00438340;CBulAnim::CDSView_NoOpStub;0
CBulAnim;00480a14;;19;0042cf50;CBulAnim::CDSView_OnLButtonDownAcquireFocus;0
CBulAnim;00480a14;;20;00416770;CBulAnim::CDSView_OnMouseStub;0
CBulAnim;00480a14;;21;00416770;CBulAnim::CDSView_OnMouseStub;0
CBulAnim;00480a14;;22;0042c0c0;CBulAnim::CDSView_OnKeyDown;0
CBulAnim;00480a14;;23;0042c0e0;CBulAnim::CDSView_OnKeyUp;0
CBulAnim;00480a14;;24;0042c100;CBulAnim::CDSView_OnChar;0
CBulAnim;00480a14;;25;0042c770;CBulAnim::CDSApp_BroadcastSyntheticEventToChildren;0
CBulAnim;00480a14;;26;0042c7d0;CBulAnim::CDSApp_RouteSyntheticCloseEvent;0
CBulAnim;00480a14;;27;0040b020;CBulAnim::OnTeamPaletteEvt;0
CBulPicture;00480a88;;0;00402890;CBulanci::FUN_00402890;0
CBulPicture;00480a88;;1;004049d0;CBulanci::FUN_004049d0;0
CBulPicture;00480a88;;2;00423db0;CDSView::FUN_00423db0;0
CBulPicture;00480a88;;3;0040b8c0;CBulPicture::FUN_0040b8c0;0
CBulPicture;00480a9c;;0;00402880;CBulanci::FUN_00402880;0
CBulPicture;00480a9c;;1;004049c0;CBulanci::FUN_004049c0;0
CBulPicture;00480a9c;;2;004034a0;CDSView::FUN_004034a0;0
CBulPicture;00480a9c;;3;0040b8e0;CBulPicture::FUN_0040b8e0;0
CBulPicture;00480a9c;;4;0042c040;CBulPicture::CDSView_DispatchEvent;0
CBulPicture;00480ab4;;0;004011f0;CDSChain::FUN_004011f0;0
CBulPicture;00480ab4;;1;0042ac90;CDSChain::FUN_0042ac90;0
CBulPicture;00480ab4;;2;0041aa40;CDSChain::FUN_0041aa40;0
CBulPicture;00480ab4;;3;0040b8d0;CBulPicture::FUN_0040b8d0;0
CBulPicture;00480ab4;;4;00438340;CBulPicture::CDSView_NoOpStub;0
CBulPicture;00480ab4;;5;00438340;CBulPicture::CDSView_NoOpStub;0
CBulPicture;00480ad4;;0;0040b8b0;CBulPicture::FUN_0040b8b0;0
CBulPicture;00480ad4;;1;0040ebd0;CBulPicture::FUN_0040ebd0;0
CBulPicture;00480ad4;;2;004245c0;CBulPicture::CDSObject_ReleaseViaVtable;0
CBulPicture;00480ad4;;3;0042c2e0;CBulPicture::CDSView_GetDataSize;0
CBulPicture;00480ad4;;4;0042c320;CBulPicture::CDSView_SaveData;0
CBulPicture;00480ad4;;5;0042c370;CBulPicture::CDSView_LoadData;0
CBulPicture;00480ad4;;6;004033a0;CBulPicture::CDSView_GetDataKindStubZero;0
CBulPicture;00480ad4;;7;004028a0;CBulPicture::CDSView_HitTest;0
CBulPicture;00480ad4;;8;0042cae0;CBulPicture::CDSView_AdaptDisplaySize;0
CBulPicture;00480ad4;;9;0042ca30;CBulPicture::CDSView_InvalidateRectClipped;0
CBulPicture;00480ad4;;10;0042c580;CBulPicture::CDSView_ComputeAnchoredRect;0
CBulPicture;00480ad4;;11;0042c480;CBulPicture::CDSView_SetRect;0
CBulPicture;00480ad4;;12;0042c430;CBulPicture::CDSView_GetParentBounds;0
CBulPicture;00480ad4;;13;0042c3e0;CBulPicture::CDSView_IsModalDoneRecursive;0
CBulPicture;00480ad4;;14;0040b050;CBulPicture::DrawSurface;0
CBulPicture;00480ad4;;15;00438340;CBulPicture::CDSView_NoOpStub;0
CBulPicture;00480ad4;;16;00438340;CBulPicture::CDSView_NoOpStub;0
CBulPicture;00480ad4;;17;00438340;CBulPicture::CDSView_NoOpStub;0
CBulPicture;00480ad4;;18;00438340;CBulPicture::CDSView_NoOpStub;0
CBulPicture;00480ad4;;19;0042cf50;CBulPicture::CDSView_OnLButtonDownAcquireFocus;0
CBulPicture;00480ad4;;20;00416770;CBulPicture::CDSView_OnMouseStub;0
CBulPicture;00480ad4;;21;00416770;CBulPicture::CDSView_OnMouseStub;0
CBulPicture;00480ad4;;22;0042c0c0;CBulPicture::CDSView_OnKeyDown;0
CBulPicture;00480ad4;;23;0042c0e0;CBulPicture::CDSView_OnKeyUp;0
CBulPicture;00480ad4;;24;0042c100;CBulPicture::CDSView_OnChar;0
CBulPicture;00480ad4;;25;0042c770;CBulPicture::CDSApp_BroadcastSyntheticEventToChildren;0
CBulPicture;00480ad4;;26;0042c7d0;CBulPicture::CDSApp_RouteSyntheticCloseEvent;0
CBulPicture;00480ad4;;27;0040aaa0;CBulPicture::FUN_0040aaa0;0
CBulanci;0047f7ec;;0;00402890;CBulanci::FUN_00402890;0
CBulanci;0047f7ec;;1;004049d0;CBulanci::FUN_004049d0;0
CBulanci;0047f7ec;;2;00402e10;CBulanci::CBulanci_EventHandlerDtorBody;0
CBulanci;0047f7ec;;3;00402870;CBulanci::FUN_00402870;0
CBulanci;0047f800;;0;00402880;CBulanci::FUN_00402880;0
CBulanci;0047f800;;1;004049c0;CBulanci::FUN_004049c0;0
CBulanci;0047f800;;2;00402e00;CBulanci::CBulanci_ReferencedDtorBody;0
CBulanci;0047f800;;3;00402860;CBulanci::FUN_00402860;0
CBulanci;0047f800;;4;00401040;CBulanci::CDSApp_DispatchInputEvent;0
CBulanci;0047f818;;0;004011f0;CDSChain::FUN_004011f0;0
CBulanci;0047f818;;1;0042ac90;CDSChain::FUN_0042ac90;0
CBulanci;0047f818;;2;00402df0;CBulanci::CBulanci_ChainDtorBody;0
CBulanci;0047f818;;3;00402850;CBulanci::FUN_00402850;0
CBulanci;0047f818;;4;00438340;CBulanci::CDSView_NoOpStub;0
CBulanci;0047f818;;5;00438340;CBulanci::CDSView_NoOpStub;0
CBulanci;0047f834;;0;00402830;CBulanci::CBulanci_GetAppDescriptor;0
CBulanci;0047f834;;1;00402b00;CBulanci::CBulanci_DtorScalar;0
CBulanci;0047f834;;2;00402c30;CBulanci::CBulanci_dtor;0
CBulanci;0047f834;;3;0042c2e0;CBulanci::CDSView_GetDataSize;0
CBulanci;0047f834;;4;0042c320;CBulanci::CDSView_SaveData;0
CBulanci;0047f834;;5;0042c370;CBulanci::CDSView_LoadData;0
CBulanci;0047f834;;6;00402840;CBulanci::CBulanci_GetDataKindStubZero;0
CBulanci;0047f834;;7;004028a0;CBulanci::CDSView_HitTest;0
CBulanci;0047f834;;8;0042cae0;CBulanci::CDSView_AdaptDisplaySize;0
CBulanci;0047f834;;9;0042bd70;CBulanci::CDSView_Invalidate;0
CBulanci;0047f834;;10;0042c580;CBulanci::CDSView_ComputeAnchoredRect;0
CBulanci;0047f834;;11;0042c480;CBulanci::CDSView_SetRect;0
CBulanci;0047f834;;12;0042c430;CBulanci::CDSView_GetParentBounds;0
CBulanci;0047f834;;13;0042c3e0;CBulanci::CDSView_IsModalDoneRecursive;0
CBulanci;0047f834;;14;004167d0;CBulanci::CDSView_RenderChildrenClipped;0
CBulanci;0047f834;;15;00438340;CBulanci::CDSView_NoOpStub;0
CBulanci;0047f834;;16;00438340;CBulanci::CDSView_NoOpStub;0
CBulanci;0047f834;;17;00438340;CBulanci::CDSView_NoOpStub;0
CBulanci;0047f834;;18;00438340;CBulanci::CDSView_NoOpStub;0
CBulanci;0047f834;;19;0042cf50;CBulanci::CDSView_OnLButtonDownAcquireFocus;0
CBulanci;0047f834;;20;00416770;CBulanci::CDSView_OnMouseStub;0
CBulanci;0047f834;;21;00416770;CBulanci::CDSView_OnMouseStub;0
CBulanci;0047f834;;22;0042a000;CBulanci::CDSView_OnKeyDown;0
CBulanci;0047f834;;23;0042c0e0;CBulanci::CDSView_OnKeyUp;0
CBulanci;0047f834;;24;0042c100;CBulanci::CDSView_OnChar;0
CBulanci;0047f834;;25;0042c770;CBulanci::CDSApp_BroadcastSyntheticEventToChildren;0
CBulanci;0047f834;;26;00402490;CBulanci::CBulanci_OnEvent_MenuStateMachine;0
CBulanci;0047f834;;27;00438f80;CBulanci::CDSView_EmptyHook27;0
CBulanci;0047f834;;28;00402b20;CBulanci::CBulanci_OnCreate;0
CBulanci;0047f834;;29;00429d60;CBulanci::CDSApp_Run;0
CBulanci;0047f834;;30;00402180;CBulanci::CBulanci_InitResourceBank;0
CBulanci;0047f834;;31;00401970;CBulanci::FUN_00401970;0
CBulanci;0047f834;;32;0042a660;CBulanci::CDSApp_WndProcDispatch;0
CBulanci;0047f834;;33;00429d00;CBulanci::CDSApp_OnActivateApp;0
CBulanek;00481ddc;;0;0041b180;CBulanek::FUN_0041b180;0
CBulanek;00481ddc;;1;004178d0;CBulanek::FUN_004178d0;0
CBulanek;00481ddc;;2;00416770;CBulanek::CDSView_OnMouseStub;0
CBulanek;00481ddc;;3;004178f0;CBulanek::FUN_004178f0;0
CBulanek;00481ddc;;4;00416770;CBulanek::CDSView_OnMouseStub;0
CBulanek;00481df4;;0;004034d0;CScroller::FUN_004034d0;0
CBulanek;00481df4;;1;0041a980;CShot::FUN_0041a980;0
CBulanek;00481df4;;2;00418ed0;CShot::FUN_00418ed0;0
CBulanek;00481df4;;3;00418ea0;CBulanek::FUN_00418ea0;0
CBulanek;00481df4;;4;00420b30;CBulanek::FUN_00420b30;0
CBulanek;00481e0c;;0;00402890;CBulanci::FUN_00402890;0
CBulanek;00481e0c;;1;004049d0;CBulanci::FUN_004049d0;0
CBulanek;00481e0c;;2;00423db0;CDSView::FUN_00423db0;0
CBulanek;00481e0c;;3;00418ec0;CBulanek::FUN_00418ec0;0
CBulanek;00481e20;;0;00402880;CBulanci::FUN_00402880;0
CBulanek;00481e20;;1;004049c0;CBulanci::FUN_004049c0;0
CBulanek;00481e20;;2;004034a0;CDSView::FUN_004034a0;0
CBulanek;00481e20;;3;00418eb0;CBulanek::FUN_00418eb0;0
CBulanek;00481e20;;4;0042c040;CBulanek::CDSView_DispatchEvent;0
CBulanek;00481e38;;0;004011f0;CDSChain::FUN_004011f0;0
CBulanek;00481e38;;1;0042ac90;CDSChain::FUN_0042ac90;0
CBulanek;00481e38;;2;0041aa40;CDSChain::FUN_0041aa40;0
CBulanek;00481e38;;3;00418ee0;CBulanek::FUN_00418ee0;0
CBulanek;00481e38;;4;00438340;CBulanek::CDSView_NoOpStub;0
CBulanek;00481e38;;5;00438340;CBulanek::CDSView_NoOpStub;0
CBulanek;00481e54;;0;00418e90;CBulanek::FUN_00418e90;0
CBulanek;00481e54;;1;0041bc20;CBulanek::FUN_0041bc20;0
CBulanek;00481e54;;2;004245c0;CBulanek::CDSObject_ReleaseViaVtable;0
CBulanek;00481e54;;3;0042c2e0;CBulanek::CDSView_GetDataSize;0
CBulanek;00481e54;;4;0042c320;CBulanek::CDSView_SaveData;0
CBulanek;00481e54;;5;0042c370;CBulanek::CDSView_LoadData;0
CBulanek;00481e54;;6;004033a0;CBulanek::CDSView_GetDataKindStubZero;0
CBulanek;00481e54;;7;004028a0;CBulanek::CDSView_HitTest;0
CBulanek;00481e54;;8;004175f0;CBulanek::FUN_004175f0;0
CBulanek;00481e54;;9;0042ca30;CBulanek::CDSView_InvalidateRectClipped;0
CBulanek;00481e54;;10;0042c580;CBulanek::CDSView_ComputeAnchoredRect;0
CBulanek;00481e54;;11;0041fb90;CBulanek::FUN_0041fb90;0
CBulanek;00481e54;;12;0042c430;CBulanek::CDSView_GetParentBounds;0
CBulanek;00481e54;;13;0042c3e0;CBulanek::CDSView_IsModalDoneRecursive;0
CBulanek;00481e54;;14;00417640;CBulanek::FUN_00417640;0
CBulanek;00481e54;;15;00417380;CBulanek::FUN_00417380;0
CBulanek;00481e54;;16;00438340;CBulanek::CDSView_NoOpStub;0
CBulanek;00481e54;;17;00438340;CBulanek::CDSView_NoOpStub;0
CBulanek;00481e54;;18;00438340;CBulanek::CDSView_NoOpStub;0
CBulanek;00481e54;;19;0042cf50;CBulanek::CDSView_OnLButtonDownAcquireFocus;0
CBulanek;00481e54;;20;00416770;CBulanek::CDSView_OnMouseStub;0
CBulanek;00481e54;;21;00416770;CBulanek::CDSView_OnMouseStub;0
CBulanek;00481e54;;22;0042c0c0;CBulanek::CDSView_OnKeyDown;0
CBulanek;00481e54;;23;0042c0e0;CBulanek::CDSView_OnKeyUp;0
CBulanek;00481e54;;24;0042c100;CBulanek::CDSView_OnChar;0
CBulanek;00481e54;;25;0042c770;CBulanek::CDSApp_BroadcastSyntheticEventToChildren;0
CBulanek;00481e54;;26;0042c7d0;CBulanek::CDSApp_RouteSyntheticCloseEvent;0
CBulanek;00481e54;;27;00420d40;CBulanek::CBulanek_OnEvent;0
CBulanek;00481e54;;28;004195c0;CBulanek::FUN_004195c0;0
CBulanek;00481e54;;29;00419560;CBulanek::FUN_00419560;0
CBulanek;00481e54;;30;0041aed0;CBulanek::FUN_0041aed0;0
CButton;0047fe90;;0;00402890;CBulanci::FUN_00402890;0
CButton;0047fe90;;1;004049d0;CBulanci::FUN_004049d0;0
CButton;0047fe90;;2;00423db0;CDSView::FUN_00423db0;0
CButton;0047fe90;;3;00404bd0;CButton::CButton_AdjustorThunk18_Dtor;0
CButton;0047fea4;;0;00402880;CBulanci::FUN_00402880;0
CButton;0047fea4;;1;004049c0;CBulanci::FUN_004049c0;0
CButton;0047fea4;;2;004034a0;CDSView::FUN_004034a0;0
CButton;0047fea4;;3;00404bc0;CButton::CButton_AdjustorThunk10_Dtor;0
CButton;0047fea4;;4;0042c040;CButton::CDSView_DispatchEvent;0
CButton;0047febc;;0;004011f0;CDSChain::FUN_004011f0;0
CButton;0047febc;;1;0042ac90;CDSChain::FUN_0042ac90;0
CButton;0047febc;;2;0041aa40;CDSChain::FUN_0041aa40;0
CButton;0047febc;;3;00404bb0;CButton::CButton_AdjustorThunk04_Dtor;0
CButton;0047febc;;4;00438340;CButton::CDSView_NoOpStub;0
CButton;0047febc;;5;00438340;CButton::CDSView_NoOpStub;0
CButton;0047fedc;;0;00404ba0;CButton::CButton_GetTypeDescriptor;0
CButton;0047fedc;;1;00406670;CButton::CButton_vDtor;0
CButton;0047fedc;;2;004245c0;CButton::CDSObject_ReleaseViaVtable;0
CButton;0047fedc;;3;0042c2e0;CButton::CDSView_GetDataSize;0
CButton;0047fedc;;4;0042c320;CButton::CDSView_SaveData;0
CButton;0047fedc;;5;0042c370;CButton::CDSView_LoadData;0
CButton;0047fedc;;6;004033a0;CButton::CDSView_GetDataKindStubZero;0
CButton;0047fedc;;7;004028a0;CButton::CDSView_HitTest;0
CButton;0047fedc;;8;0042cae0;CButton::CDSView_AdaptDisplaySize;0
CButton;0047fedc;;9;0042ca30;CButton::CDSView_InvalidateRectClipped;0
CButton;0047fedc;;10;0042c580;CButton::CDSView_ComputeAnchoredRect;0
CButton;0047fedc;;11;0042c480;CButton::CDSView_SetRect;0
CButton;0047fedc;;12;0042c430;CButton::CDSView_GetParentBounds;0
CButton;0047fedc;;13;0042c3e0;CButton::CDSView_IsModalDoneRecursive;0
CButton;0047fedc;;14;004056b0;CButton::CButton_Render;0
CButton;0047fedc;;15;00438340;CButton::CDSView_NoOpStub;0
CButton;0047fedc;;16;00438340;CButton::CDSView_NoOpStub;0
CButton;0047fedc;;17;004030a0;CIcon::CIcon_Invalidate;0
CButton;0047fedc;;18;004030a0;CIcon::CIcon_Invalidate;0
CButton;0047fedc;;19;004030e0;CButton::CButton_OnMouseDown;0
CButton;0047fedc;;20;00403f20;CButton::CButton_OnMouseUp;0
CButton;0047fedc;;21;00416770;CButton::CDSView_OnMouseStub;0
CButton;0047fedc;;22;00403f90;CButton::CButton_OnKeyDown;0
CButton;0047fedc;;23;0042c0e0;CButton::CDSView_OnKeyUp;0
CButton;0047fedc;;24;0042c100;CButton::CDSView_OnChar;0
CButton;0047fedc;;25;0042c770;CButton::CDSApp_BroadcastSyntheticEventToChildren;0
CButton;0047fedc;;26;0042c7d0;CButton::CDSApp_RouteSyntheticCloseEvent;0
CButton;0047fedc;;27;00404060;CButton::CButton_OnFocusReceived;0
CChatEdit;00480c08;;0;004034d0;CScroller::FUN_004034d0;0
CChatEdit;00480c08;;1;00404de0;CScroller::FUN_00404de0;0
CChatEdit;00480c08;;2;004229a0;CScroller::FUN_004229a0;0
CChatEdit;00480c08;;3;00404dd0;CEdit::CEdit_AdjustorThunk04_Dtor;0
CChatEdit;00480c08;;4;00403150;CEdit::CEdit_GetTextLength;0
CChatEdit;00480c20;;0;00402890;CBulanci::FUN_00402890;0
CChatEdit;00480c20;;1;004049d0;CBulanci::FUN_004049d0;0
CChatEdit;00480c20;;2;00423db0;CDSView::FUN_00423db0;0
CChatEdit;00480c20;;3;00406760;CEdit::CEdit_AdjustorThunk18_Dtor;0
CChatEdit;00480c34;;0;00402880;CBulanci::FUN_00402880;0
CChatEdit;00480c34;;1;004049c0;CBulanci::FUN_004049c0;0
CChatEdit;00480c34;;2;004034a0;CDSView::FUN_004034a0;0
CChatEdit;00480c34;;3;0040ba00;CEdit::FUN_0040ba00;0
CChatEdit;00480c34;;4;0042c040;CChatEdit::CDSView_DispatchEvent;0
CChatEdit;00480c4c;;0;004011f0;CDSChain::FUN_004011f0;0
CChatEdit;00480c4c;;1;0042ac90;CDSChain::FUN_0042ac90;0
CChatEdit;00480c4c;;2;0041aa40;CDSChain::FUN_0041aa40;0
CChatEdit;00480c4c;;3;00404df0;CEdit::CEdit_AdjustorThunk10_Dtor;0
CChatEdit;00480c4c;;4;00438340;CChatEdit::CDSView_NoOpStub;0
CChatEdit;00480c4c;;5;00438340;CChatEdit::CDSView_NoOpStub;0
CChatEdit;00480c6c;;0;0040b9f0;CChatEdit::CChatEdit_GetTypeDescriptor;0
CChatEdit;00480c6c;;1;0040ba10;CEdit::CEdit_vDtor;0
CChatEdit;00480c6c;;2;004245c0;CChatEdit::CDSObject_ReleaseViaVtable;0
CChatEdit;00480c6c;;3;00403190;CEdit::CEdit_GetDataSize;0
CChatEdit;00480c6c;;4;00403170;CEdit::CEdit_SaveData;0
CChatEdit;00480c6c;;5;00407d20;CEdit::CEdit_LoadData;0
CChatEdit;00480c6c;;6;004033a0;CChatEdit::CDSView_GetDataKindStubZero;0
CChatEdit;00480c6c;;7;004028a0;CChatEdit::CDSView_HitTest;0
CChatEdit;00480c6c;;8;0042cae0;CChatEdit::CDSView_AdaptDisplaySize;0
CChatEdit;00480c6c;;9;0042ca30;CChatEdit::CDSView_InvalidateRectClipped;0
CChatEdit;00480c6c;;10;0042c580;CChatEdit::CDSView_ComputeAnchoredRect;0
CChatEdit;00480c6c;;11;0042c480;CChatEdit::CDSView_SetRect;0
CChatEdit;00480c6c;;12;0042c430;CChatEdit::CDSView_GetParentBounds;0
CChatEdit;00480c6c;;13;0042c3e0;CChatEdit::CDSView_IsModalDoneRecursive;0
CChatEdit;00480c6c;;14;00406100;CEdit::CEdit_Render;0
CChatEdit;00480c6c;;15;00438340;CChatEdit::CDSView_NoOpStub;0
CChatEdit;00480c6c;;16;00438340;CChatEdit::CDSView_NoOpStub;0
CChatEdit;00480c6c;;17;00438340;CChatEdit::CDSView_NoOpStub;0
CChatEdit;00480c6c;;18;00438340;CChatEdit::CDSView_NoOpStub;0
CChatEdit;00480c6c;;19;0042cf50;CChatEdit::CDSView_OnLButtonDownAcquireFocus;0
CChatEdit;00480c6c;;20;00416770;CChatEdit::CDSView_OnMouseStub;0
CChatEdit;00480c6c;;21;00416770;CChatEdit::CDSView_OnMouseStub;0
CChatEdit;00480c6c;;22;0040cee0;CChatEdit::CChatEdit_OnChar;0
CChatEdit;00480c6c;;23;0042c0e0;CChatEdit::CDSView_OnKeyUp;0
CChatEdit;00480c6c;;24;00407b40;CEdit::CEdit_OnChar;0
CChatEdit;00480c6c;;25;0042c770;CChatEdit::CDSApp_BroadcastSyntheticEventToChildren;0
CChatEdit;00480c6c;;26;0042c7d0;CChatEdit::CDSApp_RouteSyntheticCloseEvent;0
CChatEdit;00480c6c;;27;00407040;CEdit::CEdit_OnFocusEvent;0
CChatEdit;00480c6c;;28;00406270;CEdit::CEdit_SetText;0
CChatEdit;00480c6c;;29;00406230;CEdit::CEdit_OnTimerTick;0
CChatList;004813ec;;0;004034d0;CScroller::FUN_004034d0;0
CChatList;004813ec;;1;00404de0;CScroller::FUN_00404de0;0
CChatList;004813ec;;2;004229a0;CScroller::FUN_004229a0;0
CChatList;004813ec;;3;0040b130;CListBox::CListBox::FUN_0040b130;0
CChatList;004813ec;;4;00403120;CScroller::FUN_00403120;0
CChatList;00481404;;0;00402890;CBulanci::FUN_00402890;0
CChatList;00481404;;1;004049d0;CBulanci::FUN_004049d0;0
CChatList;00481404;;2;00423db0;CDSView::FUN_00423db0;0
CChatList;00481404;;3;004082b0;CListBox::CListBox::FUN_004082b0;0
CChatList;00481418;;0;00402880;CBulanci::FUN_00402880;0
CChatList;00481418;;1;004049c0;CBulanci::FUN_004049c0;0
CChatList;00481418;;2;004034a0;CDSView::FUN_004034a0;0
CChatList;00481418;;3;004082a0;CListBox::CListBox::FUN_004082a0;0
CChatList;00481418;;4;0042c040;CChatList::CDSView_DispatchEvent;0
CChatList;00481430;;0;004011f0;CDSChain::FUN_004011f0;0
CChatList;00481430;;1;0042ac90;CDSChain::FUN_0042ac90;0
CChatList;00481430;;2;0041aa40;CDSChain::FUN_0041aa40;0
CChatList;00481430;;3;0040d0a0;CListBox::CListBox::FUN_0040d0a0;0
CChatList;00481430;;4;00438340;CChatList::CDSView_NoOpStub;0
CChatList;00481430;;5;00438340;CChatList::CDSView_NoOpStub;0
CChatList;0048144c;;0;0040d090;CChatList::CChatList_GetTypeDescriptor;0
CChatList;0048144c;;1;00408350;CListBox::CListBox::CListBox_vDtor;0
CChatList;0048144c;;2;004245c0;CChatList::CDSObject_ReleaseViaVtable;0
CChatList;0048144c;;3;0042c2e0;CChatList::CDSView_GetDataSize;0
CChatList;0048144c;;4;0042c320;CChatList::CDSView_SaveData;0
CChatList;0048144c;;5;0042c370;CChatList::CDSView_LoadData;0
CChatList;0048144c;;6;004033a0;CChatList::CDSView_GetDataKindStubZero;0
CChatList;0048144c;;7;004028a0;CChatList::CDSView_HitTest;0
CChatList;0048144c;;8;0042cae0;CChatList::CDSView_AdaptDisplaySize;0
CChatList;0048144c;;9;0042ca30;CChatList::CDSView_InvalidateRectClipped;0
CChatList;0048144c;;10;0042c580;CChatList::CDSView_ComputeAnchoredRect;0
CChatList;0048144c;;11;00405dd0;CListViewer::CListViewer_OnMouseClick;0
CChatList;0048144c;;12;0042c430;CChatList::CDSView_GetParentBounds;0
CChatList;0048144c;;13;0042c3e0;CChatList::CDSView_IsModalDoneRecursive;0
CChatList;0048144c;;14;004057c0;CScroller::FUN_004057c0;0
CChatList;0048144c;;15;00438340;CChatList::CDSView_NoOpStub;0
CChatList;0048144c;;16;00438340;CChatList::CDSView_NoOpStub;0
CChatList;0048144c;;17;00438340;CChatList::CDSView_NoOpStub;0
CChatList;0048144c;;18;00438340;CChatList::CDSView_NoOpStub;0
CChatList;0048144c;;19;004081a0;CListViewer::FUN_004081a0;0
CChatList;0048144c;;20;00416770;CChatList::CDSView_OnMouseStub;0
CChatList;0048144c;;21;00416770;CChatList::CDSView_OnMouseStub;0
CChatList;0048144c;;22;00405930;CScroller::FUN_00405930;0
CChatList;0048144c;;23;00406cc0;CScroller::FUN_00406cc0;0
CChatList;0048144c;;24;0042c100;CChatList::CDSView_OnChar;0
CChatList;0048144c;;25;0042c770;CChatList::CDSApp_BroadcastSyntheticEventToChildren;0
CChatList;0048144c;;26;0042c7d0;CChatList::CDSApp_RouteSyntheticCloseEvent;0
CChatList;0048144c;;27;0040d0b0;CChatList::CChatList_OnEvent;0
CChatList;0048144c;;28;00406d00;CListViewer::FUN_00406d00;0
CChatList;0048144c;;29;00405fc0;CListBox::CListBox::CListBox_RenderItem;0
CColorSet;004808cc;;0;00402890;CBulanci::FUN_00402890;0
CColorSet;004808cc;;1;004049d0;CBulanci::FUN_004049d0;0
CColorSet;004808cc;;2;00423db0;CDSView::FUN_00423db0;0
CColorSet;004808cc;;3;0040b7a0;CColorSet::FUN_0040b7a0;0
CColorSet;004808e0;;0;00402880;CBulanci::FUN_00402880;0
CColorSet;004808e0;;1;004049c0;CBulanci::FUN_004049c0;0
CColorSet;004808e0;;2;004034a0;CDSView::FUN_004034a0;0
CColorSet;004808e0;;3;0040b790;CColorSet::FUN_0040b790;0
CColorSet;004808e0;;4;0042c040;CColorSet::CDSView_DispatchEvent;0
CColorSet;004808f8;;0;004011f0;CDSChain::FUN_004011f0;0
CColorSet;004808f8;;1;0042ac90;CDSChain::FUN_0042ac90;0
CColorSet;004808f8;;2;0041aa40;CDSChain::FUN_0041aa40;0
CColorSet;004808f8;;3;0040b7b0;CColorSet::FUN_0040b7b0;0
CColorSet;004808f8;;4;00438340;CColorSet::CDSView_NoOpStub;0
CColorSet;004808f8;;5;00438340;CColorSet::CDSView_NoOpStub;0
CColorSet;00480914;;0;0040b780;CColorSet::FUN_0040b780;0
CColorSet;00480914;;1;0040ea80;CColorSet::FUN_0040ea80;0
CColorSet;00480914;;2;004245c0;CColorSet::CDSObject_ReleaseViaVtable;0
CColorSet;00480914;;3;00403010;CRadio::CRadio_GetDataSize;0
CColorSet;00480914;;4;0040aa00;CRadio::CRadio_SaveData;0
CColorSet;00480914;;5;0040ccc0;CColorSet::FUN_0040ccc0;0
CColorSet;00480914;;6;004033a0;CColorSet::CDSView_GetDataKindStubZero;0
CColorSet;00480914;;7;004028a0;CColorSet::CDSView_HitTest;0
CColorSet;00480914;;8;0042cae0;CColorSet::CDSView_AdaptDisplaySize;0
CColorSet;00480914;;9;0042ca30;CColorSet::CDSView_InvalidateRectClipped;0
CColorSet;00480914;;10;0042c580;CColorSet::CDSView_ComputeAnchoredRect;0
CColorSet;00480914;;11;0042c480;CColorSet::CDSView_SetRect;0
CColorSet;00480914;;12;0042c430;CColorSet::CDSView_GetParentBounds;0
CColorSet;00480914;;13;0042c3e0;CColorSet::CDSView_IsModalDoneRecursive;0
CColorSet;00480914;;14;0040aed0;CColorSet::FUN_0040aed0;0
CColorSet;00480914;;15;00438340;CColorSet::CDSView_NoOpStub;0
CColorSet;00480914;;16;00438340;CColorSet::CDSView_NoOpStub;0
CColorSet;00480914;;17;00438340;CColorSet::CDSView_NoOpStub;0
CColorSet;00480914;;18;00438340;CColorSet::CDSView_NoOpStub;0
CColorSet;00480914;;19;0040f580;CColorSet::FUN_0040f580;0
CColorSet;00480914;;20;00416770;CColorSet::CDSView_OnMouseStub;0
CColorSet;00480914;;21;00416770;CColorSet::CDSView_OnMouseStub;0
CColorSet;00480914;;22;0042c0c0;CColorSet::CDSView_OnKeyDown;0
CColorSet;00480914;;23;0042c0e0;CColorSet::CDSView_OnKeyUp;0
CColorSet;00480914;;24;0042c100;CColorSet::CDSView_OnChar;0
CColorSet;00480914;;25;0042c770;CColorSet::CDSApp_BroadcastSyntheticEventToChildren;0
CColorSet;00480914;;26;0042c7d0;CColorSet::CDSApp_RouteSyntheticCloseEvent;0
CColorSet;00480914;;27;00438f80;CColorSet::CDSView_EmptyHook27;0
CColorSwitch;00480b48;;0;00402890;CBulanci::FUN_00402890;0
CColorSwitch;00480b48;;1;004049d0;CBulanci::FUN_004049d0;0
CColorSwitch;00480b48;;2;00423db0;CDSView::FUN_00423db0;0
CColorSwitch;00480b48;;3;0040b970;CColorSwitch::CColorSwitch_AdjustorThunk10_Dtor;0
CColorSwitch;00480b5c;;0;00402880;CBulanci::FUN_00402880;0
CColorSwitch;00480b5c;;1;004049c0;CBulanci::FUN_004049c0;0
CColorSwitch;00480b5c;;2;004034a0;CDSView::FUN_004034a0;0
CColorSwitch;00480b5c;;3;0040b960;CColorSwitch::CColorSwitch_AdjustorThunk04_Dtor;0
CColorSwitch;00480b5c;;4;0042c040;CColorSwitch::CDSView_DispatchEvent;0
CColorSwitch;00480b74;;0;004011f0;CDSChain::FUN_004011f0;0
CColorSwitch;00480b74;;1;0042ac90;CDSChain::FUN_0042ac90;0
CColorSwitch;00480b74;;2;0041aa40;CDSChain::FUN_0041aa40;0
CColorSwitch;00480b74;;3;0040b980;CColorSwitch::CColorSwitch_AdjustorThunk18_Dtor;0
CColorSwitch;00480b74;;4;00438340;CColorSwitch::CDSView_NoOpStub;0
CColorSwitch;00480b74;;5;00438340;CColorSwitch::CDSView_NoOpStub;0
CColorSwitch;00480b94;;0;0040b950;CColorSwitch::CColorSwitch_GetTypeDescriptor;0
CColorSwitch;00480b94;;1;0040ec80;CColorSwitch::CColorSwitch_vDtor;0
CColorSwitch;00480b94;;2;004245c0;CColorSwitch::CDSObject_ReleaseViaVtable;0
CColorSwitch;00480b94;;3;00403010;CRadio::CRadio_GetDataSize;0
CColorSwitch;00480b94;;4;0040aa00;CRadio::CRadio_SaveData;0
CColorSwitch;00480b94;;5;0040aa60;CColorSwitch::CColorSwitch_SetSelectedFromPtr;0
CColorSwitch;00480b94;;6;004033a0;CColorSwitch::CDSView_GetDataKindStubZero;0
CColorSwitch;00480b94;;7;004028a0;CColorSwitch::CDSView_HitTest;0
CColorSwitch;00480b94;;8;0042cae0;CColorSwitch::CDSView_AdaptDisplaySize;0
CColorSwitch;00480b94;;9;0042ca30;CColorSwitch::CDSView_InvalidateRectClipped;0
CColorSwitch;00480b94;;10;0042c580;CColorSwitch::CDSView_ComputeAnchoredRect;0
CColorSwitch;00480b94;;11;0042c480;CColorSwitch::CDSView_SetRect;0
CColorSwitch;00480b94;;12;0042c430;CColorSwitch::CDSView_GetParentBounds;0
CColorSwitch;00480b94;;13;0042c3e0;CColorSwitch::CDSView_IsModalDoneRecursive;0
CColorSwitch;00480b94;;14;0040ccd0;CColorSwitch::CColorSwitch_Render;0
CColorSwitch;00480b94;;15;00438340;CColorSwitch::CDSView_NoOpStub;0
CColorSwitch;00480b94;;16;00438340;CColorSwitch::CDSView_NoOpStub;0
CColorSwitch;00480b94;;17;00438340;CColorSwitch::CDSView_NoOpStub;0
CColorSwitch;00480b94;;18;00438340;CColorSwitch::CDSView_NoOpStub;0
CColorSwitch;00480b94;;19;0040ce00;CColorSwitch::CColorSwitch_OnMouseClick;0
CColorSwitch;00480b94;;20;00416770;CColorSwitch::CDSView_OnMouseStub;0
CColorSwitch;00480b94;;21;00416770;CColorSwitch::CDSView_OnMouseStub;0
CColorSwitch;00480b94;;22;0042c0c0;CColorSwitch::CDSView_OnKeyDown;0
CColorSwitch;00480b94;;23;0042c0e0;CColorSwitch::CDSView_OnKeyUp;0
CColorSwitch;00480b94;;24;0042c100;CColorSwitch::CDSView_OnChar;0
CColorSwitch;00480b94;;25;0042c770;CColorSwitch::CDSApp_BroadcastSyntheticEventToChildren;0
CColorSwitch;00480b94;;26;0042c7d0;CColorSwitch::CDSApp_RouteSyntheticCloseEvent;0
CColorSwitch;00480b94;;27;0040aa10;CColorSwitch::CColorSwitch_OnEvent;0
CDSAnim;00487674;;0;0040b830;CBulAnim::GetTypeInfo_Sub78;0
CDSAnim;00487674;;1;00439550;CBulAnim::Sub78ChainOp_thunk;0
CDSAnim;00487674;;2;0040b880;CBulAnim::Sub78_CDSObjectAdjust_thunk;0
CDSAnim;00487674;;3;0040b890;CBulAnim::Sub78Dtor_thunk;0
CDSAnim;00487688;;0;00438f20;CBulAnim::IDSAnim_NotifyEvents;0
CDSAnim;00487688;;1;00438f60;CBulAnim::IDSAnim_BindUserData;0
CDSAnim;00487688;;2;004391d0;CBulAnim::IDSAnim_SetSequence_thunk;0
CDSAnim;00487688;;3;00438f80;CDSAnim::CDSView_EmptyHook27;0
CDSAnim;00487688;;4;004392a0;CBulAnim::IDSAnim_SelectRandomTrack;0
CDSAnim;004876a0;;0;0040b820;CBulAnim::GetTypeInfo_Sub68;0
CDSAnim;004876a0;;1;00404de0;CScroller::FUN_00404de0;0
CDSAnim;004876a0;;2;004229a0;CScroller::FUN_004229a0;0
CDSAnim;004876a0;;3;0040b8a0;CBulAnim::Sub68Dtor_thunk;0
CDSAnim;004876b4;;0;00402890;CBulanci::FUN_00402890;0
CDSAnim;004876b4;;1;004049d0;CBulanci::FUN_004049d0;0
CDSAnim;004876b4;;2;00423db0;CDSView::FUN_00423db0;0
CDSAnim;004876b4;;3;00439540;CBulAnim::Sub18Dtor_thunk;0
CDSAnim;004876c8;;0;00402880;CBulanci::FUN_00402880;0
CDSAnim;004876c8;;1;004049c0;CBulanci::FUN_004049c0;0
CDSAnim;004876c8;;2;004034a0;CDSView::FUN_004034a0;0
CDSAnim;004876c8;;3;00439530;CBulAnim::Sub10Dtor_thunk;0
CDSAnim;004876c8;;4;0042c040;CDSAnim::CDSView_DispatchEvent;0
CDSAnim;004876e0;;0;004011f0;CDSChain::FUN_004011f0;0
CDSAnim;004876e0;;1;0042ac90;CDSChain::FUN_0042ac90;0
CDSAnim;004876e0;;2;0041aa40;CDSChain::FUN_0041aa40;0
CDSAnim;004876e0;;3;00439520;CBulAnim::Sub04Dtor_thunk;0
CDSAnim;004876e0;;4;00438340;CDSAnim::CDSView_NoOpStub;0
CDSAnim;004876e0;;5;00438340;CDSAnim::CDSView_NoOpStub;0
CDSAnim;004876fc;;0;00439510;CDSAnim::GetTypeInfo;0
CDSAnim;004876fc;;1;004396f0;CBulAnim::ScalarDeletingDtor;0
CDSAnim;004876fc;;2;004245c0;CDSAnim::CDSObject_ReleaseViaVtable;0
CDSAnim;004876fc;;3;0042c2e0;CDSAnim::CDSView_GetDataSize;0
CDSAnim;004876fc;;4;0042c320;CDSAnim::CDSView_SaveData;0
CDSAnim;004876fc;;5;0042c370;CDSAnim::CDSView_LoadData;0
CDSAnim;004876fc;;6;004033a0;CDSAnim::CDSView_GetDataKindStubZero;0
CDSAnim;004876fc;;7;004028a0;CDSAnim::CDSView_HitTest;0
CDSAnim;004876fc;;8;0042cae0;CDSAnim::CDSView_AdaptDisplaySize;0
CDSAnim;004876fc;;9;0042ca30;CDSAnim::CDSView_InvalidateRectClipped;0
CDSAnim;004876fc;;10;0042c580;CDSAnim::CDSView_ComputeAnchoredRect;0
CDSAnim;004876fc;;11;0042c480;CDSAnim::CDSView_SetRect;0
CDSAnim;004876fc;;12;0042c430;CDSAnim::CDSView_GetParentBounds;0
CDSAnim;004876fc;;13;0042c3e0;CDSAnim::CDSView_IsModalDoneRecursive;0
CDSAnim;004876fc;;14;0040b840;CBulAnim::PrimaryTick_thunk;0
CDSAnim;004876fc;;15;0040b850;CBulAnim::PrimaryRender_thunk;0
CDSAnim;004876fc;;16;00438340;CDSAnim::CDSView_NoOpStub;0
CDSAnim;004876fc;;17;00438340;CDSAnim::CDSView_NoOpStub;0
CDSAnim;004876fc;;18;00438340;CDSAnim::CDSView_NoOpStub;0
CDSAnim;004876fc;;19;0042cf50;CDSAnim::CDSView_OnLButtonDownAcquireFocus;0
CDSAnim;004876fc;;20;00416770;CDSAnim::CDSView_OnMouseStub;0
CDSAnim;004876fc;;21;00416770;CDSAnim::CDSView_OnMouseStub;0
CDSAnim;004876fc;;22;0042c0c0;CDSAnim::CDSView_OnKeyDown;0
CDSAnim;004876fc;;23;0042c0e0;CDSAnim::CDSView_OnKeyUp;0
CDSAnim;004876fc;;24;0042c100;CDSAnim::CDSView_OnChar;0
CDSAnim;004876fc;;25;0042c770;CDSAnim::CDSApp_BroadcastSyntheticEventToChildren;0
CDSAnim;004876fc;;26;0042c7d0;CDSAnim::CDSApp_RouteSyntheticCloseEvent;0
CDSAnim;004876fc;;27;00438f80;CDSAnim::CDSView_EmptyHook27;0
CDSApiException;00487564;;0;00434b00;CDSApiException::FUN_00434b00;0
CDSApiException;00487564;;1;00434e10;CDSApiException::FUN_00434e10;0
CDSApiException;00487564;;2;0042fff0;CDSException::FUN_0042fff0;0
CDSApiException;00487564;;3;00434c70;CDSApiException::FUN_00434c70;0
CDSApiException;00487564;;4;00434b10;CItemInfo::FUN_00434b10;0
CDSApp;00486fc0;;0;00402890;CBulanci::FUN_00402890;0
CDSApp;00486fc0;;1;004049d0;CBulanci::FUN_004049d0;0
CDSApp;00486fc0;;2;0042b900;CDSApp::CDSApp_EventHandlerDtorBody;0
CDSApp;00486fc0;;3;0042b150;CDSApp::CDSApp_EventHandler_GetTypeInfo;0
CDSApp;00486fd4;;0;00402880;CBulanci::FUN_00402880;0
CDSApp;00486fd4;;1;004049c0;CBulanci::FUN_004049c0;0
CDSApp;00486fd4;;2;0042b8f0;CDSApp::CDSApp_ReferencedDtorBody;0
CDSApp;00486fd4;;3;0042b140;CDSApp::CDSApp_Referenced_GetTypeInfo;0
CDSApp;00486fd4;;4;00429db0;CDSApp::CDSApp_DispatchInputEvent;0
CDSApp;00486fec;;0;004011f0;CDSChain::FUN_004011f0;0
CDSApp;00486fec;;1;0042ac90;CDSChain::FUN_0042ac90;0
CDSApp;00486fec;;2;0042b8e0;CDSApp::CDSApp_ChainDtorBody;0
CDSApp;00486fec;;3;0042b160;CDSApp::CDSApp_Chain_GetTypeInfo;0
CDSApp;00486fec;;4;00438340;CDSApp::CDSView_NoOpStub;0
CDSApp;00486fec;;5;00438340;CDSApp::CDSView_NoOpStub;0
CDSAudioBank;00486ea4;;0;004011f0;CDSChain::FUN_004011f0;0
CDSAudioBank;00486ea4;;1;00429300;CDSFileStream::FUN_00429300;0
CDSAudioBank;00486ea4;;2;00409970;CDSFileStream::FUN_00409970;0
CDSAudioBank;00486ea4;;3;00429320;CDSAudioBank::FUN_00429320;0
CDSAudioBank;00486ea4;;4;00429600;CDSAudioBank::FUN_00429600;0
CDSAudioBank;00486ea4;;5;00438340;CDSAudioBank::CDSView_NoOpStub;0
CDSAudioBank;00486ec0;;0;00409470;CDSAudioBank::GetResourceName;0
CDSAudioBank;00486ec0;;1;00409450;CDSFileStream::FUN_00409450;0
CDSAudioBank;00486ec0;;2;00409490;CDSFileStream::FUN_00409490;0
CDSAudioBank;00486ec0;;3;00429310;CDSAudioBank::FUN_00429310;0
CDSAudioBank;00486ec0;;4;00409480;CDSAudioBank::AlwaysReturnsZero;0
CDSAudioBank;00486ed8;;0;00401600;CDSFileStream::FUN_00401600;0
CDSAudioBank;00486ed8;;1;0042ac90;CDSChain::FUN_0042ac90;0
CDSAudioBank;00486ed8;;2;00409260;CDSFileStream::FUN_00409260;0
CDSAudioBank;00486ed8;;3;00429330;CDSAudioBank::FUN_00429330;0
CDSAudioBank;00486eec;;0;004292f0;CDSAudioBank::FUN_004292f0;0
CDSAudioBank;00486eec;;1;004294b0;CDSAudioBank::FUN_004294b0;0
CDSAudioBank;00486eec;;2;00401660;CDSFileStream::FUN_00401660;0
CDSAudioBankSample;00486efc;;0;00401600;CDSFileStream::FUN_00401600;0
CDSAudioBankSample;00486efc;;1;004049d0;CBulanci::FUN_004049d0;0
CDSAudioBankSample;00486efc;;2;00433070;CDSWav::FUN_00433070;0
CDSAudioBankSample;00486efc;;3;00429360;CDSAudioBankSample::FUN_00429360;0
CDSAudioBankSample;00486f10;;0;0041a510;CDSWav::FUN_0041a510;0
CDSAudioBankSample;00486f10;;1;0042ac90;CDSChain::FUN_0042ac90;0
CDSAudioBankSample;00486f10;;2;004330a0;CDSWav::FUN_004330a0;0
CDSAudioBankSample;00486f10;;3;00429350;CDSAudioBankSample::FUN_00429350;0
CDSAudioBankSample;00486f10;;4;00467430;CDSAudioBankSample::CDSApp_PreCreateHook;0
CDSAudioBankSample;00486f10;;5;0043b950;CDSWav::FUN_0043b950;0
CDSAudioBankSample;00486f10;;6;004291d0;CDSAudioBankSample::FUN_004291d0;0
CDSAudioBankSample;00486f10;;7;00438340;CDSAudioBankSample::CDSView_NoOpStub;0
CDSAudioBankSample;00486f34;;0;00429340;CDSAudioBankSample::FUN_00429340;0
CDSAudioBankSample;00486f34;;1;00429510;CDSAudioBankSample::FUN_00429510;0
CDSAudioBankSample;00486f34;;2;00433040;CDSWav::FUN_00433040;0
CDSAudioPlayer;00487798;;0;00401600;CDSFileStream::FUN_00401600;0
CDSAudioPlayer;00487798;;1;0042ac90;CDSChain::FUN_0042ac90;0
CDSAudioPlayer;00487798;;2;00409260;CDSFileStream::FUN_00409260;0
CDSAudioPlayer;00487798;;3;0043a580;CDSAudioPlayer::FUN_0043a580;0
CDSAudioPlayer;004877ac;;0;0043a570;CDSAudioPlayer::FUN_0043a570;0
CDSAudioPlayer;004877ac;;1;0043a740;CDSAudioPlayer::FUN_0043a740;0
CDSAudioPlayer;004877ac;;2;00401660;CDSFileStream::FUN_00401660;0
CDSAudioVideoPlayer;0048948c;;0;0043bc90;CDSAudioVideoPlayer::FUN_0043bc90;0
CDSAudioVideoPlayer;0048948c;;1;0043bd40;CDSAudioVideoPlayer::FUN_0043bd40;0
CDSAudioVideoPlayer;0048948c;;2;004245c0;CDSAudioVideoPlayer::CDSObject_ReleaseViaVtable;0
CDSAudioVideoPlayer;0048948c;;3;00434b10;CItemInfo::FUN_00434b10;0
CDSBackBuffer;00486f9c;;0;004255e0;CDSImage::FUN_004255e0;0
CDSBackBuffer;00486f9c;;1;0042ac90;CDSChain::FUN_0042ac90;0
CDSBackBuffer;00486f9c;;2;0041aa40;CDSChain::FUN_0041aa40;0
CDSBackBuffer;00486f9c;;3;0042ad30;CDSBackBuffer::CDSBackBuffer_OnEvent;0
CDSBackBuffer;00486fb0;;0;0042ad20;CDSBackBuffer::CDSBackBuffer_GetClassTable;0
CDSBackBuffer;00486fb0;;1;0042adb0;CDSBackBuffer::CDSBackBuffer_DtorScalar;0
CDSBackBuffer;00486fb0;;2;004245c0;CDSBackBuffer::CDSObject_ReleaseViaVtable;0
CDSBitmap;004830e0;;0;00438f20;CBulAnim::IDSAnim_NotifyEvents;0
CDSBitmap;004830e0;;1;00438f60;CBulAnim::IDSAnim_BindUserData;0
CDSBitmap;004830e0;;2;004391d0;CBulAnim::IDSAnim_SetSequence_thunk;0
CDSBitmap;004830e0;;3;00438f80;CDSBitmap::CDSView_EmptyHook27;0
CDSBitmap;004830e0;;4;00416770;CDSBitmap::CDSView_OnMouseStub;0
CDSBitmap;004830f8;;0;0040b820;CBulAnim::GetTypeInfo_Sub68;0
CDSBitmap;004830f8;;1;00404de0;CScroller::FUN_00404de0;0
CDSBitmap;004830f8;;2;004229a0;CScroller::FUN_004229a0;0
CDSBitmap;004830f8;;3;004274d0;CDSBitmap::FUN_004274d0;0
CDSBitmap;0048310c;;0;00402890;CBulanci::FUN_00402890;0
CDSBitmap;0048310c;;1;004049d0;CBulanci::FUN_004049d0;0
CDSBitmap;0048310c;;2;00423db0;CDSView::FUN_00423db0;0
CDSBitmap;0048310c;;3;004274c0;CDSBitmap::FUN_004274c0;0
CDSBitmap;00483120;;0;00402880;CBulanci::FUN_00402880;0
CDSBitmap;00483120;;1;004049c0;CBulanci::FUN_004049c0;0
CDSBitmap;00483120;;2;004034a0;CDSView::FUN_004034a0;0
CDSBitmap;00483120;;3;004274e0;CDSBitmap::FUN_004274e0;0
CDSBitmap;00483120;;4;0042c040;CDSBitmap::CDSView_DispatchEvent;0
CDSBitmap;00483138;;0;004011f0;CDSChain::FUN_004011f0;0
CDSBitmap;00483138;;1;0042ac90;CDSChain::FUN_0042ac90;0
CDSBitmap;00483138;;2;0041aa40;CDSChain::FUN_0041aa40;0
CDSBitmap;00483138;;3;00422990;CDSBitmap::FUN_00422990;0
CDSBitmap;00483138;;4;00438340;CDSBitmap::CDSView_NoOpStub;0
CDSBitmap;00483138;;5;00438340;CDSBitmap::CDSView_NoOpStub;0
CDSBitmap;00483154;;0;00422980;CDSBitmap::FUN_00422980;0
CDSBitmap;00483154;;1;004274f0;CDSBitmap::FUN_004274f0;0
CDSBitmap;00483154;;2;004245c0;CDSBitmap::CDSObject_ReleaseViaVtable;0
CDSBitmap;00483154;;3;0042c2e0;CDSBitmap::CDSView_GetDataSize;0
CDSBitmap;00483154;;4;0042c320;CDSBitmap::CDSView_SaveData;0
CDSBitmap;00483154;;5;0042c370;CDSBitmap::CDSView_LoadData;0
CDSBitmap;00483154;;6;004033a0;CDSBitmap::CDSView_GetDataKindStubZero;0
CDSBitmap;00483154;;7;004028a0;CDSBitmap::CDSView_HitTest;0
CDSBitmap;00483154;;8;0042cae0;CDSBitmap::CDSView_AdaptDisplaySize;0
CDSBitmap;00483154;;9;0042ca30;CDSBitmap::CDSView_InvalidateRectClipped;0
CDSBitmap;00483154;;10;0042c580;CDSBitmap::CDSView_ComputeAnchoredRect;0
CDSBitmap;00483154;;11;0042c480;CDSBitmap::CDSView_SetRect;0
CDSBitmap;00483154;;12;0042c430;CDSBitmap::CDSView_GetParentBounds;0
CDSBitmap;00483154;;13;0042c3e0;CDSBitmap::CDSView_IsModalDoneRecursive;0
CDSBitmap;00483154;;14;0040b840;CBulAnim::PrimaryTick_thunk;0
CDSBitmap;00483154;;15;00438340;CDSBitmap::CDSView_NoOpStub;0
CDSBitmap;00483154;;16;00438340;CDSBitmap::CDSView_NoOpStub;0
CDSBitmap;00483154;;17;00438340;CDSBitmap::CDSView_NoOpStub;0
CDSBitmap;00483154;;18;00438340;CDSBitmap::CDSView_NoOpStub;0
CDSBitmap;00483154;;19;0042cf50;CDSBitmap::CDSView_OnLButtonDownAcquireFocus;0
CDSBitmap;00483154;;20;00416770;CDSBitmap::CDSView_OnMouseStub;0
CDSBitmap;00483154;;21;00416770;CDSBitmap::CDSView_OnMouseStub;0
CDSBitmap;00483154;;22;0042c0c0;CDSBitmap::CDSView_OnKeyDown;0
CDSBitmap;00483154;;23;0042c0e0;CDSBitmap::CDSView_OnKeyUp;0
CDSBitmap;00483154;;24;0042c100;CDSBitmap::CDSView_OnChar;0
CDSBitmap;00483154;;25;0042c770;CDSBitmap::CDSApp_BroadcastSyntheticEventToChildren;0
CDSBitmap;00483154;;26;0042c7d0;CDSBitmap::CDSApp_RouteSyntheticCloseEvent;0
CDSBitmap;00483154;;27;00438f80;CDSBitmap::CDSView_EmptyHook27;0
CDSBmpImage;004871f0;;0;00409470;CDSBmpImage::GetResourceName;0
CDSBmpImage;004871f0;;1;004322d0;CDSImage::FUN_004322d0;0
CDSBmpImage;004871f0;;2;00432320;CDSImage::FUN_00432320;0
CDSBmpImage;004871f0;;3;004322c0;CDSBmpImage::CDSBmpImage_scalar_deleting_dtor_thunk_n0x58;0
CDSBmpImage;004871f0;;4;00409480;CDSBmpImage::AlwaysReturnsZero;0
CDSBmpImage;00487208;;0;004011f0;CDSChain::FUN_004011f0;0
CDSBmpImage;00487208;;1;00425600;CDSImage::FUN_00425600;0
CDSBmpImage;00487208;;2;00431dd0;CDSImage::FUN_00431dd0;0
CDSBmpImage;00487208;;3;004322b0;CDSBmpImage::CDSBmpImage_scalar_deleting_dtor_thunk_n0x54;0
CDSBmpImage;00487208;;4;004320c0;CDSBmpImage::CDSBmpImage_LoadDibStream;0
CDSBmpImage;00487208;;5;00432440;CDSBmpImage::CDSBmpImage_SaveDibStream;0
CDSBmpImage;00487224;;0;00401600;CDSFileStream::FUN_00401600;0
CDSBmpImage;00487224;;1;00431d90;CDSImage::FUN_00431d90;0
CDSBmpImage;00487224;;2;00437550;CDSImage::FUN_00437550;0
CDSBmpImage;00487224;;3;004322a0;CDSBmpImage::CDSBmpImage_scalar_deleting_dtor_thunk_n0x4c;0
CDSBmpImage;00487238;;0;004255e0;CDSImage::FUN_004255e0;0
CDSBmpImage;00487238;;1;0042ac90;CDSChain::FUN_0042ac90;0
CDSBmpImage;00487238;;2;00431dc0;CDSImage::FUN_00431dc0;0
CDSBmpImage;00487238;;3;004322e0;CDSBmpImage::CDSBmpImage_scalar_deleting_dtor_thunk_n0x4;0
CDSBmpImage;0048724c;;0;00432290;CDSBmpImage::CDSBmpImage_GetClassData;0
CDSBmpImage;0048724c;;1;00432700;CDSBmpImage::CDSBmpImage_scalar_deleting_dtor;0
CDSBmpImage;0048724c;;2;004322f0;CDSImage::FUN_004322f0;0
CDSChain;0047f6b8;;0;004011f0;CDSChain::FUN_004011f0;0
CDSChain;0047f6b8;;1;0042ac90;CDSChain::FUN_0042ac90;0
CDSChain;0047f6b8;;2;0041aa40;CDSChain::FUN_0041aa40;0
CDSChain;0047f6b8;;3;00401260;CDSChain::CDSChain_OnChainEvent;0
CDSChain;0047f6b8;;4;0042fb70;CDSChain::CDSChain_Append;0
CDSChain;0047f6b8;;5;0042fc30;CDSChain::CDSChain_Remove;0
CDSChain;0047f6d4;;0;00401200;CDSChain::FUN_00401200;0
CDSChain;0047f6d4;;1;00401210;CDSChain::FUN_00401210;0
CDSChain;0047f6d4;;2;004245c0;CDSChain::CDSObject_ReleaseViaVtable;0
CDSChained;0047f8e0;;0;004011f0;CDSChain::FUN_004011f0;0
CDSChained;0047f8e0;;1;0042ac90;CDSChain::FUN_0042ac90;0
CDSChained;0047f8e0;;2;0041aa40;CDSChain::FUN_0041aa40;0
CDSChained;0047f8e0;;3;00433dc0;CDSChained::FUN_00433dc0;0
CDSChained;0047f8e0;;4;00438340;CDSChained::CDSView_NoOpStub;0
CDSChained;0047f8e0;;5;00438340;CDSChained::CDSView_NoOpStub;0
CDSChained;0047f8fc;;0;004032c0;CDSChained::FUN_004032c0;0
CDSChained;0047f8fc;;1;00433dd0;CDSChained::FUN_00433dd0;0
CDSChained;0047f8fc;;2;004245c0;CDSChained::CDSObject_ReleaseViaVtable;0
CDSCollection;0047f6e4;;0;004011f0;CDSChain::FUN_004011f0;0
CDSCollection;0047f6e4;;1;0042ac90;CDSChain::FUN_0042ac90;0
CDSCollection;0047f6e4;;2;0041aa40;CDSChain::FUN_0041aa40;0
CDSCollection;0047f6e4;;3;00401270;CDSCollection::FUN_00401270;0
CDSCollection;0047f6e4;;4;00431360;CDSCollection::FUN_00431360;0
CDSCollection;0047f6e4;;5;00431210;CDSCollection::FUN_00431210;0
CDSCollection;0047f700;;0;00401230;CDSCollection::FUN_00401230;0
CDSCollection;0047f700;;1;00401240;CDSCollection::FUN_00401240;0
CDSCollection;0047f700;;2;004245c0;CDSCollection::CDSObject_ReleaseViaVtable;0
CDSDirectPlay;004877e4;;0;0043b2d0;CDSDirectPlay::FUN_0043b2d0;0
CDSDirectPlay;004877e4;;1;0043b600;CDSDirectPlay::CDSDirectPlay_scalar_deleting_dtor;0
CDSDirectPlay;004877e4;;2;004245c0;CDSDirectPlay::CDSObject_ReleaseViaVtable;0
CDSDirectPlay;004877e4;;3;00434b10;CItemInfo::FUN_00434b10;0
CDSDirectPlaySender;004877bc;;0;0043b120;CDSDirectPlaySender::FUN_0043b120;0
CDSDirectPlaySender;004877bc;;1;0042ac90;CDSChain::FUN_0042ac90;0
CDSDirectPlaySender;004877bc;;2;0041aa40;CDSChain::FUN_0041aa40;0
CDSDirectPlaySender;004877bc;;3;0043b140;CDSDirectPlaySender::FUN_0043b140;0
CDSDirectPlaySender;004877bc;;4;0043ad20;CDSDirectPlaySender::CDSDirectPlaySender_ThreadEntry;0
CDSDirectPlaySender;004877d4;;0;0043b130;CDSDirectPlaySender::FUN_0043b130;0
CDSDirectPlaySender;004877d4;;1;0043b530;CDSDirectPlaySender::CDSDirectPlaySender_scalar_deleting_dtor;0
CDSDirectPlaySender;004877d4;;2;004245c0;CDSDirectPlaySender::CDSObject_ReleaseViaVtable;0
CDSDirectSound;004894cc;;0;0043b120;CDSDirectPlaySender::FUN_0043b120;0
CDSDirectSound;004894cc;;1;00432900;CDSDirectSound::CDSFlxFile_Sub20ChainOp;0
CDSDirectSound;004894cc;;2;0043ca70;CDSDirectSound::FUN_0043ca70;0
CDSDirectSound;004894cc;;3;0043ca60;CDSDirectSound::FUN_0043ca60;0
CDSDirectSound;004894cc;;4;0043cd00;CDSDirectSound::FUN_0043cd00;0
CDSDirectSound;004894e4;;0;00402880;CBulanci::FUN_00402880;0
CDSDirectSound;004894e4;;1;00428e20;CGame::FUN_00428e20;0
CDSDirectSound;004894e4;;2;0043ca40;CGame::FUN_0043ca40;0
CDSDirectSound;004894e4;;3;0043ca80;CDSDirectSound::FUN_0043ca80;0
CDSDirectSound;004894e4;;4;0043cdc0;CDSDirectSound::FUN_0043cdc0;0
CDSDirectSound;004894fc;;0;004034d0;CScroller::FUN_004034d0;0
CDSDirectSound;004894fc;;1;0042ac90;CDSChain::FUN_0042ac90;0
CDSDirectSound;004894fc;;2;0041aa40;CDSChain::FUN_0041aa40;0
CDSDirectSound;004894fc;;3;0043ca50;CDSDirectSound::FUN_0043ca50;0
CDSDirectSound;004894fc;;4;0043ccb0;CDSDirectSound::FUN_0043ccb0;0
CDSDirectSound;00489514;;0;0043c8a0;CDSDirectSound::FUN_0043c8a0;0
CDSDirectSound;00489514;;1;0043cb00;CDSDirectSound::FUN_0043cb00;0
CDSDirectSound;00489514;;2;004245c0;CDSDirectSound::CDSObject_ReleaseViaVtable;0
CDSDirectXException;00489474;;0;0043b750;CDSDirectXException::FUN_0043b750;0
CDSDirectXException;00489474;;1;0043b930;CDSDirectXException::FUN_0043b930;0
CDSDirectXException;00489474;;2;0042fff0;CDSException::FUN_0042fff0;0
CDSDirectXException;00489474;;3;0043b7c0;CDSDirectXException::FUN_0043b7c0;0
CDSDirectXException;00489474;;4;00434b10;CItemInfo::FUN_00434b10;0
CDSDsmFile;00486dfc;;0;00409470;CDSDsmFile::GetResourceName;0
CDSDsmFile;00486dfc;;1;00433010;CDSDsmFile::FUN_00433010;0
CDSDsmFile;00486dfc;;2;00428e80;CDSDsmFile::FUN_00428e80;0
CDSDsmFile;00486dfc;;3;00428e00;CDSDsmFile::FUN_00428e00;0
CDSDsmFile;00486dfc;;4;00409480;CDSDsmFile::AlwaysReturnsZero;0
CDSDsmFile;00486e14;;0;004011f0;CDSChain::FUN_004011f0;0
CDSDsmFile;00486e14;;1;00428e10;CDSDsmFile::FUN_00428e10;0
CDSDsmFile;00486e14;;2;00428eb0;CDSDsmFile::FUN_00428eb0;0
CDSDsmFile;00486e14;;3;00428de0;CDSDsmFile::FUN_00428de0;0
CDSDsmFile;00486e14;;4;00428f80;CDSDsmFile::HandleOpenStream;0
CDSDsmFile;00486e14;;5;00438340;CDSDsmFile::CDSView_NoOpStub;0
CDSDsmFile;00486e30;;0;00401600;CDSFileStream::FUN_00401600;0
CDSDsmFile;00486e30;;1;00428dd0;CDSWavStream::FUN_00428dd0;0
CDSDsmFile;00486e30;;2;00428ea0;CDSDsmFile::FUN_00428ea0;0
CDSDsmFile;00486e30;;3;00428dc0;CDSDsmFile::FUN_00428dc0;0
CDSDsmFile;00486e44;;0;0041a510;CDSWav::FUN_0041a510;0
CDSDsmFile;00486e44;;1;00428e20;CGame::FUN_00428e20;0
CDSDsmFile;00486e44;;2;00428e70;CDSDsmFile::FUN_00428e70;0
CDSDsmFile;00486e44;;3;00428df0;CDSDsmFile::FUN_00428df0;0
CDSDsmFile;00486e44;;4;00467430;CDSDsmFile::CDSApp_PreCreateHook;0
CDSDsmFile;00486e44;;5;00429190;CDSDsmFile::HandleAcquireReadThunk;0
CDSDsmFile;00486e44;;6;00428ad0;CDSDsmFile::HandleResourceRead;0
CDSDsmFile;00486e44;;7;00429080;CDSDsmFile::HandleReleaseReadThunk;0
CDSDsmFile;00486e68;;0;00428da0;CDSDsmFile::GetClassMetaA;0
CDSDsmFile;00486e68;;1;0042ac90;CDSChain::FUN_0042ac90;0
CDSDsmFile;00486e68;;2;00428e90;CDSDsmFile::FUN_00428e90;0
CDSDsmFile;00486e68;;3;00428e30;CDSDsmFile::FUN_00428e30;0
CDSDsmFile;00486e68;;4;00467430;CDSDsmFile::CDSApp_PreCreateHook;0
CDSDsmFile;00486e68;;5;004291b0;CDSDsmFile::HandleAcquireWriteThunk;0
CDSDsmFile;00486e68;;6;00416770;CDSDsmFile::CDSView_OnMouseStub;0
CDSDsmFile;00486e68;;7;00428c40;CDSDsmFile::HandleRecordRead;0
CDSDsmFile;00486e68;;8;004290a0;CDSDsmFile::HandleReleaseWriteThunk;0
CDSDsmFile;00486e68;;9;00439ac0;CDSDsmFile::InitializeChildObject;0
CDSDsmFile;00486e94;;0;00428db0;CDSDsmFile::GetClassRegistry;0
CDSDsmFile;00486e94;;1;00429060;CDSDsmFile::HandleScalarDelete;0
CDSDsmFile;00486e94;;2;00428e40;CDSDsmFile::HandleRefcountRelease;0
CDSEasyMemStream;004803dc;;0;00401620;CDSFileStream::FUN_00401620;0
CDSEasyMemStream;004803dc;;1;00409450;CDSFileStream::FUN_00409450;0
CDSEasyMemStream;004803dc;;2;00409490;CDSFileStream::FUN_00409490;0
CDSEasyMemStream;004803dc;;3;00409250;CDSEasyMemStream::FUN_00409250;0
CDSEasyMemStream;004803dc;;4;004307f0;CDSEasyMemStream::ReadBytes;0
CDSEasyMemStream;004803dc;;5;004308c0;CDSEasyMemStream::WriteBytes;0
CDSEasyMemStream;004803dc;;6;00467430;CDSEasyMemStream::CDSApp_PreCreateHook;0
CDSEasyMemStream;004803dc;;7;00409220;CDSEasyMemStream::GetSize;0
CDSEasyMemStream;004803dc;;8;00409230;CDSEasyMemStream::TellPosition;0
CDSEasyMemStream;004803dc;;9;004309f0;CDSEasyMemStream::SetStreamSize;0
CDSEasyMemStream;004803dc;;10;00430980;CDSEasyMemStream::SeekPosition;0
CDSEasyMemStream;004803dc;;11;00430db0;CDSEasyMemStream::LockRegion;0
CDSEasyMemStream;004803dc;;12;00430dc0;CDSEasyMemStream::UnlockRegion;0
CDSEasyMemStream;004803dc;;13;00430a40;CDSEasyMemStream::GetStreamName;0
CDSEasyMemStream;004803dc;;14;00409200;CDSEasyMemStream::CloseStream;0
CDSEasyMemStream;0048041c;;0;00401600;CDSFileStream::FUN_00401600;0
CDSEasyMemStream;0048041c;;1;0042ac90;CDSChain::FUN_0042ac90;0
CDSEasyMemStream;0048041c;;2;00409260;CDSFileStream::FUN_00409260;0
CDSEasyMemStream;0048041c;;3;00409240;CDSEasyMemStream::FUN_00409240;0
CDSEasyMemStream;00480430;;0;004091f0;CDSEasyMemStream::FUN_004091f0;0
CDSEasyMemStream;00480430;;1;004092f0;CDSEasyMemStream::FUN_004092f0;0
CDSEasyMemStream;00480430;;2;00401660;CDSFileStream::FUN_00401660;0
CDSException;00487520;;0;00434a30;CDSException::FUN_00434a30;0
CDSException;00487520;;1;00434ae0;CDSException::FUN_00434ae0;0
CDSException;00487520;;2;0042fff0;CDSException::FUN_0042fff0;0
CDSException;00487520;;3;00448a6d;CDSException::__purecall;1
CDSFileStream;0047f710;;0;00401610;CDSFileStream::FUN_00401610;0
CDSFileStream;0047f710;;1;00429300;CDSFileStream::FUN_00429300;0
CDSFileStream;0047f710;;2;00409970;CDSFileStream::FUN_00409970;0
CDSFileStream;0047f710;;3;00401690;CDSFileStream::FUN_00401690;0
CDSFileStream;0047f710;;4;004338d0;CDSFileStream::FUN_004338d0;0
CDSFileStream;0047f72c;;0;00401620;CDSFileStream::FUN_00401620;0
CDSFileStream;0047f72c;;1;00409450;CDSFileStream::FUN_00409450;0
CDSFileStream;0047f72c;;2;00409490;CDSFileStream::FUN_00409490;0
CDSFileStream;0047f72c;;3;004016b0;CDSFileStream::ScalarDeletingDtor;0
CDSFileStream;0047f72c;;4;00433400;CDSFileStream::ReadBytes;0
CDSFileStream;0047f72c;;5;00433470;CDSFileStream::WriteBytes;0
CDSFileStream;0047f72c;;6;00433720;CDSFileStream::FlushStream;0
CDSFileStream;0047f72c;;7;00433660;CDSFileStream::GetSize;0
CDSFileStream;0047f72c;;8;004336c0;CDSFileStream::TellPosition;0
CDSFileStream;0047f72c;;9;004335e0;CDSFileStream::SetStreamSize;0
CDSFileStream;0047f72c;;10;00433560;CDSFileStream::SeekPosition;0
CDSFileStream;0047f72c;;11;004334c0;CDSFileStream::LockRegion;0
CDSFileStream;0047f72c;;12;00433510;CDSFileStream::UnlockRegion;0
CDSFileStream;0047f72c;;13;00401740;CDSFileStream::GetStreamName;0
CDSFileStream;0047f72c;;14;00401640;CDSFileStream::CloseStream;0
CDSFileStream;0047f76c;;0;00401600;CDSFileStream::FUN_00401600;0
CDSFileStream;0047f76c;;1;0042ac90;CDSChain::FUN_0042ac90;0
CDSFileStream;0047f76c;;2;00409260;CDSFileStream::FUN_00409260;0
CDSFileStream;0047f76c;;3;004016a0;CDSFileStream::FUN_004016a0;0
CDSFileStream;0047f780;;0;00401630;CDSFileStream::FUN_00401630;0
CDSFileStream;0047f780;;1;00401770;CDSFileStream::FUN_00401770;0
CDSFileStream;0047f780;;2;00401660;CDSFileStream::FUN_00401660;0
CDSFilterStream;004870e4;;0;00401610;CDSFileStream::FUN_00401610;0
CDSFilterStream;004870e4;;1;00429300;CDSFileStream::FUN_00429300;0
CDSFilterStream;004870e4;;2;00409970;CDSFileStream::FUN_00409970;0
CDSFilterStream;004870e4;;3;004300a0;CDSFilterStream::FUN_004300a0;0
CDSFilterStream;004870e4;;4;00430f40;CDSFilterStream::FUN_00430f40;0
CDSFilterStream;004870fc;;0;00401620;CDSFileStream::FUN_00401620;0
CDSFilterStream;004870fc;;1;00409450;CDSFileStream::FUN_00409450;0
CDSFilterStream;004870fc;;2;00409490;CDSFileStream::FUN_00409490;0
CDSFilterStream;004870fc;;3;004300c0;CDSFilterStream::FUN_004300c0;0
CDSFilterStream;004870fc;;4;00430420;CDSFilterStream::ReadBytes;0
CDSFilterStream;004870fc;;5;00430490;CDSFilterStream::WriteBytes;0
CDSFilterStream;004870fc;;6;0042ff90;CDSFilterStream::FlushStream;0
CDSFilterStream;004870fc;;7;0042ffa0;CDSFilterStream::GetSize;0
CDSFilterStream;004870fc;;8;00430090;CDSFilterStream::TellPosition;0
CDSFilterStream;004870fc;;9;00430d00;CDSFilterStream::SetStreamSize;0
CDSFilterStream;004870fc;;10;00430500;CDSFilterStream::SeekPosition;0
CDSFilterStream;004870fc;;11;004305c0;CDSFilterStream::LockRegion;0
CDSFilterStream;004870fc;;12;00430640;CDSFilterStream::UnlockRegion;0
CDSFilterStream;004870fc;;13;004300d0;CDSFilterStream::GetStreamName;0
CDSFilterStream;004870fc;;14;00430c10;CDSFilterStream::CloseStream;0
CDSFilterStream;0048713c;;0;00401600;CDSFileStream::FUN_00401600;0
CDSFilterStream;0048713c;;1;0042ac90;CDSChain::FUN_0042ac90;0
CDSFilterStream;0048713c;;2;00409260;CDSFileStream::FUN_00409260;0
CDSFilterStream;0048713c;;3;004300b0;CDSFilterStream::FUN_004300b0;0
CDSFilterStream;00487150;;0;00430080;CDSFilterStream::FUN_00430080;0
CDSFilterStream;00487150;;1;00430c30;CDSFilterStream::FUN_00430c30;0
CDSFilterStream;00487150;;2;00401660;CDSFileStream::FUN_00401660;0
CDSFlxFile;0048725c;;0;00409470;CDSFlxFile::GetResourceName;0
CDSFlxFile;0048725c;;1;00432930;CDSFlxFile::CDSFlxFile_Sub24ChainOp;0
CDSFlxFile;0048725c;;2;004329b0;CDSFlxFile::CDSFlxFile_Sub28Release;0
CDSFlxFile;0048725c;;3;00432940;CDSFlxFile::CDSFlxFile_Sub28Dtor;0
CDSFlxFile;0048725c;;4;00409480;CDSFlxFile::AlwaysReturnsZero;0
CDSFlxFile;00487274;;0;004011f0;CDSChain::FUN_004011f0;0
CDSFlxFile;00487274;;1;00432900;CDSFlxFile::CDSFlxFile_Sub20ChainOp;0
CDSFlxFile;00487274;;2;004329a0;CDSFlxFile::CDSFlxFile_Sub24Release;0
CDSFlxFile;00487274;;3;00432920;CDSFlxFile::CDSFlxFile_Sub24Dtor;0
CDSFlxFile;00487274;;4;00432ac0;CDSFlxFile::CDSFlxFile_BindStream;0
CDSFlxFile;00487274;;5;00438340;CDSFlxFile::CDSView_NoOpStub;0
CDSFlxFile;00487290;;0;00401600;CDSFileStream::FUN_00401600;0
CDSFlxFile;00487290;;1;00428e20;CGame::FUN_00428e20;0
CDSFlxFile;00487290;;2;00432980;CDSFlxFile::CDSFlxFile_Sub1cRelease;0
CDSFlxFile;00487290;;3;004328f0;CDSFlxFile::CDSFlxFile_Sub1cDtor;0
CDSFlxFile;004872a4;;0;00428da0;CDSFlxFile::GetClassMetaA;0
CDSFlxFile;004872a4;;1;0042ac90;CDSChain::FUN_0042ac90;0
CDSFlxFile;004872a4;;2;00432990;CDSFlxFile::CDSFlxFile_Sub04Release;0
CDSFlxFile;004872a4;;3;00432910;CDSFlxFile::CDSFlxFile_Sub04Dtor;0
CDSFlxFile;004872a4;;4;00432b60;CDSFlxFile::CDSFlxFile_CloseStream;0
CDSFlxFile;004872a4;;5;0043b950;CDSWav::FUN_0043b950;0
CDSFlxFile;004872a4;;6;00432840;CDSFlxFile::ResetCursor;0
CDSFlxFile;004872a4;;7;00432c60;CDSFlxFile::DecodeFrame;0
CDSFlxFile;004872a4;;8;00438340;CDSFlxFile::CDSView_NoOpStub;0
CDSFlxFile;004872a4;;9;00432be0;CDSFlxFile::CreateBoundClone;0
CDSFlxFile;004872d0;;0;004328e0;CDSFlxFile::GetClassRegistry;0
CDSFlxFile;004872d0;;1;00432aa0;CDSFlxFile::ScalarDeletingDtor;0
CDSFlxFile;004872d0;;2;00432950;CDSFlxFile::ReleaseRef;0
CDSFont;004875c4;;0;00409470;CDSFont::GetResourceName;0
CDSFont;004875c4;;1;004322d0;CDSImage::FUN_004322d0;0
CDSFont;004875c4;;2;00432320;CDSImage::FUN_00432320;0
CDSFont;004875c4;;3;00437530;CDSImage::FUN_00437530;0
CDSFont;004875c4;;4;00409480;CDSFont::AlwaysReturnsZero;0
CDSFont;004875dc;;0;004011f0;CDSChain::FUN_004011f0;0
CDSFont;004875dc;;1;00425600;CDSImage::FUN_00425600;0
CDSFont;004875dc;;2;00431dd0;CDSImage::FUN_00431dd0;0
CDSFont;004875dc;;3;00437520;CDSImage::FUN_00437520;0
CDSFont;004875dc;;4;004372b0;CDSFont::CDSFont::Read;0
CDSFont;004875dc;;5;004372f0;CDSFont::CDSFont::ReadNoAlloc;0
CDSFont;004875f8;;0;00401600;CDSFileStream::FUN_00401600;0
CDSFont;004875f8;;1;00431d90;CDSImage::FUN_00431d90;0
CDSFont;004875f8;;2;00437550;CDSImage::FUN_00437550;0
CDSFont;004875f8;;3;00437540;CDSImage::FUN_00437540;0
CDSFont;0048760c;;0;004255e0;CDSImage::FUN_004255e0;0
CDSFont;0048760c;;1;0042ac90;CDSChain::FUN_0042ac90;0
CDSFont;0048760c;;2;00431dc0;CDSImage::FUN_00431dc0;0
CDSFont;0048760c;;3;00425610;CDSImage::FUN_00425610;0
CDSFont;00487620;;0;00437510;CDSFont::FUN_00437510;0
CDSFont;00487620;;1;004375c0;CDSImage::FUN_004375c0;0
CDSFont;00487620;;2;004322f0;CDSImage::FUN_004322f0;0
CDSGZipStream;0048057c;;0;00401610;CDSFileStream::FUN_00401610;0
CDSGZipStream;0048057c;;1;00429300;CDSFileStream::FUN_00429300;0
CDSGZipStream;0048057c;;2;00409970;CDSFileStream::FUN_00409970;0
CDSGZipStream;0048057c;;3;004099a0;CDSGZipStream::FUN_004099a0;0
CDSGZipStream;0048057c;;4;00435ba0;CDSGZipStream::FUN_00435ba0;0
CDSGZipStream;00480594;;0;00401620;CDSFileStream::FUN_00401620;0
CDSGZipStream;00480594;;1;00409450;CDSFileStream::FUN_00409450;0
CDSGZipStream;00480594;;2;00409490;CDSFileStream::FUN_00409490;0
CDSGZipStream;00480594;;3;00409990;CDSGZipStream::FUN_00409990;0
CDSGZipStream;00480594;;4;00435220;CDSGZipStream::ReadBytes;0
CDSGZipStream;00480594;;5;004352e0;CDSGZipStream::WriteBytes;0
CDSGZipStream;00480594;;6;00446c10;CDSGZipStream::FlushStream;0
CDSGZipStream;00480594;;7;00435360;CDSGZipStream::GetSize;0
CDSGZipStream;00480594;;8;00435390;CDSGZipStream::TellPosition;0
CDSGZipStream;00480594;;9;00446c20;CDSGZipStream::SetStreamSize;0
CDSGZipStream;00480594;;10;004353c0;CDSGZipStream::SeekPosition;0
CDSGZipStream;00480594;;11;0043bff0;CDSGZipStream::FUN_0043bff0;0
CDSGZipStream;00480594;;12;00434f90;CDSGZipStream::FUN_00434f90;0
CDSGZipStream;00480594;;13;004099b0;CDSGZipStream::GetStreamName;0
CDSGZipStream;00480594;;14;00409030;CDSGZipStream::CloseStream;0
CDSGZipStream;004805d4;;0;00401600;CDSFileStream::FUN_00401600;0
CDSGZipStream;004805d4;;1;0042ac90;CDSChain::FUN_0042ac90;0
CDSGZipStream;004805d4;;2;00409260;CDSFileStream::FUN_00409260;0
CDSGZipStream;004805d4;;3;00409980;CDSGZipStream::FUN_00409980;0
CDSGZipStream;004805e8;;0;00409960;CDSGZipStream::FUN_00409960;0
CDSGZipStream;004805e8;;1;004099d0;CDSGZipStream::FUN_004099d0;0
CDSGZipStream;004805e8;;2;00401660;CDSFileStream::FUN_00401660;0
CDSGZipStreamData;004875a0;;0;00401600;CDSFileStream::FUN_00401600;0
CDSGZipStreamData;004875a0;;1;0042ac90;CDSChain::FUN_0042ac90;0
CDSGZipStreamData;004875a0;;2;00409260;CDSFileStream::FUN_00409260;0
CDSGZipStreamData;004875a0;;3;00434fb0;CDSGZipStreamData::FUN_00434fb0;0
CDSGZipStreamData;004875b4;;0;00434fa0;CDSGZipStreamData::FUN_00434fa0;0
CDSGZipStreamData;004875b4;;1;00435030;CDSGZipStreamData::FUN_00435030;0
CDSGZipStreamData;004875b4;;2;00401660;CDSFileStream::FUN_00401660;0
CDSImage;00483728;;0;00409470;CDSImage::GetResourceName;0
CDSImage;00483728;;1;004322d0;CDSImage::FUN_004322d0;0
CDSImage;00483728;;2;00432320;CDSImage::FUN_00432320;0
CDSImage;00483728;;3;00437530;CDSImage::FUN_00437530;0
CDSImage;00483728;;4;00409480;CDSImage::AlwaysReturnsZero;0
CDSImage;00483740;;0;004011f0;CDSChain::FUN_004011f0;0
CDSImage;00483740;;1;00425600;CDSImage::FUN_00425600;0
CDSImage;00483740;;2;00431dd0;CDSImage::FUN_00431dd0;0
CDSImage;00483740;;3;00437520;CDSImage::FUN_00437520;0
CDSImage;00483740;;4;00437160;CDSImage::FUN_00437160;0
CDSImage;00483740;;5;00436c60;CDSImage::FUN_00436c60;0
CDSImage;0048375c;;0;00401600;CDSFileStream::FUN_00401600;0
CDSImage;0048375c;;1;00431d90;CDSImage::FUN_00431d90;0
CDSImage;0048375c;;2;00437550;CDSImage::FUN_00437550;0
CDSImage;0048375c;;3;00437540;CDSImage::FUN_00437540;0
CDSImage;00483770;;0;004255e0;CDSImage::FUN_004255e0;0
CDSImage;00483770;;1;0042ac90;CDSChain::FUN_0042ac90;0
CDSImage;00483770;;2;00431dc0;CDSImage::FUN_00431dc0;0
CDSImage;00483770;;3;00425610;CDSImage::FUN_00425610;0
CDSImage;00483784;;0;004255f0;CDSImage::FUN_004255f0;0
CDSImage;00483784;;1;004375c0;CDSImage::FUN_004375c0;0
CDSImage;00483784;;2;004322f0;CDSImage::FUN_004322f0;0
CDSImageMouse;00486f68;;0;00401600;CDSFileStream::FUN_00401600;0
CDSImageMouse;00486f68;;1;0042ac90;CDSChain::FUN_0042ac90;0
CDSImageMouse;00486f68;;2;00409260;CDSFileStream::FUN_00409260;0
CDSImageMouse;00486f68;;3;0042aca0;CDSImageMouse::FUN_0042aca0;0
CDSImageMouse;00486f7c;;0;0042ac80;CDSImageMouse::FUN_0042ac80;0
CDSImageMouse;00486f7c;;1;0042af60;CDSImageMouse::FUN_0042af60;0
CDSImageMouse;00486f7c;;2;00401660;CDSFileStream::FUN_00401660;0
CDSImageMouse;00486f7c;;3;00467430;CDSImageMouse::CDSApp_PreCreateHook;0
CDSImageMouse;00486f7c;;4;00467430;CDSImageMouse::CDSApp_PreCreateHook;0
CDSImageMouse;00486f7c;;5;0042b9a0;CDSImageMouse::FUN_0042b9a0;0
CDSImageMouse;00486f7c;;6;0042ba90;CDSImageMouse::FUN_0042ba90;0
CDSJpegImage;00487184;;0;00409470;CDSJpegImage::GetResourceName;0
CDSJpegImage;00487184;;1;004322d0;CDSImage::FUN_004322d0;0
CDSJpegImage;00487184;;2;00432320;CDSImage::FUN_00432320;0
CDSJpegImage;00487184;;3;00431db0;CDSJpegImage::FUN_00431db0;0
CDSJpegImage;00487184;;4;00431d60;CDSJpegImage::FUN_00431d60;0
CDSJpegImage;0048719c;;0;004011f0;CDSChain::FUN_004011f0;0
CDSJpegImage;0048719c;;1;00425600;CDSImage::FUN_00425600;0
CDSJpegImage;0048719c;;2;00431dd0;CDSImage::FUN_00431dd0;0
CDSJpegImage;0048719c;;3;00431da0;CDSJpegImage::FUN_00431da0;0
CDSJpegImage;0048719c;;4;00431cc0;CDSJpegImage::FUN_00431cc0;0
CDSJpegImage;0048719c;;5;00432030;CDSJpegImage::FUN_00432030;0
CDSJpegImage;004871b8;;0;00401600;CDSFileStream::FUN_00401600;0
CDSJpegImage;004871b8;;1;00431d90;CDSImage::FUN_00431d90;0
CDSJpegImage;004871b8;;2;00437550;CDSImage::FUN_00437550;0
CDSJpegImage;004871b8;;3;00431d80;CDSJpegImage::FUN_00431d80;0
CDSJpegImage;004871cc;;0;004255e0;CDSImage::FUN_004255e0;0
CDSJpegImage;004871cc;;1;0042ac90;CDSChain::FUN_0042ac90;0
CDSJpegImage;004871cc;;2;00431dc0;CDSImage::FUN_00431dc0;0
CDSJpegImage;004871cc;;3;00431d70;CDSJpegImage::FUN_00431d70;0
CDSJpegImage;004871e0;;0;00431d50;CDSJpegImage::FUN_00431d50;0
CDSJpegImage;004871e0;;1;00432090;CDSJpegImage::FUN_00432090;0
CDSJpegImage;004871e0;;2;004322f0;CDSImage::FUN_004322f0;0
CDSMemQueue;004894b8;;0;0043c3c0;CDSMemQueue::FUN_0043c3c0;0
CDSMemQueue;004894b8;;1;0043c570;CDSMemQueue::FUN_0043c570;0
CDSMemQueue;004894b8;;2;004245c0;CDSMemQueue::CDSObject_ReleaseViaVtable;0
CDSMemQueue;004894b8;;3;00434b10;CItemInfo::FUN_00434b10;0
CDSMemoryException;00487534;;0;00434a90;CDSMemoryException::FUN_00434a90;0
CDSMemoryException;00487534;;1;00434ae0;CDSException::FUN_00434ae0;0
CDSMemoryException;00487534;;2;0042fff0;CDSException::FUN_0042fff0;0
CDSMemoryException;00487534;;3;004349c0;CDSMemoryException::FUN_004349c0;0
CDSMemoryException;00487534;;4;00434b10;CItemInfo::FUN_00434b10;0
CDSMouse;00483548;;0;00401600;CDSFileStream::FUN_00401600;0
CDSMouse;00483548;;1;0042ac90;CDSChain::FUN_0042ac90;0
CDSMouse;00483548;;2;00409260;CDSFileStream::FUN_00409260;0
CDSMouse;00483548;;3;00423b20;CDSMouse::FUN_00423b20;0
CDSMouse;0048355c;;0;00423b10;CDSMouse::FUN_00423b10;0
CDSMouse;0048355c;;1;00434ae0;CDSException::FUN_00434ae0;0
CDSMouse;0048355c;;2;00401660;CDSFileStream::FUN_00401660;0
CDSMouse;0048355c;;3;00467430;CDSMouse::CDSApp_PreCreateHook;0
CDSMouse;0048355c;;4;00467430;CDSMouse::CDSApp_PreCreateHook;0
CDSMouse;0048355c;;5;00467430;CDSMouse::CDSApp_PreCreateHook;0
CDSMouse;0048355c;;6;00467430;CDSMouse::CDSApp_PreCreateHook;0
CDSMpx;004872e0;;0;00401600;CDSFileStream::FUN_00401600;0
CDSMpx;004872e0;;1;004049d0;CBulanci::FUN_004049d0;0
CDSMpx;004872e0;;2;00433070;CDSWav::FUN_00433070;0
CDSMpx;004872e0;;3;00432f30;CDSMpx::FUN_00432f30;0
CDSMpx;004872f4;;0;0041a510;CDSWav::FUN_0041a510;0
CDSMpx;004872f4;;1;0042ac90;CDSChain::FUN_0042ac90;0
CDSMpx;004872f4;;2;004330a0;CDSWav::FUN_004330a0;0
CDSMpx;004872f4;;3;00432f20;CDSMpx::FUN_00432f20;0
CDSMpx;004872f4;;4;00446b90;CDSMpx::ResolveResource;0
CDSMpx;004872f4;;5;00446b00;CDSMpx::CreateFromHandle;0
CDSMpx;004872f4;;6;004469a0;CDSMpx::ForwardReadPcmToInstance;0
CDSMpx;004872f4;;7;004466a0;CDSMpx::FUN_004466a0;0
CDSMpx;00487318;;0;00432f10;CDSMpx::FUN_00432f10;0
CDSMpx;00487318;;1;00432fc0;CDSMpx::FUN_00432fc0;0
CDSMpx;00487318;;2;00433040;CDSWav::FUN_00433040;0
CDSMpxDecoder;00489524;;0;00446930;CDSMpxDecoder::FUN_00446930;0
CDSMpxDecoder;00489524;;1;00446ae0;CDSMpxDecoder::FUN_00446ae0;0
CDSMpxDecoder;00489524;;2;004245c0;CDSMpxDecoder::CDSObject_ReleaseViaVtable;0
CDSMpxStream;00487328;;0;00409470;CDSMpxStream::GetResourceName;0
CDSMpxStream;00487328;;1;00433010;CDSDsmFile::FUN_00433010;0
CDSMpxStream;00487328;;2;00433090;CDSMpxStream::FUN_00433090;0
CDSMpxStream;00487328;;3;00433020;CDSMpxStream::FUN_00433020;0
CDSMpxStream;00487328;;4;00409480;CDSMpxStream::AlwaysReturnsZero;0
CDSMpxStream;00487340;;0;004011f0;CDSChain::FUN_004011f0;0
CDSMpxStream;00487340;;1;00428e10;CDSDsmFile::FUN_00428e10;0
CDSMpxStream;00487340;;2;00433080;CDSMpxStream::FUN_00433080;0
CDSMpxStream;00487340;;3;00433000;CDSMpxStream::FUN_00433000;0
CDSMpxStream;00487340;;4;00433180;CDSMpxStream::LoadMpxFile;0
CDSMpxStream;00487340;;5;00432eb0;CDSMpxStream::SaveMpxFile;0
CDSMpxStream;0048735c;;0;00401600;CDSFileStream::FUN_00401600;0
CDSMpxStream;0048735c;;1;004049d0;CBulanci::FUN_004049d0;0
CDSMpxStream;0048735c;;2;00433070;CDSWav::FUN_00433070;0
CDSMpxStream;0048735c;;3;00432ff0;CDSMpxStream::FUN_00432ff0;0
CDSMpxStream;00487370;;0;0041a510;CDSWav::FUN_0041a510;0
CDSMpxStream;00487370;;1;0042ac90;CDSChain::FUN_0042ac90;0
CDSMpxStream;00487370;;2;004330a0;CDSWav::FUN_004330a0;0
CDSMpxStream;00487370;;3;00433030;CDSMpxStream::FUN_00433030;0
CDSMpxStream;00487370;;4;00446b90;CDSMpx::ResolveResource;0
CDSMpxStream;00487370;;5;00446b00;CDSMpx::CreateFromHandle;0
CDSMpxStream;00487370;;6;004469a0;CDSMpx::ForwardReadPcmToInstance;0
CDSMpxStream;00487370;;7;004466a0;CDSMpx::FUN_004466a0;0
CDSMpxStream;00487394;;0;00432fe0;CDSMpxStream::FUN_00432fe0;0
CDSMpxStream;00487394;;1;00433160;CDSMpxStream::FUN_00433160;0
CDSMpxStream;00487394;;2;00433040;CDSWav::FUN_00433040;0
CDSObject;0047f6a8;;0;004011e0;CDSObject::CDSObject_GetClassTable;0
CDSObject;0047f6a8;;1;00434ae0;CDSException::FUN_00434ae0;0
CDSObject;0047f6a8;;2;004245c0;CDSObject::CDSObject_ReleaseViaVtable;0
CDSQueueStream;00486d94;;0;00401600;CDSFileStream::FUN_00401600;0
CDSQueueStream;00486d94;;1;00409450;CDSFileStream::FUN_00409450;0
CDSQueueStream;00486d94;;2;00433d60;CDSQueueStream::FUN_00433d60;0
CDSQueueStream;00486d94;;3;00428a30;CDSQueueStream::FUN_00428a30;0
CDSQueueStream;00486dac;;0;00401620;CDSFileStream::FUN_00401620;0
CDSQueueStream;00486dac;;1;0042ac90;CDSChain::FUN_0042ac90;0
CDSQueueStream;00486dac;;2;00428d30;CDSQueueStream::FUN_00428d30;0
CDSQueueStream;00486dac;;3;00428a40;CDSQueueStream::FUN_00428a40;0
CDSQueueStream;00486dac;;4;0043c000;CDSQueueStream::ReadBytes;0
CDSQueueStream;00486dac;;5;0043c0b0;CDSQueueStream::WriteBytes;0
CDSQueueStream;00486dac;;6;00467430;CDSQueueStream::CDSApp_PreCreateHook;0
CDSQueueStream;00486dac;;7;0043beb0;CDSQueueStream::GetSize;0
CDSQueueStream;00486dac;;8;0043bee0;CDSQueueStream::TellPosition;0
CDSQueueStream;00486dac;;9;0043bf10;CDSQueueStream::SetStreamSize;0
CDSQueueStream;00486dac;;10;0043bf80;CDSQueueStream::SeekPosition;0
CDSQueueStream;00486dac;;11;0043bff0;CDSGZipStream::FUN_0043bff0;0
CDSQueueStream;00486dac;;12;00434f90;CDSGZipStream::FUN_00434f90;0
CDSQueueStream;00486dac;;13;0043c1a0;CDSQueueStream::GetStreamName;0
CDSQueueStream;00486dac;;14;00428960;CDSQueueStream::CloseStream;0
CDSQueueStream;00486dec;;0;00428a20;CDSQueueStream::FUN_00428a20;0
CDSQueueStream;00486dec;;1;00428ab0;CDSQueueStream::FUN_00428ab0;0
CDSQueueStream;00486dec;;2;00433c60;CDSQueueStream::FUN_00433c60;0
CDSRegKeyException;00487630;;0;00437b20;CDSRegKeyException::FUN_00437b20;0
CDSRegKeyException;00487630;;1;00438140;CDSRegKeyException::FUN_00438140;0
CDSRegKeyException;00487630;;2;0042fff0;CDSException::FUN_0042fff0;0
CDSRegKeyException;00487630;;3;00437c40;CDSRegKeyException::FUN_00437c40;0
CDSRegKeyException;00487630;;4;00434b10;CItemInfo::FUN_00434b10;0
CDSResInfo;004873b0;;0;004011f0;CDSChain::FUN_004011f0;0
CDSResInfo;004873b0;;1;0042ac90;CDSChain::FUN_0042ac90;0
CDSResInfo;004873b0;;2;0041aa40;CDSChain::FUN_0041aa40;0
CDSResInfo;004873b0;;3;00433a00;CDSResInfo::FUN_00433a00;0
CDSResInfo;004873b0;;4;00434290;CDSResInfo::FUN_00434290;0
CDSResInfo;004873b0;;5;004342c0;CDSResInfo::FUN_004342c0;0
CDSResInfo;004873cc;;0;004339f0;CDSResInfo::FUN_004339f0;0
CDSResInfo;004873cc;;1;00433a70;CDSResInfo::FUN_00433a70;0
CDSResInfo;004873cc;;2;004245c0;CDSResInfo::CDSObject_ReleaseViaVtable;0
CDSResourceException;004874b0;;0;00434430;CDSResourceException::FUN_00434430;0
CDSResourceException;004874b0;;1;004348e0;CDSResourceException::FUN_004348e0;0
CDSResourceException;004874b0;;2;0042fff0;CDSException::FUN_0042fff0;0
CDSResourceException;004874b0;;3;00434350;CDSResourceException::FUN_00434350;0
CDSResourceException;004874b0;;4;00434b10;CItemInfo::FUN_00434b10;0
CDSResourceSign;004874c8;;0;00401600;CDSFileStream::FUN_00401600;0
CDSResourceSign;004874c8;;1;004049c0;CBulanci::FUN_004049c0;0
CDSResourceSign;004874c8;;2;00434660;CDSResourceSign::CDSResourceSign_Release_thunk_n0x10;0
CDSResourceSign;004874c8;;3;004345f0;CDSResourceSign::CDSResourceSign_scalar_deleting_dtor_thunk_n0x10;0
CDSResourceSign;004874dc;;0;00409470;CDSResourceSign::GetResourceName;0
CDSResourceSign;004874dc;;1;00434600;CDSStreamStorage::FUN_00434600;0
CDSResourceSign;004874dc;;2;00434650;CDSResourceSign::CDSResourceSign_Release_thunk_n0x8;0
CDSResourceSign;004874dc;;3;004345e0;CDSResourceSign::CDSResourceSign_scalar_deleting_dtor_thunk_n0x8;0
CDSResourceSign;004874dc;;4;00409480;CDSResourceSign::AlwaysReturnsZero;0
CDSResourceSign;004874f4;;0;004011f0;CDSChain::FUN_004011f0;0
CDSResourceSign;004874f4;;1;0042ac90;CDSChain::FUN_0042ac90;0
CDSResourceSign;004874f4;;2;00434640;CDSResourceSign::CDSResourceSign_Release_thunk_n0x4;0
CDSResourceSign;004874f4;;3;004345d0;CDSResourceSign::CDSResourceSign_scalar_deleting_dtor_thunk_n0x4;0
CDSResourceSign;004874f4;;4;004343a0;CDSResourceSign::CDSResourceSign_ReadFromStream;0
CDSResourceSign;004874f4;;5;00434310;CDSResourceSign::CDSResourceSign_WriteToStream;0
CDSResourceSign;00487510;;0;004345c0;CDSResourceSign::CDSResourceSign_GetClassData;0
CDSResourceSign;00487510;;1;004349a0;CDSResourceSign::CDSResourceSign_scalar_deleting_dtor;0
CDSResourceSign;00487510;;2;00434610;CDSResourceSign::CDSResourceSign_Release;0
CDSSafeStream;00487408;;0;00401610;CDSFileStream::FUN_00401610;0
CDSSafeStream;00487408;;1;00429300;CDSFileStream::FUN_00429300;0
CDSSafeStream;00487408;;2;00433d70;CDSSafeStream::FUN_00433d70;0
CDSSafeStream;00487408;;3;00433bb0;CDSSafeStream::FUN_00433bb0;0
CDSSafeStream;00487408;;4;00446ca0;CDSSafeStream::FUN_00446ca0;0
CDSSafeStream;00487420;;0;00401600;CDSFileStream::FUN_00401600;0
CDSSafeStream;00487420;;1;00409450;CDSFileStream::FUN_00409450;0
CDSSafeStream;00487420;;2;00433d60;CDSQueueStream::FUN_00433d60;0
CDSSafeStream;00487420;;3;00433ba0;CDSSafeStream::FUN_00433ba0;0
CDSSafeStream;00487434;;0;00401620;CDSFileStream::FUN_00401620;0
CDSSafeStream;00487434;;1;0042ac90;CDSChain::FUN_0042ac90;0
CDSSafeStream;00487434;;2;00428d30;CDSQueueStream::FUN_00428d30;0
CDSSafeStream;00487434;;3;00433b90;CDSSafeStream::FUN_00433b90;0
CDSSafeStream;00487434;;4;00446f90;CDSSafeStream::FUN_00446f90;0
CDSSafeStream;00487434;;5;00446c00;CDSSafeStream::FUN_00446c00;0
CDSSafeStream;00487434;;6;00446c10;CDSGZipStream::FlushStream;0
CDSSafeStream;00487434;;7;00447000;CDSSafeStream::FUN_00447000;0
CDSSafeStream;00487434;;8;00446fe0;CDSSafeStream::FUN_00446fe0;0
CDSSafeStream;00487434;;9;00446c20;CDSGZipStream::SetStreamSize;0
CDSSafeStream;00487434;;10;00446fb0;CDSSafeStream::FUN_00446fb0;0
CDSSafeStream;00487434;;11;0043bff0;CDSGZipStream::FUN_0043bff0;0
CDSSafeStream;00487434;;12;00434f90;CDSGZipStream::FUN_00434f90;0
CDSSafeStream;00487434;;13;00447020;CDSSafeStream::FUN_00447020;0
CDSSafeStream;00487434;;14;00433b70;CDSSafeStream::FUN_00433b70;0
CDSSafeStream;00487474;;0;00433b60;CDSSafeStream::FUN_00433b60;0
CDSSafeStream;00487474;;1;00433c90;CDSSafeStream::FUN_00433c90;0
CDSSafeStream;00487474;;2;00433c60;CDSQueueStream::FUN_00433c60;0
CDSSafeStreamInfo;00489534;;0;004011f0;CDSChain::FUN_004011f0;0
CDSSafeStreamInfo;00489534;;1;0042ac90;CDSChain::FUN_0042ac90;0
CDSSafeStreamInfo;00489534;;2;0041aa40;CDSChain::FUN_0041aa40;0
CDSSafeStreamInfo;00489534;;3;00446cc0;CDSSafeStreamInfo::FUN_00446cc0;0
CDSSafeStreamInfo;00489534;;4;00438340;CDSSafeStreamInfo::CDSView_NoOpStub;0
CDSSafeStreamInfo;00489534;;5;00438340;CDSSafeStreamInfo::CDSView_NoOpStub;0
CDSSafeStreamInfo;00489550;;0;00446cb0;CDSSafeStreamInfo::FUN_00446cb0;0
CDSSafeStreamInfo;00489550;;1;00447080;CDSSafeStreamInfo::FUN_00447080;0
CDSSafeStreamInfo;00489550;;2;004245c0;CDSSafeStreamInfo::CDSObject_ReleaseViaVtable;0
CDSScript;00487648;;0;004011f0;CDSChain::FUN_004011f0;0
CDSScript;00487648;;1;0042ac90;CDSChain::FUN_0042ac90;0
CDSScript;00487648;;2;0041aa40;CDSChain::FUN_0041aa40;0
CDSScript;00487648;;3;004383f0;CDSScript::FUN_004383f0;0
CDSScript;00487648;;4;00438e40;CLevelScript::FUN_00438e40;0
CDSScript;00487648;;5;00438340;CDSScript::CDSView_NoOpStub;0
CDSScript;00487664;;0;004383e0;CDSScript::FUN_004383e0;0
CDSScript;00487664;;1;00438c90;CDSScript::FUN_00438c90;0
CDSScript;00487664;;2;004245c0;CDSScript::CDSObject_ReleaseViaVtable;0
CDSSimpleException;0048754c;;0;00434ac0;CDSSimpleException::FUN_00434ac0;0
CDSSimpleException;0048754c;;1;00434ae0;CDSException::FUN_00434ae0;0
CDSSimpleException;0048754c;;2;0042fff0;CDSException::FUN_0042fff0;0
CDSSimpleException;0048754c;;3;00434ad0;CDSSimpleException::FUN_00434ad0;0
CDSSimpleException;0048754c;;4;00434b10;CItemInfo::FUN_00434b10;0
CDSStreamException;004870cc;;0;0042ffe0;CDSStreamException::FUN_0042ffe0;0
CDSStreamException;004870cc;;1;00430b20;CDSStreamException::FUN_00430b20;0
CDSStreamException;004870cc;;2;0042fff0;CDSException::FUN_0042fff0;0
CDSStreamException;004870cc;;3;00430360;CDSStreamException::FUN_00430360;0
CDSStreamException;004870cc;;4;00434b10;CItemInfo::FUN_00434b10;0
CDSStreamStorage;0047f790;;0;00401600;CDSFileStream::FUN_00401600;0
CDSStreamStorage;0047f790;;1;00434600;CDSStreamStorage::FUN_00434600;0
CDSStreamStorage;0047f790;;2;00401900;CDSStreamStorage::FUN_00401900;0
CDSStreamStorage;0047f790;;3;004018a0;CDSStreamStorage::FUN_004018a0;0
CDSStreamStorage;0047f7a4;;0;004018b0;CDSStreamStorage::FUN_004018b0;0
CDSStreamStorage;0047f7a4;;1;0042ac90;CDSChain::FUN_0042ac90;0
CDSStreamStorage;0047f7a4;;2;004018f0;CDSStreamStorage::FUN_004018f0;0
CDSStreamStorage;0047f7a4;;3;00401890;CDSStreamStorage::FUN_00401890;0
CDSStreamStorage;0047f7a4;;4;00434110;CDSStreamStorage::FUN_00434110;0
CDSStreamStorage;0047f7a4;;5;00434140;CDSStreamStorage::FUN_00434140;0
CDSStreamStorage;0047f7a4;;6;004339c0;CDSStreamStorage::FUN_004339c0;0
CDSStreamStorage;0047f7a4;;7;004339d0;CDSStreamStorage::FUN_004339d0;0
CDSStreamStorage;0047f7a4;;8;00401860;CDSStreamStorage::FUN_00401860;0
CDSStreamStorage;0047f7cc;;0;00401850;CDSStreamStorage::FUN_00401850;0
CDSStreamStorage;0047f7cc;;1;00401870;CDSStreamStorage::FUN_00401870;0
CDSStreamStorage;0047f7cc;;2;004018c0;CDSStreamStorage::FUN_004018c0;0
CDSStrmResInfo;004873dc;;0;004011f0;CDSChain::FUN_004011f0;0
CDSStrmResInfo;004873dc;;1;0042ac90;CDSChain::FUN_0042ac90;0
CDSStrmResInfo;004873dc;;2;0041aa40;CDSChain::FUN_0041aa40;0
CDSStrmResInfo;004873dc;;3;00433a00;CDSResInfo::FUN_00433a00;0
CDSStrmResInfo;004873dc;;4;00433940;CDSStrmResInfo::FUN_00433940;0
CDSStrmResInfo;004873dc;;5;00433980;CDSStrmResInfo::FUN_00433980;0
CDSStrmResInfo;004873f8;;0;00433a90;CDSStrmResInfo::FUN_00433a90;0
CDSStrmResInfo;004873f8;;1;00433a70;CDSResInfo::FUN_00433a70;0
CDSStrmResInfo;004873f8;;2;004245c0;CDSStrmResInfo::CDSObject_ReleaseViaVtable;0
CDSStrmStgLoadingInfo;00487484;;0;004011f0;CDSChain::FUN_004011f0;0
CDSStrmStgLoadingInfo;00487484;;1;0042ac90;CDSChain::FUN_0042ac90;0
CDSStrmStgLoadingInfo;00487484;;2;0041aa40;CDSChain::FUN_0041aa40;0
CDSStrmStgLoadingInfo;00487484;;3;00433dc0;CDSChained::FUN_00433dc0;0
CDSStrmStgLoadingInfo;00487484;;4;00438340;CDSStrmStgLoadingInfo::CDSView_NoOpStub;0
CDSStrmStgLoadingInfo;00487484;;5;00438340;CDSStrmStgLoadingInfo::CDSView_NoOpStub;0
CDSStrmStgLoadingInfo;004874a0;;0;00433db0;CDSStrmStgLoadingInfo::FUN_00433db0;0
CDSStrmStgLoadingInfo;004874a0;;1;00433dd0;CDSChained::FUN_00433dd0;0
CDSStrmStgLoadingInfo;004874a0;;2;004245c0;CDSStrmStgLoadingInfo::CDSObject_ReleaseViaVtable;0
CDSUpdatedItem;004870ac;;0;0042ea70;CDSUpdatedItem::FUN_0042ea70;0
CDSUpdatedItem;004870ac;;1;00434ae0;CDSException::FUN_00434ae0;0
CDSUpdatedItem;004870ac;;2;00467430;CDSUpdatedItem::CDSApp_PreCreateHook;0
CDSUpdatedItem;004870ac;;3;00434b10;CItemInfo::FUN_00434b10;0
CDSVideoPlayer;00487770;;0;004034d0;CScroller::FUN_004034d0;0
CDSVideoPlayer;00487770;;1;0042ac90;CDSChain::FUN_0042ac90;0
CDSVideoPlayer;00487770;;2;0041aa40;CDSChain::FUN_0041aa40;0
CDSVideoPlayer;00487770;;3;00439d20;CDSVideoPlayer::FUN_00439d20;0
CDSVideoPlayer;00487770;;4;00439b90;CDSVideoPlayer::FUN_00439b90;0
CDSVideoPlayer;00487788;;0;00439d10;CDSVideoPlayer::FUN_00439d10;0
CDSVideoPlayer;00487788;;1;00439fc0;CDSVideoPlayer::FUN_00439fc0;0
CDSVideoPlayer;00487788;;2;004245c0;CDSVideoPlayer::CDSObject_ReleaseViaVtable;0
CDSView;0047f90c;;0;00402890;CBulanci::FUN_00402890;0
CDSView;0047f90c;;1;004049d0;CBulanci::FUN_004049d0;0
CDSView;0047f90c;;2;00423db0;CDSView::FUN_00423db0;0
CDSView;0047f90c;;3;00421910;CDSView::FUN_00421910;0
CDSView;0047f920;;0;00402880;CBulanci::FUN_00402880;0
CDSView;0047f920;;1;004049c0;CBulanci::FUN_004049c0;0
CDSView;0047f920;;2;004034a0;CDSView::FUN_004034a0;0
CDSView;0047f920;;3;0040ad90;CDSView::FUN_0040ad90;0
CDSView;0047f920;;4;0042c040;CDSView::CDSView_DispatchEvent;0
CDSView;0047f938;;0;004011f0;CDSChain::FUN_004011f0;0
CDSView;0047f938;;1;0042ac90;CDSChain::FUN_0042ac90;0
CDSView;0047f938;;2;0041aa40;CDSChain::FUN_0041aa40;0
CDSView;0047f938;;3;00416f40;CDSView::FUN_00416f40;0
CDSView;0047f938;;4;00438340;CDSView::CDSView_NoOpStub;0
CDSView;0047f938;;5;00438340;CDSView::CDSView_NoOpStub;0
CDSView;0047f954;;0;00403390;CDSView::CDSView_GetClassTable;0
CDSView;0047f954;;1;0040ada0;CDSView::CDSView_DtorScalar;0
CDSView;0047f954;;2;004245c0;CDSView::CDSObject_ReleaseViaVtable;0
CDSView;0047f954;;3;0042c2e0;CDSView::CDSView_GetDataSize;0
CDSView;0047f954;;4;0042c320;CDSView::CDSView_SaveData;0
CDSView;0047f954;;5;0042c370;CDSView::CDSView_LoadData;0
CDSView;0047f954;;6;004033a0;CDSView::CDSView_GetDataKindStubZero;0
CDSView;0047f954;;7;004028a0;CDSView::CDSView_HitTest;0
CDSView;0047f954;;8;0042cae0;CDSView::CDSView_AdaptDisplaySize;0
CDSView;0047f954;;9;0042ca30;CDSView::CDSView_InvalidateRectClipped;0
CDSView;0047f954;;10;0042c580;CDSView::CDSView_ComputeAnchoredRect;0
CDSView;0047f954;;11;0042c480;CDSView::CDSView_SetRect;0
CDSView;0047f954;;12;0042c430;CDSView::CDSView_GetParentBounds;0
CDSView;0047f954;;13;0042c3e0;CDSView::CDSView_IsModalDoneRecursive;0
CDSView;0047f954;;14;0042ccf0;CDSView::CDSView_RenderChildrenClipped;0
CDSView;0047f954;;15;00438340;CDSView::CDSView_NoOpStub;0
CDSView;0047f954;;16;00438340;CDSView::CDSView_NoOpStub;0
CDSView;0047f954;;17;00438340;CDSView::CDSView_NoOpStub;0
CDSView;0047f954;;18;00438340;CDSView::CDSView_NoOpStub;0
CDSView;0047f954;;19;0042cf50;CDSView::CDSView_OnLButtonDownAcquireFocus;0
CDSView;0047f954;;20;00416770;CDSView::CDSView_OnMouseStub;0
CDSView;0047f954;;21;00416770;CDSView::CDSView_OnMouseStub;0
CDSView;0047f954;;22;0042c0c0;CDSView::CDSView_OnKeyDown;0
CDSView;0047f954;;23;0042c0e0;CDSView::CDSView_OnKeyUp;0
CDSView;0047f954;;24;0042c100;CDSView::CDSView_OnChar;0
CDSView;0047f954;;25;0042c770;CDSView::CDSApp_BroadcastSyntheticEventToChildren;0
CDSView;0047f954;;26;0042c7d0;CDSView::CDSApp_RouteSyntheticCloseEvent;0
CDSView;0047f954;;27;00438f80;CDSView::CDSView_EmptyHook27;0
CDSWav;0048230c;;0;00401600;CDSFileStream::FUN_00401600;0
CDSWav;0048230c;;1;004049d0;CBulanci::FUN_004049d0;0
CDSWav;0048230c;;2;00433070;CDSWav::FUN_00433070;0
CDSWav;0048230c;;3;0041a530;CDSWav::FUN_0041a530;0
CDSWav;00482320;;0;0041a510;CDSWav::FUN_0041a510;0
CDSWav;00482320;;1;0042ac90;CDSChain::FUN_0042ac90;0
CDSWav;00482320;;2;004330a0;CDSWav::FUN_004330a0;0
CDSWav;00482320;;3;0041a540;CDSWav::FUN_0041a540;0
CDSWav;00482320;;4;0043ba30;CDSWav::FUN_0043ba30;0
CDSWav;00482320;;5;0043b950;CDSWav::FUN_0043b950;0
CDSWav;00482320;;6;0043b960;CDSWav::FUN_0043b960;0
CDSWav;00482320;;7;00438340;CDSWav::CDSView_NoOpStub;0
CDSWav;00482344;;0;0041a520;CDSWav::FUN_0041a520;0
CDSWav;00482344;;1;0041bbe0;CDSWav::FUN_0041bbe0;0
CDSWav;00482344;;2;00433040;CDSWav::FUN_00433040;0
CDSWavStream;00482354;;0;00409470;CDSWavStream::GetResourceName;0
CDSWavStream;00482354;;1;0041a610;CDSWavStream::FUN_0041a610;0
CDSWavStream;00482354;;2;0041a5f0;CDSWavStream::FUN_0041a5f0;0
CDSWavStream;00482354;;3;0041a620;CDSWavStream::FUN_0041a620;0
CDSWavStream;00482354;;4;00409480;CDSWavStream::AlwaysReturnsZero;0
CDSWavStream;0048236c;;0;004011f0;CDSChain::FUN_004011f0;0
CDSWavStream;0048236c;;1;00428dd0;CDSWavStream::FUN_00428dd0;0
CDSWavStream;0048236c;;2;0041a5e0;CDSWavStream::FUN_0041a5e0;0
CDSWavStream;0048236c;;3;0041a600;CDSWavStream::FUN_0041a600;0
CDSWavStream;0048236c;;4;0043bb50;CDSWavStream::FUN_0043bb50;0
CDSWavStream;0048236c;;5;0043bab0;CDSWavStream::FUN_0043bab0;0
CDSWavStream;00482388;;0;00401600;CDSFileStream::FUN_00401600;0
CDSWavStream;00482388;;1;004049d0;CBulanci::FUN_004049d0;0
CDSWavStream;00482388;;2;00433070;CDSWav::FUN_00433070;0
CDSWavStream;00482388;;3;0041a630;CDSWavStream::FUN_0041a630;0
CDSWavStream;0048239c;;0;0041a510;CDSWav::FUN_0041a510;0
CDSWavStream;0048239c;;1;0042ac90;CDSChain::FUN_0042ac90;0
CDSWavStream;0048239c;;2;004330a0;CDSWav::FUN_004330a0;0
CDSWavStream;0048239c;;3;0041a5d0;CDSWavStream::FUN_0041a5d0;0
CDSWavStream;0048239c;;4;0043ba30;CDSWav::FUN_0043ba30;0
CDSWavStream;0048239c;;5;0043b950;CDSWav::FUN_0043b950;0
CDSWavStream;0048239c;;6;0043b960;CDSWav::FUN_0043b960;0
CDSWavStream;0048239c;;7;00438340;CDSWavStream::CDSView_NoOpStub;0
CDSWavStream;004823c0;;0;0041a5c0;CDSWavStream::FUN_0041a5c0;0
CDSWavStream;004823c0;;1;0041bc00;CDSWavStream::FUN_0041bc00;0
CDSWavStream;004823c0;;2;00433040;CDSWav::FUN_00433040;0
CDSWorkingThread;00489560;;0;00447210;CDSWorkingThread::CDSWorkingThread_GetClassTable;0
CDSWorkingThread;00489560;;1;004472e0;CDSWorkingThread::CDSWorkingThread_DtorScalar;0
CDSWorkingThread;00489560;;2;004245c0;CDSWorkingThread::CDSObject_ReleaseViaVtable;0
CDSWorkingThread;00489570;;0;0043b120;CDSDirectPlaySender::FUN_0043b120;0
CDSWorkingThread;00489570;;1;0042ac90;CDSChain::FUN_0042ac90;0
CDSWorkingThread;00489570;;2;0041aa40;CDSChain::FUN_0041aa40;0
CDSWorkingThread;00489570;;3;00447230;CDSWorkingThread::CDSWorkingThread_OnChainEvent;0
CDSWorkingThread;00489570;;4;00447220;CDSWorkingThread::CDSWorkingThread_OnTimer;0
CDeath;004820fc;;0;0040b830;CBulAnim::GetTypeInfo_Sub78;0
CDeath;004820fc;;1;0041ab40;CAnim::FUN_0041ab40;0
CDeath;004820fc;;2;00419930;CAnim::FUN_00419930;0
CDeath;004820fc;;3;00419b20;CAnim::FUN_00419b20;0
CDeath;00482110;;0;00417a40;CDeath::FUN_00417a40;0
CDeath;00482110;;1;00438f60;CBulAnim::IDSAnim_BindUserData;0
CDeath;00482110;;2;004391d0;CBulAnim::IDSAnim_SetSequence_thunk;0
CDeath;00482110;;3;00417a70;CDeath::FUN_00417a70;0
CDeath;00482110;;4;00417a90;CDeath::FUN_00417a90;0
CDeath;00482128;;0;0040b820;CBulAnim::GetTypeInfo_Sub68;0
CDeath;00482128;;1;0041a980;CShot::FUN_0041a980;0
CDeath;00482128;;2;00418ed0;CShot::FUN_00418ed0;0
CDeath;00482128;;3;00419b30;CAnim::FUN_00419b30;0
CDeath;0048213c;;0;00402890;CBulanci::FUN_00402890;0
CDeath;0048213c;;1;004049d0;CBulanci::FUN_004049d0;0
CDeath;0048213c;;2;00423db0;CDSView::FUN_00423db0;0
CDeath;0048213c;;3;00419b10;CAnim::FUN_00419b10;0
CDeath;00482150;;0;00402880;CBulanci::FUN_00402880;0
CDeath;00482150;;1;004049c0;CBulanci::FUN_004049c0;0
CDeath;00482150;;2;004034a0;CDSView::FUN_004034a0;0
CDeath;00482150;;3;0041ab30;CAnim::FUN_0041ab30;0
CDeath;00482150;;4;0042c040;CDeath::CDSView_DispatchEvent;0
CDeath;00482168;;0;004011f0;CDSChain::FUN_004011f0;0
CDeath;00482168;;1;0042ac90;CDSChain::FUN_0042ac90;0
CDeath;00482168;;2;0041aa40;CDSChain::FUN_0041aa40;0
CDeath;00482168;;3;00419a90;CAnim::FUN_00419a90;0
CDeath;00482168;;4;00438340;CDeath::CDSView_NoOpStub;0
CDeath;00482168;;5;00438340;CDeath::CDSView_NoOpStub;0
CDeath;00482184;;0;00419a80;CDeath::FUN_00419a80;0
CDeath;00482184;;1;0041ab50;CAnim::FUN_0041ab50;0
CDeath;00482184;;2;004245c0;CDeath::CDSObject_ReleaseViaVtable;0
CDeath;00482184;;3;0042c2e0;CDeath::CDSView_GetDataSize;0
CDeath;00482184;;4;0042c320;CDeath::CDSView_SaveData;0
CDeath;00482184;;5;0042c370;CDeath::CDSView_LoadData;0
CDeath;00482184;;6;004033a0;CDeath::CDSView_GetDataKindStubZero;0
CDeath;00482184;;7;004028a0;CDeath::CDSView_HitTest;0
CDeath;00482184;;8;0042cae0;CDeath::CDSView_AdaptDisplaySize;0
CDeath;00482184;;9;0042ca30;CDeath::CDSView_InvalidateRectClipped;0
CDeath;00482184;;10;0042c580;CDeath::CDSView_ComputeAnchoredRect;0
CDeath;00482184;;11;00419010;CGameView::FUN_00419010;0
CDeath;00482184;;12;0042c430;CDeath::CDSView_GetParentBounds;0
CDeath;00482184;;13;0042c3e0;CDeath::CDSView_IsModalDoneRecursive;0
CDeath;00482184;;14;00419130;CBitmap::FUN_00419130;0
CDeath;00482184;;15;004164f0;CAnim::FUN_004164f0;0
CDeath;00482184;;16;00438340;CDeath::CDSView_NoOpStub;0
CDeath;00482184;;17;00438340;CDeath::CDSView_NoOpStub;0
CDeath;00482184;;18;00438340;CDeath::CDSView_NoOpStub;0
CDeath;00482184;;19;0042cf50;CDeath::CDSView_OnLButtonDownAcquireFocus;0
CDeath;00482184;;20;00416770;CDeath::CDSView_OnMouseStub;0
CDeath;00482184;;21;00416770;CDeath::CDSView_OnMouseStub;0
CDeath;00482184;;22;0042c0c0;CDeath::CDSView_OnKeyDown;0
CDeath;00482184;;23;0042c0e0;CDeath::CDSView_OnKeyUp;0
CDeath;00482184;;24;0042c100;CDeath::CDSView_OnChar;0
CDeath;00482184;;25;0042c770;CDeath::CDSApp_BroadcastSyntheticEventToChildren;0
CDeath;00482184;;26;0042c7d0;CDeath::CDSApp_RouteSyntheticCloseEvent;0
CDeath;00482184;;27;0041acf0;CGameView::FUN_0041acf0;0
CDeath;00482184;;28;00417210;CGameView::FUN_00417210;0
CDeath;00482184;;29;00416f50;CGameView::FUN_00416f50;0
CDeath;00482184;;30;0041b1c0;CAnim::thunk_FUN_0041b190;0
CDeath2;00482204;;0;0040b830;CBulAnim::GetTypeInfo_Sub78;0
CDeath2;00482204;;1;0041ab40;CAnim::FUN_0041ab40;0
CDeath2;00482204;;2;00419930;CAnim::FUN_00419930;0
CDeath2;00482204;;3;00419b20;CAnim::FUN_00419b20;0
CDeath2;00482218;;0;00438f20;CBulAnim::IDSAnim_NotifyEvents;0
CDeath2;00482218;;1;00438f60;CBulAnim::IDSAnim_BindUserData;0
CDeath2;00482218;;2;004391d0;CBulAnim::IDSAnim_SetSequence_thunk;0
CDeath2;00482218;;3;00417af0;CDeath2::FUN_00417af0;0
CDeath2;00482218;;4;00417b10;CDeath2::FUN_00417b10;0
CDeath2;00482230;;0;0040b820;CBulAnim::GetTypeInfo_Sub68;0
CDeath2;00482230;;1;0041a980;CShot::FUN_0041a980;0
CDeath2;00482230;;2;00418ed0;CShot::FUN_00418ed0;0
CDeath2;00482230;;3;00419b30;CAnim::FUN_00419b30;0
CDeath2;00482244;;0;00402890;CBulanci::FUN_00402890;0
CDeath2;00482244;;1;004049d0;CBulanci::FUN_004049d0;0
CDeath2;00482244;;2;00423db0;CDSView::FUN_00423db0;0
CDeath2;00482244;;3;00419b10;CAnim::FUN_00419b10;0
CDeath2;00482258;;0;00402880;CBulanci::FUN_00402880;0
CDeath2;00482258;;1;004049c0;CBulanci::FUN_004049c0;0
CDeath2;00482258;;2;004034a0;CDSView::FUN_004034a0;0
CDeath2;00482258;;3;0041ab30;CAnim::FUN_0041ab30;0
CDeath2;00482258;;4;0042c040;CDeath2::CDSView_DispatchEvent;0
CDeath2;00482270;;0;004011f0;CDSChain::FUN_004011f0;0
CDeath2;00482270;;1;0042ac90;CDSChain::FUN_0042ac90;0
CDeath2;00482270;;2;0041aa40;CDSChain::FUN_0041aa40;0
CDeath2;00482270;;3;00419a90;CAnim::FUN_00419a90;0
CDeath2;00482270;;4;00438340;CDeath2::CDSView_NoOpStub;0
CDeath2;00482270;;5;00438340;CDeath2::CDSView_NoOpStub;0
CDeath2;0048228c;;0;00419b00;CDeath2::FUN_00419b00;0
CDeath2;0048228c;;1;0041ab50;CAnim::FUN_0041ab50;0
CDeath2;0048228c;;2;004245c0;CDeath2::CDSObject_ReleaseViaVtable;0
CDeath2;0048228c;;3;0042c2e0;CDeath2::CDSView_GetDataSize;0
CDeath2;0048228c;;4;0042c320;CDeath2::CDSView_SaveData;0
CDeath2;0048228c;;5;0042c370;CDeath2::CDSView_LoadData;0
CDeath2;0048228c;;6;004033a0;CDeath2::CDSView_GetDataKindStubZero;0
CDeath2;0048228c;;7;004028a0;CDeath2::CDSView_HitTest;0
CDeath2;0048228c;;8;0042cae0;CDeath2::CDSView_AdaptDisplaySize;0
CDeath2;0048228c;;9;0042ca30;CDeath2::CDSView_InvalidateRectClipped;0
CDeath2;0048228c;;10;0042c580;CDeath2::CDSView_ComputeAnchoredRect;0
CDeath2;0048228c;;11;00419010;CGameView::FUN_00419010;0
CDeath2;0048228c;;12;0042c430;CDeath2::CDSView_GetParentBounds;0
CDeath2;0048228c;;13;0042c3e0;CDeath2::CDSView_IsModalDoneRecursive;0
CDeath2;0048228c;;14;00419130;CBitmap::FUN_00419130;0
CDeath2;0048228c;;15;004164f0;CAnim::FUN_004164f0;0
CDeath2;0048228c;;16;00438340;CDeath2::CDSView_NoOpStub;0
CDeath2;0048228c;;17;00438340;CDeath2::CDSView_NoOpStub;0
CDeath2;0048228c;;18;00438340;CDeath2::CDSView_NoOpStub;0
CDeath2;0048228c;;19;0042cf50;CDeath2::CDSView_OnLButtonDownAcquireFocus;0
CDeath2;0048228c;;20;00416770;CDeath2::CDSView_OnMouseStub;0
CDeath2;0048228c;;21;00416770;CDeath2::CDSView_OnMouseStub;0
CDeath2;0048228c;;22;0042c0c0;CDeath2::CDSView_OnKeyDown;0
CDeath2;0048228c;;23;0042c0e0;CDeath2::CDSView_OnKeyUp;0
CDeath2;0048228c;;24;0042c100;CDeath2::CDSView_OnChar;0
CDeath2;0048228c;;25;0042c770;CDeath2::CDSApp_BroadcastSyntheticEventToChildren;0
CDeath2;0048228c;;26;0042c7d0;CDeath2::CDSApp_RouteSyntheticCloseEvent;0
CDeath2;0048228c;;27;0041acf0;CGameView::FUN_0041acf0;0
CDeath2;0048228c;;28;00417210;CGameView::FUN_00417210;0
CDeath2;0048228c;;29;00416f50;CGameView::FUN_00416f50;0
CDeath2;0048228c;;30;0041b1c0;CAnim::thunk_FUN_0041b190;0
CDirectKeyb;00481a40;;0;00412340;CDirectKeyb::FUN_00412340;0
CDirectKeyb;00481a40;;1;00412440;CDirectKeyb::FUN_00412440;0
CDirectKeyb;00481a40;;2;004245c0;CDirectKeyb::CDSObject_ReleaseViaVtable;0
CDirectKeyb;00481a40;;3;00434b10;CItemInfo::FUN_00434b10;0
CEdit;0047ff64;;0;004034d0;CScroller::FUN_004034d0;0
CEdit;0047ff64;;1;00404de0;CScroller::FUN_00404de0;0
CEdit;0047ff64;;2;004229a0;CScroller::FUN_004229a0;0
CEdit;0047ff64;;3;00404dd0;CEdit::CEdit_AdjustorThunk04_Dtor;0
CEdit;0047ff64;;4;00403150;CEdit::CEdit_GetTextLength;0
CEdit;0047ff7c;;0;00402890;CBulanci::FUN_00402890;0
CEdit;0047ff7c;;1;004049d0;CBulanci::FUN_004049d0;0
CEdit;0047ff7c;;2;00423db0;CDSView::FUN_00423db0;0
CEdit;0047ff7c;;3;00406760;CEdit::CEdit_AdjustorThunk18_Dtor;0
CEdit;0047ff90;;0;00402880;CBulanci::FUN_00402880;0
CEdit;0047ff90;;1;004049c0;CBulanci::FUN_004049c0;0
CEdit;0047ff90;;2;004034a0;CDSView::FUN_004034a0;0
CEdit;0047ff90;;3;0040ba00;CEdit::FUN_0040ba00;0
CEdit;0047ff90;;4;0042c040;CEdit::CDSView_DispatchEvent;0
CEdit;0047ffa8;;0;004011f0;CDSChain::FUN_004011f0;0
CEdit;0047ffa8;;1;0042ac90;CDSChain::FUN_0042ac90;0
CEdit;0047ffa8;;2;0041aa40;CDSChain::FUN_0041aa40;0
CEdit;0047ffa8;;3;00404df0;CEdit::CEdit_AdjustorThunk10_Dtor;0
CEdit;0047ffa8;;4;00438340;CEdit::CDSView_NoOpStub;0
CEdit;0047ffa8;;5;00438340;CEdit::CDSView_NoOpStub;0
CEdit;0047ffc4;;0;00404dc0;CEdit::CEdit_GetTypeDescriptor;0
CEdit;0047ffc4;;1;0040ba10;CEdit::CEdit_vDtor;0
CEdit;0047ffc4;;2;004245c0;CEdit::CDSObject_ReleaseViaVtable;0
CEdit;0047ffc4;;3;00403190;CEdit::CEdit_GetDataSize;0
CEdit;0047ffc4;;4;00403170;CEdit::CEdit_SaveData;0
CEdit;0047ffc4;;5;00407d20;CEdit::CEdit_LoadData;0
CEdit;0047ffc4;;6;004033a0;CEdit::CDSView_GetDataKindStubZero;0
CEdit;0047ffc4;;7;004028a0;CEdit::CDSView_HitTest;0
CEdit;0047ffc4;;8;0042cae0;CEdit::CDSView_AdaptDisplaySize;0
CEdit;0047ffc4;;9;0042ca30;CEdit::CDSView_InvalidateRectClipped;0
CEdit;0047ffc4;;10;0042c580;CEdit::CDSView_ComputeAnchoredRect;0
CEdit;0047ffc4;;11;0042c480;CEdit::CDSView_SetRect;0
CEdit;0047ffc4;;12;0042c430;CEdit::CDSView_GetParentBounds;0
CEdit;0047ffc4;;13;0042c3e0;CEdit::CDSView_IsModalDoneRecursive;0
CEdit;0047ffc4;;14;00406100;CEdit::CEdit_Render;0
CEdit;0047ffc4;;15;00438340;CEdit::CDSView_NoOpStub;0
CEdit;0047ffc4;;16;00438340;CEdit::CDSView_NoOpStub;0
CEdit;0047ffc4;;17;00438340;CEdit::CDSView_NoOpStub;0
CEdit;0047ffc4;;18;00438340;CEdit::CDSView_NoOpStub;0
CEdit;0047ffc4;;19;0042cf50;CEdit::CDSView_OnLButtonDownAcquireFocus;0
CEdit;0047ffc4;;20;00416770;CEdit::CDSView_OnMouseStub;0
CEdit;0047ffc4;;21;00416770;CEdit::CDSView_OnMouseStub;0
CEdit;0047ffc4;;22;004078f0;CEdit::FUN_004078f0;0
CEdit;0047ffc4;;23;0042c0e0;CEdit::CDSView_OnKeyUp;0
CEdit;0047ffc4;;24;00407b40;CEdit::CEdit_OnChar;0
CEdit;0047ffc4;;25;0042c770;CEdit::CDSApp_BroadcastSyntheticEventToChildren;0
CEdit;0047ffc4;;26;0042c7d0;CEdit::CDSApp_RouteSyntheticCloseEvent;0
CEdit;0047ffc4;;27;00407040;CEdit::CEdit_OnFocusEvent;0
CEdit;0047ffc4;;28;00406270;CEdit::CEdit_SetText;0
CEdit;0047ffc4;;29;00406230;CEdit::CEdit_OnTimerTick;0
CExitDlg;00481980;;0;00402890;CBulanci::FUN_00402890;0
CExitDlg;00481980;;1;004049d0;CBulanci::FUN_004049d0;0
CExitDlg;00481980;;2;00423db0;CDSView::FUN_00423db0;0
CExitDlg;00481980;;3;0040bc10;CWindow::FUN_0040bc10;0
CExitDlg;00481994;;0;00402880;CBulanci::FUN_00402880;0
CExitDlg;00481994;;1;004049c0;CBulanci::FUN_004049c0;0
CExitDlg;00481994;;2;004034a0;CDSView::FUN_004034a0;0
CExitDlg;00481994;;3;0040be20;CWindow::FUN_0040be20;0
CExitDlg;00481994;;4;0042c040;CExitDlg::CDSView_DispatchEvent;0
CExitDlg;004819ac;;0;004011f0;CDSChain::FUN_004011f0;0
CExitDlg;004819ac;;1;0042ac90;CDSChain::FUN_0042ac90;0
CExitDlg;004819ac;;2;0041aa40;CDSChain::FUN_0041aa40;0
CExitDlg;004819ac;;3;0040c540;CWindow::FUN_0040c540;0
CExitDlg;004819ac;;4;00438340;CExitDlg::CDSView_NoOpStub;0
CExitDlg;004819ac;;5;00438340;CExitDlg::CDSView_NoOpStub;0
CExitDlg;004819cc;;0;00411de0;CExitDlg::FUN_00411de0;0
CExitDlg;004819cc;;1;0040f120;CWindow::CWindow_vDtor;0
CExitDlg;004819cc;;2;004245c0;CExitDlg::CDSObject_ReleaseViaVtable;0
CExitDlg;004819cc;;3;0042c2e0;CExitDlg::CDSView_GetDataSize;0
CExitDlg;004819cc;;4;0042c320;CExitDlg::CDSView_SaveData;0
CExitDlg;004819cc;;5;0042c370;CExitDlg::CDSView_LoadData;0
CExitDlg;004819cc;;6;004033a0;CExitDlg::CDSView_GetDataKindStubZero;0
CExitDlg;004819cc;;7;004028a0;CExitDlg::CDSView_HitTest;0
CExitDlg;004819cc;;8;0042cae0;CExitDlg::CDSView_AdaptDisplaySize;0
CExitDlg;004819cc;;9;0042ca30;CExitDlg::CDSView_InvalidateRectClipped;0
CExitDlg;004819cc;;10;0042c580;CExitDlg::CDSView_ComputeAnchoredRect;0
CExitDlg;004819cc;;11;0042c480;CExitDlg::CDSView_SetRect;0
CExitDlg;004819cc;;12;0042c430;CExitDlg::CDSView_GetParentBounds;0
CExitDlg;004819cc;;13;0042c3e0;CExitDlg::CDSView_IsModalDoneRecursive;0
CExitDlg;004819cc;;14;004055c0;CWindow::CWindow_Render;0
CExitDlg;004819cc;;15;00438340;CExitDlg::CDSView_NoOpStub;0
CExitDlg;004819cc;;16;00438340;CExitDlg::CDSView_NoOpStub;0
CExitDlg;004819cc;;17;00438340;CExitDlg::CDSView_NoOpStub;0
CExitDlg;004819cc;;18;00438340;CExitDlg::CDSView_NoOpStub;0
CExitDlg;004819cc;;19;0042cf50;CExitDlg::CDSView_OnLButtonDownAcquireFocus;0
CExitDlg;004819cc;;20;00416770;CExitDlg::CDSView_OnMouseStub;0
CExitDlg;004819cc;;21;00416770;CExitDlg::CDSView_OnMouseStub;0
CExitDlg;004819cc;;22;00403d60;CWindow::FUN_00403d60;0
CExitDlg;004819cc;;23;0042c0e0;CExitDlg::CDSView_OnKeyUp;0
CExitDlg;004819cc;;24;0042c100;CExitDlg::CDSView_OnChar;0
CExitDlg;004819cc;;25;0042c770;CExitDlg::CDSApp_BroadcastSyntheticEventToChildren;0
CExitDlg;004819cc;;26;0040b290;CExitDlg::FUN_0040b290;0
CExitDlg;004819cc;;27;00438f80;CExitDlg::CDSView_EmptyHook27;0
CExplosion;004825fc;;0;0040b830;CBulAnim::GetTypeInfo_Sub78;0
CExplosion;004825fc;;1;0041ab40;CAnim::FUN_0041ab40;0
CExplosion;004825fc;;2;00419930;CAnim::FUN_00419930;0
CExplosion;004825fc;;3;00419b20;CAnim::FUN_00419b20;0
CExplosion;00482610;;0;00438f20;CBulAnim::IDSAnim_NotifyEvents;0
CExplosion;00482610;;1;00438f60;CBulAnim::IDSAnim_BindUserData;0
CExplosion;00482610;;2;004391d0;CBulAnim::IDSAnim_SetSequence_thunk;0
CExplosion;00482610;;3;00438f80;CExplosion::CDSView_EmptyHook27;0
CExplosion;00482610;;4;0041efe0;CExplosion::OnEvent;0
CExplosion;00482628;;0;0040b820;CBulAnim::GetTypeInfo_Sub68;0
CExplosion;00482628;;1;0041a980;CShot::FUN_0041a980;0
CExplosion;00482628;;2;00418ed0;CShot::FUN_00418ed0;0
CExplosion;00482628;;3;00419b30;CAnim::FUN_00419b30;0
CExplosion;0048263c;;0;00402890;CBulanci::FUN_00402890;0
CExplosion;0048263c;;1;004049d0;CBulanci::FUN_004049d0;0
CExplosion;0048263c;;2;00423db0;CDSView::FUN_00423db0;0
CExplosion;0048263c;;3;00419b10;CAnim::FUN_00419b10;0
CExplosion;00482650;;0;00402880;CBulanci::FUN_00402880;0
CExplosion;00482650;;1;004049c0;CBulanci::FUN_004049c0;0
CExplosion;00482650;;2;004034a0;CDSView::FUN_004034a0;0
CExplosion;00482650;;3;0041ab30;CAnim::FUN_0041ab30;0
CExplosion;00482650;;4;0042c040;CExplosion::CDSView_DispatchEvent;0
CExplosion;00482668;;0;004011f0;CDSChain::FUN_004011f0;0
CExplosion;00482668;;1;0042ac90;CDSChain::FUN_0042ac90;0
CExplosion;00482668;;2;0041aa40;CDSChain::FUN_0041aa40;0
CExplosion;00482668;;3;00419a90;CAnim::FUN_00419a90;0
CExplosion;00482668;;4;00438340;CExplosion::CDSView_NoOpStub;0
CExplosion;00482668;;5;00438340;CExplosion::CDSView_NoOpStub;0
CExplosion;00482684;;0;0041ab20;CExplosion::FUN_0041ab20;0
CExplosion;00482684;;1;0041ab50;CAnim::FUN_0041ab50;0
CExplosion;00482684;;2;004245c0;CExplosion::CDSObject_ReleaseViaVtable;0
CExplosion;00482684;;3;0042c2e0;CExplosion::CDSView_GetDataSize;0
CExplosion;00482684;;4;0042c320;CExplosion::CDSView_SaveData;0
CExplosion;00482684;;5;0042c370;CExplosion::CDSView_LoadData;0
CExplosion;00482684;;6;004033a0;CExplosion::CDSView_GetDataKindStubZero;0
CExplosion;00482684;;7;004028a0;CExplosion::CDSView_HitTest;0
CExplosion;00482684;;8;0042cae0;CExplosion::CDSView_AdaptDisplaySize;0
CExplosion;00482684;;9;0042ca30;CExplosion::CDSView_InvalidateRectClipped;0
CExplosion;00482684;;10;0042c580;CExplosion::CDSView_ComputeAnchoredRect;0
CExplosion;00482684;;11;00419010;CGameView::FUN_00419010;0
CExplosion;00482684;;12;0042c430;CExplosion::CDSView_GetParentBounds;0
CExplosion;00482684;;13;0042c3e0;CExplosion::CDSView_IsModalDoneRecursive;0
CExplosion;00482684;;14;00419130;CBitmap::FUN_00419130;0
CExplosion;00482684;;15;004164f0;CAnim::FUN_004164f0;0
CExplosion;00482684;;16;00438340;CExplosion::CDSView_NoOpStub;0
CExplosion;00482684;;17;00438340;CExplosion::CDSView_NoOpStub;0
CExplosion;00482684;;18;00438340;CExplosion::CDSView_NoOpStub;0
CExplosion;00482684;;19;0042cf50;CExplosion::CDSView_OnLButtonDownAcquireFocus;0
CExplosion;00482684;;20;00416770;CExplosion::CDSView_OnMouseStub;0
CExplosion;00482684;;21;00416770;CExplosion::CDSView_OnMouseStub;0
CExplosion;00482684;;22;0042c0c0;CExplosion::CDSView_OnKeyDown;0
CExplosion;00482684;;23;0042c0e0;CExplosion::CDSView_OnKeyUp;0
CExplosion;00482684;;24;0042c100;CExplosion::CDSView_OnChar;0
CExplosion;00482684;;25;0042c770;CExplosion::CDSApp_BroadcastSyntheticEventToChildren;0
CExplosion;00482684;;26;0042c7d0;CExplosion::CDSApp_RouteSyntheticCloseEvent;0
CExplosion;00482684;;27;0041acf0;CGameView::FUN_0041acf0;0
CExplosion;00482684;;28;00417210;CGameView::FUN_00417210;0
CExplosion;00482684;;29;00416f50;CGameView::FUN_00416f50;0
CExplosion;00482684;;30;0041b190;CAnim::FUN_0041b190;0
CGame;00481a6c;;0;00414c90;CGame::FUN_00414c90;0
CGame;00481a6c;;1;00428e20;CGame::FUN_00428e20;0
CGame;00481a6c;;2;0043ca40;CGame::FUN_0043ca40;0
CGame;00481a6c;;3;00414c70;CGame::FUN_00414c70;0
CGame;00481a80;;0;004034d0;CScroller::FUN_004034d0;0
CGame;00481a80;;1;0042ac90;CDSChain::FUN_0042ac90;0
CGame;00481a80;;2;0041aa40;CDSChain::FUN_0041aa40;0
CGame;00481a80;;3;00414c80;CGame::FUN_00414c80;0
CGame;00481a80;;4;00416030;CGame::CGaming_SchedulerPump;0
CGame;00481a98;;0;00414c60;CGame::FUN_00414c60;0
CGame;00481a98;;1;00415f60;CGame::FUN_00415f60;0
CGame;00481a98;;2;004245c0;CGame::CDSObject_ReleaseViaVtable;0
CGameCounter;00480f40;;0;00402890;CBulanci::FUN_00402890;0
CGameCounter;00480f40;;1;004049d0;CBulanci::FUN_004049d0;0
CGameCounter;00480f40;;2;00423db0;CDSView::FUN_00423db0;0
CGameCounter;00480f40;;3;0040bcc0;CGameCounter::DeletingDestructorThunk_18;0
CGameCounter;00480f54;;0;00402880;CBulanci::FUN_00402880;0
CGameCounter;00480f54;;1;004049c0;CBulanci::FUN_004049c0;0
CGameCounter;00480f54;;2;004034a0;CDSView::FUN_004034a0;0
CGameCounter;00480f54;;3;0040bcb0;CGameCounter::DeletingDestructorThunk_10;0
CGameCounter;00480f54;;4;0042c040;CGameCounter::CDSView_DispatchEvent;0
CGameCounter;00480f6c;;0;004011f0;CDSChain::FUN_004011f0;0
CGameCounter;00480f6c;;1;0042ac90;CDSChain::FUN_0042ac90;0
CGameCounter;00480f6c;;2;0041aa40;CDSChain::FUN_0041aa40;0
CGameCounter;00480f6c;;3;0040bcd0;CGameCounter::DeletingDestructorThunk_4;0
CGameCounter;00480f6c;;4;00438340;CGameCounter::CDSView_NoOpStub;0
CGameCounter;00480f6c;;5;00438340;CGameCounter::CDSView_NoOpStub;0
CGameCounter;00480f8c;;0;0040bca0;CGameCounter::GetClassIdentifier;0
CGameCounter;00480f8c;;1;0040ef40;CGameCounter::ScalarDeletingDestructor;0
CGameCounter;00480f8c;;2;004245c0;CGameCounter::CDSObject_ReleaseViaVtable;0
CGameCounter;00480f8c;;3;0042c2e0;CGameCounter::CDSView_GetDataSize;0
CGameCounter;00480f8c;;4;0042c320;CGameCounter::CDSView_SaveData;0
CGameCounter;00480f8c;;5;0042c370;CGameCounter::CDSView_LoadData;0
CGameCounter;00480f8c;;6;004033a0;CGameCounter::CDSView_GetDataKindStubZero;0
CGameCounter;00480f8c;;7;004028a0;CGameCounter::CDSView_HitTest;0
CGameCounter;00480f8c;;8;0042cae0;CGameCounter::CDSView_AdaptDisplaySize;0
CGameCounter;00480f8c;;9;0042ca30;CGameCounter::CDSView_InvalidateRectClipped;0
CGameCounter;00480f8c;;10;0042c580;CGameCounter::CDSView_ComputeAnchoredRect;0
CGameCounter;00480f8c;;11;0042c480;CGameCounter::CDSView_SetRect;0
CGameCounter;00480f8c;;12;0042c430;CGameCounter::CDSView_GetParentBounds;0
CGameCounter;00480f8c;;13;0042c3e0;CGameCounter::CDSView_IsModalDoneRecursive;0
CGameCounter;00480f8c;;14;0042ccf0;CGameCounter::CDSView_RenderChildrenClipped;0
CGameCounter;00480f8c;;15;00438340;CGameCounter::CDSView_NoOpStub;0
CGameCounter;00480f8c;;16;00438340;CGameCounter::CDSView_NoOpStub;0
CGameCounter;00480f8c;;17;00438340;CGameCounter::CDSView_NoOpStub;0
CGameCounter;00480f8c;;18;00438340;CGameCounter::CDSView_NoOpStub;0
CGameCounter;00480f8c;;19;0042cf50;CGameCounter::CDSView_OnLButtonDownAcquireFocus;0
CGameCounter;00480f8c;;20;00416770;CGameCounter::CDSView_OnMouseStub;0
CGameCounter;00480f8c;;21;00416770;CGameCounter::CDSView_OnMouseStub;0
CGameCounter;00480f8c;;22;0042c0c0;CGameCounter::CDSView_OnKeyDown;0
CGameCounter;00480f8c;;23;0042c0e0;CGameCounter::CDSView_OnKeyUp;0
CGameCounter;00480f8c;;24;0042c100;CGameCounter::CDSView_OnChar;0
CGameCounter;00480f8c;;25;0042c770;CGameCounter::CDSApp_BroadcastSyntheticEventToChildren;0
CGameCounter;00480f8c;;26;0042c7d0;CGameCounter::CDSApp_RouteSyntheticCloseEvent;0
CGameCounter;00480f8c;;27;0040b140;CGameCounter::OnEvent;0
CGameTypeDlg;00480e80;;0;00402890;CBulanci::FUN_00402890;0
CGameTypeDlg;00480e80;;1;004049d0;CBulanci::FUN_004049d0;0
CGameTypeDlg;00480e80;;2;00423db0;CDSView::FUN_00423db0;0
CGameTypeDlg;00480e80;;3;0040bc10;CWindow::FUN_0040bc10;0
CGameTypeDlg;00480e94;;0;00402880;CBulanci::FUN_00402880;0
CGameTypeDlg;00480e94;;1;004049c0;CBulanci::FUN_004049c0;0
CGameTypeDlg;00480e94;;2;004034a0;CDSView::FUN_004034a0;0
CGameTypeDlg;00480e94;;3;0040be20;CWindow::FUN_0040be20;0
CGameTypeDlg;00480e94;;4;0042c040;CGameTypeDlg::CDSView_DispatchEvent;0
CGameTypeDlg;00480eac;;0;004011f0;CDSChain::FUN_004011f0;0
CGameTypeDlg;00480eac;;1;0042ac90;CDSChain::FUN_0042ac90;0
CGameTypeDlg;00480eac;;2;0041aa40;CDSChain::FUN_0041aa40;0
CGameTypeDlg;00480eac;;3;0040c540;CWindow::FUN_0040c540;0
CGameTypeDlg;00480eac;;4;00438340;CGameTypeDlg::CDSView_NoOpStub;0
CGameTypeDlg;00480eac;;5;00438340;CGameTypeDlg::CDSView_NoOpStub;0
CGameTypeDlg;00480ecc;;0;0040bc00;CGameTypeDlg::FUN_0040bc00;0
CGameTypeDlg;00480ecc;;1;0040f120;CWindow::CWindow_vDtor;0
CGameTypeDlg;00480ecc;;2;004245c0;CGameTypeDlg::CDSObject_ReleaseViaVtable;0
CGameTypeDlg;00480ecc;;3;0042c2e0;CGameTypeDlg::CDSView_GetDataSize;0
CGameTypeDlg;00480ecc;;4;0042c320;CGameTypeDlg::CDSView_SaveData;0
CGameTypeDlg;00480ecc;;5;0042c370;CGameTypeDlg::CDSView_LoadData;0
CGameTypeDlg;00480ecc;;6;004033a0;CGameTypeDlg::CDSView_GetDataKindStubZero;0
CGameTypeDlg;00480ecc;;7;004028a0;CGameTypeDlg::CDSView_HitTest;0
CGameTypeDlg;00480ecc;;8;0042cae0;CGameTypeDlg::CDSView_AdaptDisplaySize;0
CGameTypeDlg;00480ecc;;9;0042ca30;CGameTypeDlg::CDSView_InvalidateRectClipped;0
CGameTypeDlg;00480ecc;;10;0042c580;CGameTypeDlg::CDSView_ComputeAnchoredRect;0
CGameTypeDlg;00480ecc;;11;0042c480;CGameTypeDlg::CDSView_SetRect;0
CGameTypeDlg;00480ecc;;12;0042c430;CGameTypeDlg::CDSView_GetParentBounds;0
CGameTypeDlg;00480ecc;;13;0042c3e0;CGameTypeDlg::CDSView_IsModalDoneRecursive;0
CGameTypeDlg;00480ecc;;14;004055c0;CWindow::CWindow_Render;0
CGameTypeDlg;00480ecc;;15;00438340;CGameTypeDlg::CDSView_NoOpStub;0
CGameTypeDlg;00480ecc;;16;00438340;CGameTypeDlg::CDSView_NoOpStub;0
CGameTypeDlg;00480ecc;;17;00438340;CGameTypeDlg::CDSView_NoOpStub;0
CGameTypeDlg;00480ecc;;18;00438340;CGameTypeDlg::CDSView_NoOpStub;0
CGameTypeDlg;00480ecc;;19;0042cf50;CGameTypeDlg::CDSView_OnLButtonDownAcquireFocus;0
CGameTypeDlg;00480ecc;;20;00416770;CGameTypeDlg::CDSView_OnMouseStub;0
CGameTypeDlg;00480ecc;;21;00416770;CGameTypeDlg::CDSView_OnMouseStub;0
CGameTypeDlg;00480ecc;;22;00403d60;CWindow::FUN_00403d60;0
CGameTypeDlg;00480ecc;;23;0042c0e0;CGameTypeDlg::CDSView_OnKeyUp;0
CGameTypeDlg;00480ecc;;24;0042c100;CGameTypeDlg::CDSView_OnChar;0
CGameTypeDlg;00480ecc;;25;0040ab00;CGameTypeDlg::FUN_0040ab00;0
CGameTypeDlg;00480ecc;;26;0042c7d0;CGameTypeDlg::CDSApp_RouteSyntheticCloseEvent;0
CGameTypeDlg;00480ecc;;27;00438f80;CGameTypeDlg::CDSView_EmptyHook27;0
CGameView;00481acc;;0;00402890;CBulanci::FUN_00402890;0
CGameView;00481acc;;1;004049d0;CBulanci::FUN_004049d0;0
CGameView;00481acc;;2;00423db0;CDSView::FUN_00423db0;0
CGameView;00481acc;;3;00421910;CDSView::FUN_00421910;0
CGameView;00481ae0;;0;00402880;CBulanci::FUN_00402880;0
CGameView;00481ae0;;1;004049c0;CBulanci::FUN_004049c0;0
CGameView;00481ae0;;2;004034a0;CDSView::FUN_004034a0;0
CGameView;00481ae0;;3;0040ad90;CDSView::FUN_0040ad90;0
CGameView;00481ae0;;4;0042c040;CGameView::CDSView_DispatchEvent;0
CGameView;00481af8;;0;004011f0;CDSChain::FUN_004011f0;0
CGameView;00481af8;;1;0042ac90;CDSChain::FUN_0042ac90;0
CGameView;00481af8;;2;0041aa40;CDSChain::FUN_0041aa40;0
CGameView;00481af8;;3;00416f40;CDSView::FUN_00416f40;0
CGameView;00481af8;;4;00438340;CGameView::CDSView_NoOpStub;0
CGameView;00481af8;;5;00438340;CGameView::CDSView_NoOpStub;0
CGameView;00481b14;;0;00416f30;CGameView::FUN_00416f30;0
CGameView;00481b14;;1;0040ada0;CGameView::CDSView_DtorScalar;0
CGameView;00481b14;;2;004245c0;CGameView::CDSObject_ReleaseViaVtable;0
CGameView;00481b14;;3;0042c2e0;CGameView::CDSView_GetDataSize;0
CGameView;00481b14;;4;0042c320;CGameView::CDSView_SaveData;0
CGameView;00481b14;;5;0042c370;CGameView::CDSView_LoadData;0
CGameView;00481b14;;6;004033a0;CGameView::CDSView_GetDataKindStubZero;0
CGameView;00481b14;;7;004028a0;CGameView::CDSView_HitTest;0
CGameView;00481b14;;8;0042cae0;CGameView::CDSView_AdaptDisplaySize;0
CGameView;00481b14;;9;0042ca30;CGameView::CDSView_InvalidateRectClipped;0
CGameView;00481b14;;10;0042c580;CGameView::CDSView_ComputeAnchoredRect;0
CGameView;00481b14;;11;00419010;CGameView::FUN_00419010;0
CGameView;00481b14;;12;0042c430;CGameView::CDSView_GetParentBounds;0
CGameView;00481b14;;13;0042c3e0;CGameView::CDSView_IsModalDoneRecursive;0
CGameView;00481b14;;14;00467430;CGameView::CDSApp_PreCreateHook;0
CGameView;00481b14;;15;00438340;CGameView::CDSView_NoOpStub;0
CGameView;00481b14;;16;00438340;CGameView::CDSView_NoOpStub;0
CGameView;00481b14;;17;00438340;CGameView::CDSView_NoOpStub;0
CGameView;00481b14;;18;00438340;CGameView::CDSView_NoOpStub;0
CGameView;00481b14;;19;0042cf50;CGameView::CDSView_OnLButtonDownAcquireFocus;0
CGameView;00481b14;;20;00416770;CGameView::CDSView_OnMouseStub;0
CGameView;00481b14;;21;00416770;CGameView::CDSView_OnMouseStub;0
CGameView;00481b14;;22;0042c0c0;CGameView::CDSView_OnKeyDown;0
CGameView;00481b14;;23;0042c0e0;CGameView::CDSView_OnKeyUp;0
CGameView;00481b14;;24;0042c100;CGameView::CDSView_OnChar;0
CGameView;00481b14;;25;0042c770;CGameView::CDSApp_BroadcastSyntheticEventToChildren;0
CGameView;00481b14;;26;0042c7d0;CGameView::CDSApp_RouteSyntheticCloseEvent;0
CGameView;00481b14;;27;0041acf0;CGameView::FUN_0041acf0;0
CGameView;00481b14;;28;00417210;CGameView::FUN_00417210;0
CGameView;00481b14;;29;00416f50;CGameView::FUN_00416f50;0
CGameView;00481b14;;30;00438340;CGameView::CDSView_NoOpStub;0
CGaming;00482704;;0;004034d0;CScroller::FUN_004034d0;0
CGaming;00482704;;1;00404de0;CScroller::FUN_00404de0;0
CGaming;00482704;;2;004229a0;CScroller::FUN_004229a0;0
CGaming;00482704;;3;0041acc0;CGaming::FUN_0041acc0;0
CGaming;00482704;;4;0041f050;CGaming::CGaming_OnSchedulerTimer;0
CGaming;0048271c;;0;00402890;CBulanci::FUN_00402890;0
CGaming;0048271c;;1;004049d0;CBulanci::FUN_004049d0;0
CGaming;0048271c;;2;00423db0;CDSView::FUN_00423db0;0
CGaming;0048271c;;3;0041ace0;CGaming::FUN_0041ace0;0
CGaming;00482730;;0;00402880;CBulanci::FUN_00402880;0
CGaming;00482730;;1;004049c0;CBulanci::FUN_004049c0;0
CGaming;00482730;;2;004034a0;CDSView::FUN_004034a0;0
CGaming;00482730;;3;0041acd0;CGaming::FUN_0041acd0;0
CGaming;00482730;;4;0042c040;CGaming::CDSView_DispatchEvent;0
CGaming;00482748;;0;004011f0;CDSChain::FUN_004011f0;0
CGaming;00482748;;1;0042ac90;CDSChain::FUN_0042ac90;0
CGaming;00482748;;2;0041aa40;CDSChain::FUN_0041aa40;0
CGaming;00482748;;3;0041acb0;CGaming::FUN_0041acb0;0
CGaming;00482748;;4;00438340;CGaming::CDSView_NoOpStub;0
CGaming;00482748;;5;00438340;CGaming::CDSView_NoOpStub;0
CGaming;00482764;;0;0041aca0;CGaming::FUN_0041aca0;0
CGaming;00482764;;1;0041bee0;CGaming::FUN_0041bee0;0
CGaming;00482764;;2;004245c0;CGaming::CDSObject_ReleaseViaVtable;0
CGaming;00482764;;3;0042c2e0;CGaming::CDSView_GetDataSize;0
CGaming;00482764;;4;0042c320;CGaming::CDSView_SaveData;0
CGaming;00482764;;5;0042c370;CGaming::CDSView_LoadData;0
CGaming;00482764;;6;004033a0;CGaming::CDSView_GetDataKindStubZero;0
CGaming;00482764;;7;004028a0;CGaming::CDSView_HitTest;0
CGaming;00482764;;8;0042cae0;CGaming::CDSView_AdaptDisplaySize;0
CGaming;00482764;;9;0042ca30;CGaming::CDSView_InvalidateRectClipped;0
CGaming;00482764;;10;0042c580;CGaming::CDSView_ComputeAnchoredRect;0
CGaming;00482764;;11;0042c480;CGaming::CDSView_SetRect;0
CGaming;00482764;;12;0042c430;CGaming::CDSView_GetParentBounds;0
CGaming;00482764;;13;0042c3e0;CGaming::CDSView_IsModalDoneRecursive;0
CGaming;00482764;;14;004167d0;CGaming::CDSView_RenderChildrenClipped;0
CGaming;00482764;;15;0041c140;CGaming::CGaming_OnResumeOrStartGame;0
CGaming;00482764;;16;00438340;CGaming::CDSView_NoOpStub;0
CGaming;00482764;;17;00438340;CGaming::CDSView_NoOpStub;0
CGaming;00482764;;18;00438340;CGaming::CDSView_NoOpStub;0
CGaming;00482764;;19;0042cf50;CGaming::CDSView_OnLButtonDownAcquireFocus;0
CGaming;00482764;;20;00416770;CGaming::CDSView_OnMouseStub;0
CGaming;00482764;;21;00416770;CGaming::CDSView_OnMouseStub;0
CGaming;00482764;;22;00416860;CGaming::FUN_00416860;0
CGaming;00482764;;23;004168a0;CGaming::FUN_004168a0;0
CGaming;00482764;;24;0042c100;CGaming::CDSView_OnChar;0
CGaming;00482764;;25;0042c770;CGaming::CDSApp_BroadcastSyntheticEventToChildren;0
CGaming;00482764;;26;0041d5f0;CGaming::CGaming_OnCmd;0
CGaming;00482764;;27;004206a0;CGaming::CGaming_OnCustomEvent;0
CGunMouse;00483794;;0;00438f80;CGunMouse::CDSView_EmptyHook27;0
CGunMouse;00483794;;1;00423900;CGunMouse::CGunMouse_OnMouseMove;0
CGunMouse;00483794;;2;00416770;CGunMouse::CDSView_OnMouseStub;0
CGunMouse;00483794;;3;00438f80;CGunMouse::CDSView_EmptyHook27;0
CGunMouse;00483794;;4;00423bd0;CGunMouse::CGunMouse_OnAnimTick;0
CGunMouse;004837ac;;0;00401600;CDSFileStream::FUN_00401600;0
CGunMouse;004837ac;;1;0042ac90;CDSChain::FUN_0042ac90;0
CGunMouse;004837ac;;2;00409260;CDSFileStream::FUN_00409260;0
CGunMouse;004837ac;;3;00425860;CGunMouse::FUN_00425860;0
CGunMouse;004837c0;;0;00425850;CGunMouse::FUN_00425850;0
CGunMouse;004837c0;;1;004262a0;CGunMouse::FUN_004262a0;0
CGunMouse;004837c0;;2;00401660;CDSFileStream::FUN_00401660;0
CGunMouse;004837c0;;3;00423b50;CGunMouse::CGunMouse_Activate;0
CGunMouse;004837c0;;4;004238e0;CGunMouse::CGunMouse_Deactivate;0
CGunMouse;004837c0;;5;00424610;CGunMouse::CGunMouse_Draw;0
CGunMouse;004837c0;;6;004249b0;CGunMouse::CGunMouse_Erase;0
CHelpDlg;00482b38;;0;00402890;CBulanci::FUN_00402890;0
CHelpDlg;00482b38;;1;004049d0;CBulanci::FUN_004049d0;0
CHelpDlg;00482b38;;2;00423db0;CDSView::FUN_00423db0;0
CHelpDlg;00482b38;;3;004220b0;CHelpDlg::FUN_004220b0;0
CHelpDlg;00482b4c;;0;00402880;CBulanci::FUN_00402880;0
CHelpDlg;00482b4c;;1;004049c0;CBulanci::FUN_004049c0;0
CHelpDlg;00482b4c;;2;004034a0;CDSView::FUN_004034a0;0
CHelpDlg;00482b4c;;3;004220d0;CHelpDlg::FUN_004220d0;0
CHelpDlg;00482b4c;;4;0042c040;CHelpDlg::CDSView_DispatchEvent;0
CHelpDlg;00482b64;;0;004011f0;CDSChain::FUN_004011f0;0
CHelpDlg;00482b64;;1;0042ac90;CDSChain::FUN_0042ac90;0
CHelpDlg;00482b64;;2;0041aa40;CDSChain::FUN_0041aa40;0
CHelpDlg;00482b64;;3;004220c0;CHelpDlg::FUN_004220c0;0
CHelpDlg;00482b64;;4;00438340;CHelpDlg::CDSView_NoOpStub;0
CHelpDlg;00482b64;;5;00438340;CHelpDlg::CDSView_NoOpStub;0
CHelpDlg;00482b84;;0;004220a0;CHelpDlg::FUN_004220a0;0
CHelpDlg;00482b84;;1;004222f0;CHelpDlg::FUN_004222f0;0
CHelpDlg;00482b84;;2;004245c0;CHelpDlg::CDSObject_ReleaseViaVtable;0
CHelpDlg;00482b84;;3;0042c2e0;CHelpDlg::CDSView_GetDataSize;0
CHelpDlg;00482b84;;4;0042c320;CHelpDlg::CDSView_SaveData;0
CHelpDlg;00482b84;;5;0042c370;CHelpDlg::CDSView_LoadData;0
CHelpDlg;00482b84;;6;004033a0;CHelpDlg::CDSView_GetDataKindStubZero;0
CHelpDlg;00482b84;;7;004028a0;CHelpDlg::CDSView_HitTest;0
CHelpDlg;00482b84;;8;0042cae0;CHelpDlg::CDSView_AdaptDisplaySize;0
CHelpDlg;00482b84;;9;0042ca30;CHelpDlg::CDSView_InvalidateRectClipped;0
CHelpDlg;00482b84;;10;0042c580;CHelpDlg::CDSView_ComputeAnchoredRect;0
CHelpDlg;00482b84;;11;0042c480;CHelpDlg::CDSView_SetRect;0
CHelpDlg;00482b84;;12;0042c430;CHelpDlg::CDSView_GetParentBounds;0
CHelpDlg;00482b84;;13;0042c3e0;CHelpDlg::CDSView_IsModalDoneRecursive;0
CHelpDlg;00482b84;;14;004055c0;CWindow::CWindow_Render;0
CHelpDlg;00482b84;;15;00438340;CHelpDlg::CDSView_NoOpStub;0
CHelpDlg;00482b84;;16;00438340;CHelpDlg::CDSView_NoOpStub;0
CHelpDlg;00482b84;;17;00438340;CHelpDlg::CDSView_NoOpStub;0
CHelpDlg;00482b84;;18;00438340;CHelpDlg::CDSView_NoOpStub;0
CHelpDlg;00482b84;;19;0042cf50;CHelpDlg::CDSView_OnLButtonDownAcquireFocus;0
CHelpDlg;00482b84;;20;00416770;CHelpDlg::CDSView_OnMouseStub;0
CHelpDlg;00482b84;;21;00416770;CHelpDlg::CDSView_OnMouseStub;0
CHelpDlg;00482b84;;22;00403d60;CWindow::FUN_00403d60;0
CHelpDlg;00482b84;;23;0042c0e0;CHelpDlg::CDSView_OnKeyUp;0
CHelpDlg;00482b84;;24;0042c100;CHelpDlg::CDSView_OnChar;0
CHelpDlg;00482b84;;25;0042c770;CHelpDlg::CDSApp_BroadcastSyntheticEventToChildren;0
CHelpDlg;00482b84;;26;00421dd0;CHelpDlg::FUN_00421dd0;0
CHelpDlg;00482b84;;27;00438f80;CHelpDlg::CDSView_EmptyHook27;0
CHelpScript;004829f4;;0;00409470;CHelpScript::GetResourceName;0
CHelpScript;004829f4;;1;00422770;CLevelScript::FUN_00422770;0
CHelpScript;004829f4;;2;00421810;CLevelScript::FUN_00421810;0
CHelpScript;004829f4;;3;004216a0;CHelpScript::FUN_004216a0;0
CHelpScript;004829f4;;4;00409480;CHelpScript::AlwaysReturnsZero;0
CHelpScript;00482a0c;;0;00401600;CDSFileStream::FUN_00401600;0
CHelpScript;00482a0c;;1;004186c0;CLevelScript::FUN_004186c0;0
CHelpScript;00482a0c;;2;00418bf0;CLevelScript::FUN_00418bf0;0
CHelpScript;00482a0c;;3;00421690;CHelpScript::FUN_00421690;0
CHelpScript;00482a20;;0;004011f0;CDSChain::FUN_004011f0;0
CHelpScript;00482a20;;1;0042ac90;CDSChain::FUN_0042ac90;0
CHelpScript;00482a20;;2;00421820;CLevelScript::FUN_00421820;0
CHelpScript;00482a20;;3;004216b0;CHelpScript::FUN_004216b0;0
CHelpScript;00482a20;;4;00438e40;CLevelScript::FUN_00438e40;0
CHelpScript;00482a20;;5;00438340;CHelpScript::CDSView_NoOpStub;0
CHelpScript;00482a3c;;0;00421680;CHelpScript::FUN_00421680;0
CHelpScript;00482a3c;;1;00421920;CHelpScript::FUN_00421920;0
CHelpScript;00482a3c;;2;004216c0;CLevelScript::FUN_004216c0;0
CHelpView;00482a4c;;0;00402890;CBulanci::FUN_00402890;0
CHelpView;00482a4c;;1;004049d0;CBulanci::FUN_004049d0;0
CHelpView;00482a4c;;2;00423db0;CDSView::FUN_00423db0;0
CHelpView;00482a4c;;3;00421910;CDSView::FUN_00421910;0
CHelpView;00482a60;;0;00402880;CBulanci::FUN_00402880;0
CHelpView;00482a60;;1;004049c0;CBulanci::FUN_004049c0;0
CHelpView;00482a60;;2;004034a0;CDSView::FUN_004034a0;0
CHelpView;00482a60;;3;0040ad90;CDSView::FUN_0040ad90;0
CHelpView;00482a60;;4;0042c040;CHelpView::CDSView_DispatchEvent;0
CHelpView;00482a78;;0;004011f0;CDSChain::FUN_004011f0;0
CHelpView;00482a78;;1;0042ac90;CDSChain::FUN_0042ac90;0
CHelpView;00482a78;;2;0041aa40;CDSChain::FUN_0041aa40;0
CHelpView;00482a78;;3;00416f40;CDSView::FUN_00416f40;0
CHelpView;00482a78;;4;00438340;CHelpView::CDSView_NoOpStub;0
CHelpView;00482a78;;5;00438340;CHelpView::CDSView_NoOpStub;0
CHelpView;00482a94;;0;00421900;CHelpView::FUN_00421900;0
CHelpView;00482a94;;1;0040ada0;CHelpView::CDSView_DtorScalar;0
CHelpView;00482a94;;2;004245c0;CHelpView::CDSObject_ReleaseViaVtable;0
CHelpView;00482a94;;3;0042c2e0;CHelpView::CDSView_GetDataSize;0
CHelpView;00482a94;;4;0042c320;CHelpView::CDSView_SaveData;0
CHelpView;00482a94;;5;0042c370;CHelpView::CDSView_LoadData;0
CHelpView;00482a94;;6;004033a0;CHelpView::CDSView_GetDataKindStubZero;0
CHelpView;00482a94;;7;004028a0;CHelpView::CDSView_HitTest;0
CHelpView;00482a94;;8;0042cae0;CHelpView::CDSView_AdaptDisplaySize;0
CHelpView;00482a94;;9;0042ca30;CHelpView::CDSView_InvalidateRectClipped;0
CHelpView;00482a94;;10;0042c580;CHelpView::CDSView_ComputeAnchoredRect;0
CHelpView;00482a94;;11;0042c480;CHelpView::CDSView_SetRect;0
CHelpView;00482a94;;12;0042c430;CHelpView::CDSView_GetParentBounds;0
CHelpView;00482a94;;13;0042c3e0;CHelpView::CDSView_IsModalDoneRecursive;0
CHelpView;00482a94;;14;0042ccf0;CHelpView::CDSView_RenderChildrenClipped;0
CHelpView;00482a94;;15;00438340;CHelpView::CDSView_NoOpStub;0
CHelpView;00482a94;;16;00438340;CHelpView::CDSView_NoOpStub;0
CHelpView;00482a94;;17;00438340;CHelpView::CDSView_NoOpStub;0
CHelpView;00482a94;;18;00438340;CHelpView::CDSView_NoOpStub;0
CHelpView;00482a94;;19;0042cf50;CHelpView::CDSView_OnLButtonDownAcquireFocus;0
CHelpView;00482a94;;20;00416770;CHelpView::CDSView_OnMouseStub;0
CHelpView;00482a94;;21;00416770;CHelpView::CDSView_OnMouseStub;0
CHelpView;00482a94;;22;0042c0c0;CHelpView::CDSView_OnKeyDown;0
CHelpView;00482a94;;23;0042c0e0;CHelpView::CDSView_OnKeyUp;0
CHelpView;00482a94;;24;0042c100;CHelpView::CDSView_OnChar;0
CHelpView;00482a94;;25;0042c770;CHelpView::CDSApp_BroadcastSyntheticEventToChildren;0
CHelpView;00482a94;;26;004215b0;CDSApp::thunk_FUN_0042c7d0;0
CHelpView;00482a94;;27;00438f80;CHelpView::CDSView_EmptyHook27;0
CHistoryDlg;004833a0;;0;00402890;CBulanci::FUN_00402890;0
CHistoryDlg;004833a0;;1;004049d0;CBulanci::FUN_004049d0;0
CHistoryDlg;004833a0;;2;00423db0;CDSView::FUN_00423db0;0
CHistoryDlg;004833a0;;3;00423440;CHistoryDlg::FUN_00423440;0
CHistoryDlg;004833b4;;0;00402880;CBulanci::FUN_00402880;0
CHistoryDlg;004833b4;;1;004049c0;CBulanci::FUN_004049c0;0
CHistoryDlg;004833b4;;2;004034a0;CDSView::FUN_004034a0;0
CHistoryDlg;004833b4;;3;00423460;CHistoryDlg::FUN_00423460;0
CHistoryDlg;004833b4;;4;0042c040;CHistoryDlg::CDSView_DispatchEvent;0
CHistoryDlg;004833cc;;0;004011f0;CDSChain::FUN_004011f0;0
CHistoryDlg;004833cc;;1;0042ac90;CDSChain::FUN_0042ac90;0
CHistoryDlg;004833cc;;2;0041aa40;CDSChain::FUN_0041aa40;0
CHistoryDlg;004833cc;;3;00423450;CHistoryDlg::FUN_00423450;0
CHistoryDlg;004833cc;;4;00438340;CHistoryDlg::CDSView_NoOpStub;0
CHistoryDlg;004833cc;;5;00438340;CHistoryDlg::CDSView_NoOpStub;0
CHistoryDlg;004833ec;;0;00423430;CHistoryDlg::FUN_00423430;0
CHistoryDlg;004833ec;;1;00423680;CHistoryDlg::FUN_00423680;0
CHistoryDlg;004833ec;;2;004245c0;CHistoryDlg::CDSObject_ReleaseViaVtable;0
CHistoryDlg;004833ec;;3;0042c2e0;CHistoryDlg::CDSView_GetDataSize;0
CHistoryDlg;004833ec;;4;0042c320;CHistoryDlg::CDSView_SaveData;0
CHistoryDlg;004833ec;;5;0042c370;CHistoryDlg::CDSView_LoadData;0
CHistoryDlg;004833ec;;6;004033a0;CHistoryDlg::CDSView_GetDataKindStubZero;0
CHistoryDlg;004833ec;;7;004028a0;CHistoryDlg::CDSView_HitTest;0
CHistoryDlg;004833ec;;8;0042cae0;CHistoryDlg::CDSView_AdaptDisplaySize;0
CHistoryDlg;004833ec;;9;0042ca30;CHistoryDlg::CDSView_InvalidateRectClipped;0
CHistoryDlg;004833ec;;10;0042c580;CHistoryDlg::CDSView_ComputeAnchoredRect;0
CHistoryDlg;004833ec;;11;0042c480;CHistoryDlg::CDSView_SetRect;0
CHistoryDlg;004833ec;;12;0042c430;CHistoryDlg::CDSView_GetParentBounds;0
CHistoryDlg;004833ec;;13;0042c3e0;CHistoryDlg::CDSView_IsModalDoneRecursive;0
CHistoryDlg;004833ec;;14;004055c0;CWindow::CWindow_Render;0
CHistoryDlg;004833ec;;15;00438340;CHistoryDlg::CDSView_NoOpStub;0
CHistoryDlg;004833ec;;16;00438340;CHistoryDlg::CDSView_NoOpStub;0
CHistoryDlg;004833ec;;17;00438340;CHistoryDlg::CDSView_NoOpStub;0
CHistoryDlg;004833ec;;18;00438340;CHistoryDlg::CDSView_NoOpStub;0
CHistoryDlg;004833ec;;19;0042cf50;CHistoryDlg::CDSView_OnLButtonDownAcquireFocus;0
CHistoryDlg;004833ec;;20;00416770;CHistoryDlg::CDSView_OnMouseStub;0
CHistoryDlg;004833ec;;21;00416770;CHistoryDlg::CDSView_OnMouseStub;0
CHistoryDlg;004833ec;;22;00403d60;CWindow::FUN_00403d60;0
CHistoryDlg;004833ec;;23;0042c0e0;CHistoryDlg::CDSView_OnKeyUp;0
CHistoryDlg;004833ec;;24;0042c100;CHistoryDlg::CDSView_OnChar;0
CHistoryDlg;004833ec;;25;0042c770;CHistoryDlg::CDSApp_BroadcastSyntheticEventToChildren;0
CHistoryDlg;004833ec;;26;00423130;CHistoryDlg::CHistoryDlg_OnEvent;0
CHistoryDlg;004833ec;;27;00438f80;CHistoryDlg::CDSView_EmptyHook27;0
CHistoryScript;00483088;;0;00409470;CHistoryScript::GetResourceName;0
CHistoryScript;00483088;;1;00422770;CLevelScript::FUN_00422770;0
CHistoryScript;00483088;;2;00421810;CLevelScript::FUN_00421810;0
CHistoryScript;00483088;;3;00422790;CHistoryScript::FUN_00422790;0
CHistoryScript;00483088;;4;00409480;CHistoryScript::AlwaysReturnsZero;0
CHistoryScript;004830a0;;0;00401600;CDSFileStream::FUN_00401600;0
CHistoryScript;004830a0;;1;004186c0;CLevelScript::FUN_004186c0;0
CHistoryScript;004830a0;;2;00418bf0;CLevelScript::FUN_00418bf0;0
CHistoryScript;004830a0;;3;00422780;CHistoryScript::FUN_00422780;0
CHistoryScript;004830b4;;0;004011f0;CDSChain::FUN_004011f0;0
CHistoryScript;004830b4;;1;0042ac90;CDSChain::FUN_0042ac90;0
CHistoryScript;004830b4;;2;00421820;CLevelScript::FUN_00421820;0
CHistoryScript;004830b4;;3;004227a0;CHistoryScript::FUN_004227a0;0
CHistoryScript;004830b4;;4;00438e40;CLevelScript::FUN_00438e40;0
CHistoryScript;004830b4;;5;00438340;CHistoryScript::CDSView_NoOpStub;0
CHistoryScript;004830d0;;0;00422760;CHistoryScript::FUN_00422760;0
CHistoryScript;004830d0;;1;00422ae0;CHistoryScript::FUN_00422ae0;0
CHistoryScript;004830d0;;2;004216c0;CLevelScript::FUN_004216c0;0
CHistoryView;004832b0;;0;00402890;CBulanci::FUN_00402890;0
CHistoryView;004832b0;;1;004049d0;CBulanci::FUN_004049d0;0
CHistoryView;004832b0;;2;00423db0;CDSView::FUN_00423db0;0
CHistoryView;004832b0;;3;00421910;CDSView::FUN_00421910;0
CHistoryView;004832c4;;0;00402880;CBulanci::FUN_00402880;0
CHistoryView;004832c4;;1;004049c0;CBulanci::FUN_004049c0;0
CHistoryView;004832c4;;2;004034a0;CDSView::FUN_004034a0;0
CHistoryView;004832c4;;3;0040ad90;CDSView::FUN_0040ad90;0
CHistoryView;004832c4;;4;0042c040;CHistoryView::CDSView_DispatchEvent;0
CHistoryView;004832dc;;0;004011f0;CDSChain::FUN_004011f0;0
CHistoryView;004832dc;;1;0042ac90;CDSChain::FUN_0042ac90;0
CHistoryView;004832dc;;2;0041aa40;CDSChain::FUN_0041aa40;0
CHistoryView;004832dc;;3;00416f40;CDSView::FUN_00416f40;0
CHistoryView;004832dc;;4;00438340;CHistoryView::CDSView_NoOpStub;0
CHistoryView;004832dc;;5;00438340;CHistoryView::CDSView_NoOpStub;0
CHistoryView;004832fc;;0;00422ad0;CHistoryView::FUN_00422ad0;0
CHistoryView;004832fc;;1;0040ada0;CHistoryView::CDSView_DtorScalar;0
CHistoryView;004832fc;;2;004245c0;CHistoryView::CDSObject_ReleaseViaVtable;0
CHistoryView;004832fc;;3;0042c2e0;CHistoryView::CDSView_GetDataSize;0
CHistoryView;004832fc;;4;0042c320;CHistoryView::CDSView_SaveData;0
CHistoryView;004832fc;;5;0042c370;CHistoryView::CDSView_LoadData;0
CHistoryView;004832fc;;6;004033a0;CHistoryView::CDSView_GetDataKindStubZero;0
CHistoryView;004832fc;;7;004028a0;CHistoryView::CDSView_HitTest;0
CHistoryView;004832fc;;8;0042cae0;CHistoryView::CDSView_AdaptDisplaySize;0
CHistoryView;004832fc;;9;0042ca30;CHistoryView::CDSView_InvalidateRectClipped;0
CHistoryView;004832fc;;10;0042c580;CHistoryView::CDSView_ComputeAnchoredRect;0
CHistoryView;004832fc;;11;0042c480;CHistoryView::CDSView_SetRect;0
CHistoryView;004832fc;;12;0042c430;CHistoryView::CDSView_GetParentBounds;0
CHistoryView;004832fc;;13;0042c3e0;CHistoryView::CDSView_IsModalDoneRecursive;0
CHistoryView;004832fc;;14;0042ccf0;CHistoryView::CDSView_RenderChildrenClipped;0
CHistoryView;004832fc;;15;00438340;CHistoryView::CDSView_NoOpStub;0
CHistoryView;004832fc;;16;00438340;CHistoryView::CDSView_NoOpStub;0
CHistoryView;004832fc;;17;00438340;CHistoryView::CDSView_NoOpStub;0
CHistoryView;004832fc;;18;00438340;CHistoryView::CDSView_NoOpStub;0
CHistoryView;004832fc;;19;0042cf50;CHistoryView::CDSView_OnLButtonDownAcquireFocus;0
CHistoryView;004832fc;;20;00416770;CHistoryView::CDSView_OnMouseStub;0
CHistoryView;004832fc;;21;00416770;CHistoryView::CDSView_OnMouseStub;0
CHistoryView;004832fc;;22;0042c0c0;CHistoryView::CDSView_OnKeyDown;0
CHistoryView;004832fc;;23;0042c0e0;CHistoryView::CDSView_OnKeyUp;0
CHistoryView;004832fc;;24;0042c100;CHistoryView::CDSView_OnChar;0
CHistoryView;004832fc;;25;00422670;CHistoryView::CHistoryView_OnEvent;0
CHistoryView;004832fc;;26;0042c7d0;CHistoryView::CDSApp_RouteSyntheticCloseEvent;0
CHistoryView;004832fc;;27;00438f80;CHistoryView::CDSView_EmptyHook27;0
CIcon;0047fdd0;;0;00402890;CBulanci::FUN_00402890;0
CIcon;0047fdd0;;1;004049d0;CBulanci::FUN_004049d0;0
CIcon;0047fdd0;;2;00423db0;CDSView::FUN_00423db0;0
CIcon;0047fdd0;;3;00404a70;CIcon::CIcon_AdjustorThunk04_Dtor;0
CIcon;0047fde4;;0;00402880;CBulanci::FUN_00402880;0
CIcon;0047fde4;;1;004049c0;CBulanci::FUN_004049c0;0
CIcon;0047fde4;;2;004034a0;CDSView::FUN_004034a0;0
CIcon;0047fde4;;3;00404a90;CIcon::CIcon_AdjustorThunk18_Dtor;0
CIcon;0047fde4;;4;0042c040;CIcon::CDSView_DispatchEvent;0
CIcon;0047fdfc;;0;004011f0;CDSChain::FUN_004011f0;0
CIcon;0047fdfc;;1;0042ac90;CDSChain::FUN_0042ac90;0
CIcon;0047fdfc;;2;0041aa40;CDSChain::FUN_0041aa40;0
CIcon;0047fdfc;;3;00404a80;CIcon::CIcon_AdjustorThunk10_Dtor;0
CIcon;0047fdfc;;4;00438340;CIcon::CDSView_NoOpStub;0
CIcon;0047fdfc;;5;00438340;CIcon::CDSView_NoOpStub;0
CIcon;0047fe1c;;0;00404a60;CIcon::CIcon_GetTypeDescriptor;0
CIcon;0047fe1c;;1;004065e0;CIcon::CIcon_vDtor;0
CIcon;0047fe1c;;2;004245c0;CIcon::CDSObject_ReleaseViaVtable;0
CIcon;0047fe1c;;3;0042c2e0;CIcon::CDSView_GetDataSize;0
CIcon;0047fe1c;;4;0042c320;CIcon::CDSView_SaveData;0
CIcon;0047fe1c;;5;0042c370;CIcon::CDSView_LoadData;0
CIcon;0047fe1c;;6;004033a0;CIcon::CDSView_GetDataKindStubZero;0
CIcon;0047fe1c;;7;004028a0;CIcon::CDSView_HitTest;0
CIcon;0047fe1c;;8;0042cae0;CIcon::CDSView_AdaptDisplaySize;0
CIcon;0047fe1c;;9;0042ca30;CIcon::CDSView_InvalidateRectClipped;0
CIcon;0047fe1c;;10;0042c580;CIcon::CDSView_ComputeAnchoredRect;0
CIcon;0047fe1c;;11;0042c480;CIcon::CDSView_SetRect;0
CIcon;0047fe1c;;12;0042c430;CIcon::CDSView_GetParentBounds;0
CIcon;0047fe1c;;13;0042c3e0;CIcon::CDSView_IsModalDoneRecursive;0
CIcon;0047fe1c;;14;00403e40;CIcon::CIcon_Render;0
CIcon;0047fe1c;;15;00438340;CIcon::CDSView_NoOpStub;0
CIcon;0047fe1c;;16;00438340;CIcon::CDSView_NoOpStub;0
CIcon;0047fe1c;;17;004030a0;CIcon::CIcon_Invalidate;0
CIcon;0047fe1c;;18;004030a0;CIcon::CIcon_Invalidate;0
CIcon;0047fe1c;;19;00403070;CIcon::CIcon_OnMouseDown;0
CIcon;0047fe1c;;20;00403ea0;CIcon::CIcon_OnMouseUp;0
CIcon;0047fe1c;;21;00416770;CIcon::CDSView_OnMouseStub;0
CIcon;0047fe1c;;22;0042c0c0;CIcon::CDSView_OnKeyDown;0
CIcon;0047fe1c;;23;0042c0e0;CIcon::CDSView_OnKeyUp;0
CIcon;0047fe1c;;24;0042c100;CIcon::CDSView_OnChar;0
CIcon;0047fe1c;;25;0042c770;CIcon::CDSApp_BroadcastSyntheticEventToChildren;0
CIcon;0047fe1c;;26;0042c7d0;CIcon::CDSApp_RouteSyntheticCloseEvent;0
CIcon;0047fe1c;;27;00438f80;CIcon::CDSView_EmptyHook27;0
CItemInfo;0047faa4;;0;00403500;CItemInfo::FUN_00403500;0
CItemInfo;0047faa4;;1;00434ae0;CDSException::FUN_00434ae0;0
CItemInfo;0047faa4;;2;004245c0;CItemInfo::CDSObject_ReleaseViaVtable;0
CItemInfo;0047faa4;;3;00434b10;CItemInfo::FUN_00434b10;0
CKeybShow;00480dc0;;0;00402890;CBulanci::FUN_00402890;0
CKeybShow;00480dc0;;1;004049d0;CBulanci::FUN_004049d0;0
CKeybShow;00480dc0;;2;00423db0;CDSView::FUN_00423db0;0
CKeybShow;00480dc0;;3;0040bc10;CWindow::FUN_0040bc10;0
CKeybShow;00480dd4;;0;00402880;CBulanci::FUN_00402880;0
CKeybShow;00480dd4;;1;004049c0;CBulanci::FUN_004049c0;0
CKeybShow;00480dd4;;2;004034a0;CDSView::FUN_004034a0;0
CKeybShow;00480dd4;;3;0040be20;CWindow::FUN_0040be20;0
CKeybShow;00480dd4;;4;0042c040;CKeybShow::CDSView_DispatchEvent;0
CKeybShow;00480dec;;0;004011f0;CDSChain::FUN_004011f0;0
CKeybShow;00480dec;;1;0042ac90;CDSChain::FUN_0042ac90;0
CKeybShow;00480dec;;2;0041aa40;CDSChain::FUN_0041aa40;0
CKeybShow;00480dec;;3;0040c540;CWindow::FUN_0040c540;0
CKeybShow;00480dec;;4;00438340;CKeybShow::CDSView_NoOpStub;0
CKeybShow;00480dec;;5;00438340;CKeybShow::CDSView_NoOpStub;0
CKeybShow;00480e0c;;0;0040bbf0;CKeybShow::CKeybShow_GetTypeDescriptor;0
CKeybShow;00480e0c;;1;0040f120;CWindow::CWindow_vDtor;0
CKeybShow;00480e0c;;2;004245c0;CKeybShow::CDSObject_ReleaseViaVtable;0
CKeybShow;00480e0c;;3;0042c2e0;CKeybShow::CDSView_GetDataSize;0
CKeybShow;00480e0c;;4;0042c320;CKeybShow::CDSView_SaveData;0
CKeybShow;00480e0c;;5;0042c370;CKeybShow::CDSView_LoadData;0
CKeybShow;00480e0c;;6;004033a0;CKeybShow::CDSView_GetDataKindStubZero;0
CKeybShow;00480e0c;;7;004028a0;CKeybShow::CDSView_HitTest;0
CKeybShow;00480e0c;;8;0042cae0;CKeybShow::CDSView_AdaptDisplaySize;0
CKeybShow;00480e0c;;9;0042ca30;CKeybShow::CDSView_InvalidateRectClipped;0
CKeybShow;00480e0c;;10;0042c580;CKeybShow::CDSView_ComputeAnchoredRect;0
CKeybShow;00480e0c;;11;0042c480;CKeybShow::CDSView_SetRect;0
CKeybShow;00480e0c;;12;0042c430;CKeybShow::CDSView_GetParentBounds;0
CKeybShow;00480e0c;;13;0042c3e0;CKeybShow::CDSView_IsModalDoneRecursive;0
CKeybShow;00480e0c;;14;004055c0;CWindow::CWindow_Render;0
CKeybShow;00480e0c;;15;00438340;CKeybShow::CDSView_NoOpStub;0
CKeybShow;00480e0c;;16;00438340;CKeybShow::CDSView_NoOpStub;0
CKeybShow;00480e0c;;17;00438340;CKeybShow::CDSView_NoOpStub;0
CKeybShow;00480e0c;;18;00438340;CKeybShow::CDSView_NoOpStub;0
CKeybShow;00480e0c;;19;0042cf50;CKeybShow::CDSView_OnLButtonDownAcquireFocus;0
CKeybShow;00480e0c;;20;00416770;CKeybShow::CDSView_OnMouseStub;0
CKeybShow;00480e0c;;21;00416770;CKeybShow::CDSView_OnMouseStub;0
CKeybShow;00480e0c;;22;00403d60;CWindow::FUN_00403d60;0
CKeybShow;00480e0c;;23;0042c0e0;CKeybShow::CDSView_OnKeyUp;0
CKeybShow;00480e0c;;24;0042c100;CKeybShow::CDSView_OnChar;0
CKeybShow;00480e0c;;25;0042c770;CKeybShow::CDSApp_BroadcastSyntheticEventToChildren;0
CKeybShow;00480e0c;;26;0042c7d0;CKeybShow::CDSApp_RouteSyntheticCloseEvent;0
CKeybShow;00480e0c;;27;00438f80;CKeybShow::CDSView_EmptyHook27;0
CLevelList;00480718;;0;004034d0;CScroller::FUN_004034d0;0
CLevelList;00480718;;1;00404de0;CScroller::FUN_00404de0;0
CLevelList;00480718;;2;004229a0;CScroller::FUN_004229a0;0
CLevelList;00480718;;3;0040b130;CListBox::CListBox::FUN_0040b130;0
CLevelList;00480718;;4;00403120;CScroller::FUN_00403120;0
CLevelList;00480730;;0;00402890;CBulanci::FUN_00402890;0
CLevelList;00480730;;1;004049d0;CBulanci::FUN_004049d0;0
CLevelList;00480730;;2;00423db0;CDSView::FUN_00423db0;0
CLevelList;00480730;;3;004082b0;CListBox::CListBox::FUN_004082b0;0
CLevelList;00480744;;0;00402880;CBulanci::FUN_00402880;0
CLevelList;00480744;;1;004049c0;CBulanci::FUN_004049c0;0
CLevelList;00480744;;2;004034a0;CDSView::FUN_004034a0;0
CLevelList;00480744;;3;004082a0;CListBox::CListBox::FUN_004082a0;0
CLevelList;00480744;;4;0042c040;CLevelList::CDSView_DispatchEvent;0
CLevelList;0048075c;;0;004011f0;CDSChain::FUN_004011f0;0
CLevelList;0048075c;;1;0042ac90;CDSChain::FUN_0042ac90;0
CLevelList;0048075c;;2;0041aa40;CDSChain::FUN_0041aa40;0
CLevelList;0048075c;;3;0040d0a0;CListBox::CListBox::FUN_0040d0a0;0
CLevelList;0048075c;;4;00438340;CLevelList::CDSView_NoOpStub;0
CLevelList;0048075c;;5;00438340;CLevelList::CDSView_NoOpStub;0
CLevelList;0048077c;;0;0040b120;CLevelList::CLevelList_GetTypeDescriptor;0
CLevelList;0048077c;;1;00408350;CListBox::CListBox::CListBox_vDtor;0
CLevelList;0048077c;;2;004245c0;CLevelList::CDSObject_ReleaseViaVtable;0
CLevelList;0048077c;;3;0042c2e0;CLevelList::CDSView_GetDataSize;0
CLevelList;0048077c;;4;0042c320;CLevelList::CDSView_SaveData;0
CLevelList;0048077c;;5;0042c370;CLevelList::CDSView_LoadData;0
CLevelList;0048077c;;6;004033a0;CLevelList::CDSView_GetDataKindStubZero;0
CLevelList;0048077c;;7;004028a0;CLevelList::CDSView_HitTest;0
CLevelList;0048077c;;8;0042cae0;CLevelList::CDSView_AdaptDisplaySize;0
CLevelList;0048077c;;9;0042ca30;CLevelList::CDSView_InvalidateRectClipped;0
CLevelList;0048077c;;10;0042c580;CLevelList::CDSView_ComputeAnchoredRect;0
CLevelList;0048077c;;11;00405dd0;CListViewer::CListViewer_OnMouseClick;0
CLevelList;0048077c;;12;0042c430;CLevelList::CDSView_GetParentBounds;0
CLevelList;0048077c;;13;0042c3e0;CLevelList::CDSView_IsModalDoneRecursive;0
CLevelList;0048077c;;14;004057c0;CScroller::FUN_004057c0;0
CLevelList;0048077c;;15;00438340;CLevelList::CDSView_NoOpStub;0
CLevelList;0048077c;;16;00438340;CLevelList::CDSView_NoOpStub;0
CLevelList;0048077c;;17;00438340;CLevelList::CDSView_NoOpStub;0
CLevelList;0048077c;;18;00438340;CLevelList::CDSView_NoOpStub;0
CLevelList;0048077c;;19;004081a0;CListViewer::FUN_004081a0;0
CLevelList;0048077c;;20;00416770;CLevelList::CDSView_OnMouseStub;0
CLevelList;0048077c;;21;00416770;CLevelList::CDSView_OnMouseStub;0
CLevelList;0048077c;;22;00405930;CScroller::FUN_00405930;0
CLevelList;0048077c;;23;00406cc0;CScroller::FUN_00406cc0;0
CLevelList;0048077c;;24;0042c100;CLevelList::CDSView_OnChar;0
CLevelList;0048077c;;25;0042c770;CLevelList::CDSApp_BroadcastSyntheticEventToChildren;0
CLevelList;0048077c;;26;0042c7d0;CLevelList::CDSApp_RouteSyntheticCloseEvent;0
CLevelList;0048077c;;27;00404110;CScroller::FUN_00404110;0
CLevelList;0048077c;;28;00406d00;CListViewer::FUN_00406d00;0
CLevelList;0048077c;;29;0040d490;CLevelList::CLevelList_RenderItem;0
CLevelScore;00480440;;0;004011f0;CDSChain::FUN_004011f0;0
CLevelScore;00480440;;1;0042ac90;CDSChain::FUN_0042ac90;0
CLevelScore;00480440;;2;0041aa40;CDSChain::FUN_0041aa40;0
CLevelScore;00480440;;3;00409320;CLevelScore::DeletingDestructorThunk_4;0
CLevelScore;00480440;;4;00409050;CLevelScore::Deserialize;0
CLevelScore;00480440;;5;00409690;CLevelScore::Serialize;0
CLevelScore;0048045c;;0;00409310;CLevelScore::GetClassIdentifier;0
CLevelScore;0048045c;;1;00409a40;CLevelScore::CLevelScore_scalar_deleting_dtor;0
CLevelScore;0048045c;;2;004245c0;CLevelScore::CDSObject_ReleaseViaVtable;0
CLevelScript;00481d6c;;0;004034d0;CScroller::FUN_004034d0;0
CLevelScript;00481d6c;;1;004186e0;CLevelScript::FUN_004186e0;0
CLevelScript;00481d6c;;2;00418be0;CLevelScript::FUN_00418be0;0
CLevelScript;00481d6c;;3;004186a0;CLevelScript::FUN_004186a0;0
CLevelScript;00481d6c;;4;00416a90;CLevelScript::CLevelScriptTimer_FireOnTimer;0
CLevelScript;00481d84;;0;00409470;CLevelScript::GetResourceName;0
CLevelScript;00481d84;;1;00422770;CLevelScript::FUN_00422770;0
CLevelScript;00481d84;;2;00421810;CLevelScript::FUN_00421810;0
CLevelScript;00481d84;;3;00418690;CLevelScript::FUN_00418690;0
CLevelScript;00481d84;;4;00409480;CLevelScript::AlwaysReturnsZero;0
CLevelScript;00481d9c;;0;00401600;CDSFileStream::FUN_00401600;0
CLevelScript;00481d9c;;1;004186c0;CLevelScript::FUN_004186c0;0
CLevelScript;00481d9c;;2;00418bf0;CLevelScript::FUN_00418bf0;0
CLevelScript;00481d9c;;3;004186d0;CLevelScript::FUN_004186d0;0
CLevelScript;00481db0;;0;004011f0;CDSChain::FUN_004011f0;0
CLevelScript;00481db0;;1;0042ac90;CDSChain::FUN_0042ac90;0
CLevelScript;00481db0;;2;00421820;CLevelScript::FUN_00421820;0
CLevelScript;00481db0;;3;004186b0;CLevelScript::FUN_004186b0;0
CLevelScript;00481db0;;4;00438e40;CLevelScript::FUN_00438e40;0
CLevelScript;00481db0;;5;00438340;CLevelScript::CDSView_NoOpStub;0
CLevelScript;00481dcc;;0;00418680;CLevelScript::FUN_00418680;0
CLevelScript;00481dcc;;1;0041a450;CLevelScript::FUN_0041a450;0
CLevelScript;00481dcc;;2;004216c0;CLevelScript::FUN_004216c0;0
CListBox;004802c0;;0;004034d0;CScroller::FUN_004034d0;0
CListBox;004802c0;;1;00404de0;CScroller::FUN_00404de0;0
CListBox;004802c0;;2;004229a0;CScroller::FUN_004229a0;0
CListBox;004802c0;;3;0040b130;CListBox::CListBox::FUN_0040b130;0
CListBox;004802c0;;4;00403120;CScroller::FUN_00403120;0
CListBox;004802d8;;0;00402890;CBulanci::FUN_00402890;0
CListBox;004802d8;;1;004049d0;CBulanci::FUN_004049d0;0
CListBox;004802d8;;2;00423db0;CDSView::FUN_00423db0;0
CListBox;004802d8;;3;004082b0;CListBox::CListBox::FUN_004082b0;0
CListBox;004802ec;;0;00402880;CBulanci::FUN_00402880;0
CListBox;004802ec;;1;004049c0;CBulanci::FUN_004049c0;0
CListBox;004802ec;;2;004034a0;CDSView::FUN_004034a0;0
CListBox;004802ec;;3;004082a0;CListBox::CListBox::FUN_004082a0;0
CListBox;004802ec;;4;0042c040;CListBox::CDSView_DispatchEvent;0
CListBox;00480304;;0;004011f0;CDSChain::FUN_004011f0;0
CListBox;00480304;;1;0042ac90;CDSChain::FUN_0042ac90;0
CListBox;00480304;;2;0041aa40;CDSChain::FUN_0041aa40;0
CListBox;00480304;;3;0040d0a0;CListBox::CListBox::FUN_0040d0a0;0
CListBox;00480304;;4;00438340;CListBox::CDSView_NoOpStub;0
CListBox;00480304;;5;00438340;CListBox::CDSView_NoOpStub;0
CListBox;00480324;;0;00408290;CListBox::CListBox::CListBox_GetTypeDescriptor;0
CListBox;00480324;;1;00408350;CListBox::CListBox::CListBox_vDtor;0
CListBox;00480324;;2;004245c0;CListBox::CDSObject_ReleaseViaVtable;0
CListBox;00480324;;3;0042c2e0;CListBox::CDSView_GetDataSize;0
CListBox;00480324;;4;0042c320;CListBox::CDSView_SaveData;0
CListBox;00480324;;5;0042c370;CListBox::CDSView_LoadData;0
CListBox;00480324;;6;004033a0;CListBox::CDSView_GetDataKindStubZero;0
CListBox;00480324;;7;004028a0;CListBox::CDSView_HitTest;0
CListBox;00480324;;8;0042cae0;CListBox::CDSView_AdaptDisplaySize;0
CListBox;00480324;;9;0042ca30;CListBox::CDSView_InvalidateRectClipped;0
CListBox;00480324;;10;0042c580;CListBox::CDSView_ComputeAnchoredRect;0
CListBox;00480324;;11;00405dd0;CListViewer::CListViewer_OnMouseClick;0
CListBox;00480324;;12;0042c430;CListBox::CDSView_GetParentBounds;0
CListBox;00480324;;13;0042c3e0;CListBox::CDSView_IsModalDoneRecursive;0
CListBox;00480324;;14;004057c0;CScroller::FUN_004057c0;0
CListBox;00480324;;15;00438340;CListBox::CDSView_NoOpStub;0
CListBox;00480324;;16;00438340;CListBox::CDSView_NoOpStub;0
CListBox;00480324;;17;00438340;CListBox::CDSView_NoOpStub;0
CListBox;00480324;;18;00438340;CListBox::CDSView_NoOpStub;0
CListBox;00480324;;19;004081a0;CListViewer::FUN_004081a0;0
CListBox;00480324;;20;00416770;CListBox::CDSView_OnMouseStub;0
CListBox;00480324;;21;00416770;CListBox::CDSView_OnMouseStub;0
CListBox;00480324;;22;00405930;CScroller::FUN_00405930;0
CListBox;00480324;;23;00406cc0;CScroller::FUN_00406cc0;0
CListBox;00480324;;24;0042c100;CListBox::CDSView_OnChar;0
CListBox;00480324;;25;0042c770;CListBox::CDSApp_BroadcastSyntheticEventToChildren;0
CListBox;00480324;;26;0042c7d0;CListBox::CDSApp_RouteSyntheticCloseEvent;0
CListBox;00480324;;27;00404110;CScroller::FUN_00404110;0
CListBox;00480324;;28;00406d00;CListViewer::FUN_00406d00;0
CListBox;00480324;;29;00405fc0;CListBox::CListBox::CListBox_RenderItem;0
CListBoxItem;0047ff50;;0;00404c70;CListBoxItem::FUN_00404c70;0
CListBoxItem;0047ff50;;1;004066c0;CListBoxItem::FUN_004066c0;0
CListBoxItem;0047ff50;;2;004245c0;CListBoxItem::CDSObject_ReleaseViaVtable;0
CListBoxItem;0047ff50;;3;00434b10;CItemInfo::FUN_00434b10;0
CListViewer;004801e0;;0;004034d0;CScroller::FUN_004034d0;0
CListViewer;004801e0;;1;00404de0;CScroller::FUN_00404de0;0
CListViewer;004801e0;;2;004229a0;CScroller::FUN_004229a0;0
CListViewer;004801e0;;3;00407fe0;CListViewer::FUN_00407fe0;0
CListViewer;004801e0;;4;00403120;CScroller::FUN_00403120;0
CListViewer;004801f8;;0;00402890;CBulanci::FUN_00402890;0
CListViewer;004801f8;;1;004049d0;CBulanci::FUN_004049d0;0
CListViewer;004801f8;;2;00423db0;CDSView::FUN_00423db0;0
CListViewer;004801f8;;3;00408000;CListViewer::FUN_00408000;0
CListViewer;0048020c;;0;00402880;CBulanci::FUN_00402880;0
CListViewer;0048020c;;1;004049c0;CBulanci::FUN_004049c0;0
CListViewer;0048020c;;2;004034a0;CDSView::FUN_004034a0;0
CListViewer;0048020c;;3;00407ff0;CListViewer::FUN_00407ff0;0
CListViewer;0048020c;;4;0042c040;CListViewer::CDSView_DispatchEvent;0
CListViewer;00480224;;0;004011f0;CDSChain::FUN_004011f0;0
CListViewer;00480224;;1;0042ac90;CDSChain::FUN_0042ac90;0
CListViewer;00480224;;2;0041aa40;CDSChain::FUN_0041aa40;0
CListViewer;00480224;;3;00408010;CListViewer::FUN_00408010;0
CListViewer;00480224;;4;00438340;CListViewer::CDSView_NoOpStub;0
CListViewer;00480224;;5;00438340;CListViewer::CDSView_NoOpStub;0
CListViewer;00480244;;0;00407fd0;CListViewer::CListViewer_GetTypeDescriptor;0
CListViewer;00480244;;1;00408330;CListViewer::CListViewer_vDtor;0
CListViewer;00480244;;2;004245c0;CListViewer::CDSObject_ReleaseViaVtable;0
CListViewer;00480244;;3;0042c2e0;CListViewer::CDSView_GetDataSize;0
CListViewer;00480244;;4;0042c320;CListViewer::CDSView_SaveData;0
CListViewer;00480244;;5;0042c370;CListViewer::CDSView_LoadData;0
CListViewer;00480244;;6;004033a0;CListViewer::CDSView_GetDataKindStubZero;0
CListViewer;00480244;;7;004028a0;CListViewer::CDSView_HitTest;0
CListViewer;00480244;;8;0042cae0;CListViewer::CDSView_AdaptDisplaySize;0
CListViewer;00480244;;9;0042ca30;CListViewer::CDSView_InvalidateRectClipped;0
CListViewer;00480244;;10;0042c580;CListViewer::CDSView_ComputeAnchoredRect;0
CListViewer;00480244;;11;00405dd0;CListViewer::CListViewer_OnMouseClick;0
CListViewer;00480244;;12;0042c430;CListViewer::CDSView_GetParentBounds;0
CListViewer;00480244;;13;0042c3e0;CListViewer::CDSView_IsModalDoneRecursive;0
CListViewer;00480244;;14;004057c0;CScroller::FUN_004057c0;0
CListViewer;00480244;;15;00438340;CListViewer::CDSView_NoOpStub;0
CListViewer;00480244;;16;00438340;CListViewer::CDSView_NoOpStub;0
CListViewer;00480244;;17;00438340;CListViewer::CDSView_NoOpStub;0
CListViewer;00480244;;18;00438340;CListViewer::CDSView_NoOpStub;0
CListViewer;00480244;;19;004081a0;CListViewer::FUN_004081a0;0
CListViewer;00480244;;20;00416770;CListViewer::CDSView_OnMouseStub;0
CListViewer;00480244;;21;00416770;CListViewer::CDSView_OnMouseStub;0
CListViewer;00480244;;22;00405930;CScroller::FUN_00405930;0
CListViewer;00480244;;23;00406cc0;CScroller::FUN_00406cc0;0
CListViewer;00480244;;24;0042c100;CListViewer::CDSView_OnChar;0
CListViewer;00480244;;25;0042c770;CListViewer::CDSApp_BroadcastSyntheticEventToChildren;0
CListViewer;00480244;;26;0042c7d0;CListViewer::CDSApp_RouteSyntheticCloseEvent;0
CListViewer;00480244;;27;00404110;CScroller::FUN_00404110;0
CListViewer;00480244;;28;00406d00;CListViewer::FUN_00406d00;0
CListViewer;00480244;;29;00416770;CListViewer::CDSView_OnMouseStub;0
CLoadingLevel;0048163c;;0;00402890;CBulanci::FUN_00402890;0
CLoadingLevel;0048163c;;1;004049d0;CBulanci::FUN_004049d0;0
CLoadingLevel;0048163c;;2;00423db0;CDSView::FUN_00423db0;0
CLoadingLevel;0048163c;;3;0040bc10;CWindow::FUN_0040bc10;0
CLoadingLevel;00481650;;0;00402880;CBulanci::FUN_00402880;0
CLoadingLevel;00481650;;1;004049c0;CBulanci::FUN_004049c0;0
CLoadingLevel;00481650;;2;004034a0;CDSView::FUN_004034a0;0
CLoadingLevel;00481650;;3;0040be20;CWindow::FUN_0040be20;0
CLoadingLevel;00481650;;4;0042c040;CLoadingLevel::CDSView_DispatchEvent;0
CLoadingLevel;00481668;;0;004011f0;CDSChain::FUN_004011f0;0
CLoadingLevel;00481668;;1;0042ac90;CDSChain::FUN_0042ac90;0
CLoadingLevel;00481668;;2;0041aa40;CDSChain::FUN_0041aa40;0
CLoadingLevel;00481668;;3;0040c540;CWindow::FUN_0040c540;0
CLoadingLevel;00481668;;4;00438340;CLoadingLevel::CDSView_NoOpStub;0
CLoadingLevel;00481668;;5;00438340;CLoadingLevel::CDSView_NoOpStub;0
CLoadingLevel;00481684;;0;0040e100;CLoadingLevel::FUN_0040e100;0
CLoadingLevel;00481684;;1;0040f120;CWindow::CWindow_vDtor;0
CLoadingLevel;00481684;;2;004245c0;CLoadingLevel::CDSObject_ReleaseViaVtable;0
CLoadingLevel;00481684;;3;0042c2e0;CLoadingLevel::CDSView_GetDataSize;0
CLoadingLevel;00481684;;4;0042c320;CLoadingLevel::CDSView_SaveData;0
CLoadingLevel;00481684;;5;0042c370;CLoadingLevel::CDSView_LoadData;0
CLoadingLevel;00481684;;6;004033a0;CLoadingLevel::CDSView_GetDataKindStubZero;0
CLoadingLevel;00481684;;7;004028a0;CLoadingLevel::CDSView_HitTest;0
CLoadingLevel;00481684;;8;0042cae0;CLoadingLevel::CDSView_AdaptDisplaySize;0
CLoadingLevel;00481684;;9;0042ca30;CLoadingLevel::CDSView_InvalidateRectClipped;0
CLoadingLevel;00481684;;10;0042c580;CLoadingLevel::CDSView_ComputeAnchoredRect;0
CLoadingLevel;00481684;;11;0042c480;CLoadingLevel::CDSView_SetRect;0
CLoadingLevel;00481684;;12;0042c430;CLoadingLevel::CDSView_GetParentBounds;0
CLoadingLevel;00481684;;13;0042c3e0;CLoadingLevel::CDSView_IsModalDoneRecursive;0
CLoadingLevel;00481684;;14;004055c0;CWindow::CWindow_Render;0
CLoadingLevel;00481684;;15;00438340;CLoadingLevel::CDSView_NoOpStub;0
CLoadingLevel;00481684;;16;00438340;CLoadingLevel::CDSView_NoOpStub;0
CLoadingLevel;00481684;;17;00438340;CLoadingLevel::CDSView_NoOpStub;0
CLoadingLevel;00481684;;18;00438340;CLoadingLevel::CDSView_NoOpStub;0
CLoadingLevel;00481684;;19;0042cf50;CLoadingLevel::CDSView_OnLButtonDownAcquireFocus;0
CLoadingLevel;00481684;;20;00416770;CLoadingLevel::CDSView_OnMouseStub;0
CLoadingLevel;00481684;;21;00416770;CLoadingLevel::CDSView_OnMouseStub;0
CLoadingLevel;00481684;;22;00403d60;CWindow::FUN_00403d60;0
CLoadingLevel;00481684;;23;0042c0e0;CLoadingLevel::CDSView_OnKeyUp;0
CLoadingLevel;00481684;;24;0042c100;CLoadingLevel::CDSView_OnChar;0
CLoadingLevel;00481684;;25;0042c770;CLoadingLevel::CDSApp_BroadcastSyntheticEventToChildren;0
CLoadingLevel;00481684;;26;0042c7d0;CLoadingLevel::CDSApp_RouteSyntheticCloseEvent;0
CLoadingLevel;00481684;;27;00438f80;CLoadingLevel::CDSView_EmptyHook27;0
CMenu;00483650;;0;004034d0;CScroller::FUN_004034d0;0
CMenu;00483650;;1;00404de0;CScroller::FUN_00404de0;0
CMenu;00483650;;2;004229a0;CScroller::FUN_004229a0;0
CMenu;00483650;;3;004245e0;CMenu::FUN_004245e0;0
CMenu;00483650;;4;00424080;CMenu::CMenu_OnMusicFadeTick;0
CMenu;00483668;;0;00402890;CBulanci::FUN_00402890;0
CMenu;00483668;;1;004049d0;CBulanci::FUN_004049d0;0
CMenu;00483668;;2;00423db0;CDSView::FUN_00423db0;0
CMenu;00483668;;3;00424600;CMenu::FUN_00424600;0
CMenu;0048367c;;0;00402880;CBulanci::FUN_00402880;0
CMenu;0048367c;;1;004049c0;CBulanci::FUN_004049c0;0
CMenu;0048367c;;2;004034a0;CDSView::FUN_004034a0;0
CMenu;0048367c;;3;004245f0;CMenu::FUN_004245f0;0
CMenu;0048367c;;4;0042c040;CMenu::CDSView_DispatchEvent;0
CMenu;00483694;;0;004011f0;CDSChain::FUN_004011f0;0
CMenu;00483694;;1;0042ac90;CDSChain::FUN_0042ac90;0
CMenu;00483694;;2;0041aa40;CDSChain::FUN_0041aa40;0
CMenu;00483694;;3;004245d0;CMenu::FUN_004245d0;0
CMenu;00483694;;4;00438340;CMenu::CDSView_NoOpStub;0
CMenu;00483694;;5;00438340;CMenu::CDSView_NoOpStub;0
CMenu;004836b4;;0;004245b0;CMenu::CMenu_GetSingleton;0
CMenu;004836b4;;1;00425240;CMenu::CMenu_VectorDtorWrapper;0
CMenu;004836b4;;2;004245c0;CMenu::CDSObject_ReleaseViaVtable;0
CMenu;004836b4;;3;0042c2e0;CMenu::CDSView_GetDataSize;0
CMenu;004836b4;;4;0042c320;CMenu::CDSView_SaveData;0
CMenu;004836b4;;5;0042c370;CMenu::CDSView_LoadData;0
CMenu;004836b4;;6;004033a0;CMenu::CDSView_GetDataKindStubZero;0
CMenu;004836b4;;7;004028a0;CMenu::CDSView_HitTest;0
CMenu;004836b4;;8;0042cae0;CMenu::CDSView_AdaptDisplaySize;0
CMenu;004836b4;;9;0042ca30;CMenu::CDSView_InvalidateRectClipped;0
CMenu;004836b4;;10;0042c580;CMenu::CDSView_ComputeAnchoredRect;0
CMenu;004836b4;;11;0042c480;CMenu::CDSView_SetRect;0
CMenu;004836b4;;12;0042c430;CMenu::CDSView_GetParentBounds;0
CMenu;004836b4;;13;0042c3e0;CMenu::CDSView_IsModalDoneRecursive;0
CMenu;004836b4;;14;0042ccf0;CMenu::CDSView_RenderChildrenClipped;0
CMenu;004836b4;;15;00438340;CMenu::CDSView_NoOpStub;0
CMenu;004836b4;;16;00438340;CMenu::CDSView_NoOpStub;0
CMenu;004836b4;;17;00438340;CMenu::CDSView_NoOpStub;0
CMenu;004836b4;;18;00438340;CMenu::CDSView_NoOpStub;0
CMenu;004836b4;;19;0042cf50;CMenu::CDSView_OnLButtonDownAcquireFocus;0
CMenu;004836b4;;20;00416770;CMenu::CDSView_OnMouseStub;0
CMenu;004836b4;;21;00416770;CMenu::CDSView_OnMouseStub;0
CMenu;004836b4;;22;00424fa0;CMenu::CMenu_OnKeyDown;0
CMenu;004836b4;;23;0042c0e0;CMenu::CDSView_OnKeyUp;0
CMenu;004836b4;;24;0042c100;CMenu::CDSView_OnChar;0
CMenu;004836b4;;25;0042c770;CMenu::CDSApp_BroadcastSyntheticEventToChildren;0
CMenu;004836b4;;26;00425970;CMenu::CMenu_CmdDispatch;0
CMenu;004836b4;;27;00424f50;CMenu::CMenu_OnEvent;0
CMina;004824dc;;0;004034d0;CScroller::FUN_004034d0;0
CMina;004824dc;;1;0041aa80;CMina::FUN_0041aa80;0
CMina;004824dc;;2;0041aaa0;CMina::FUN_0041aaa0;0
CMina;004824dc;;3;0041aa50;CMina::FUN_0041aa50;0
CMina;004824dc;;4;0041c0d0;CMina::FUN_0041c0d0;0
CMina;004824f4;;0;0040b830;CBulAnim::GetTypeInfo_Sub78;0
CMina;004824f4;;1;0041ab40;CAnim::FUN_0041ab40;0
CMina;004824f4;;2;00419930;CAnim::FUN_00419930;0
CMina;004824f4;;3;0041aa70;CMina::FUN_0041aa70;0
CMina;00482508;;0;00438f20;CBulAnim::IDSAnim_NotifyEvents;0
CMina;00482508;;1;00438f60;CBulAnim::IDSAnim_BindUserData;0
CMina;00482508;;2;004391d0;CBulAnim::IDSAnim_SetSequence_thunk;0
CMina;00482508;;3;00438f80;CMina::CDSView_EmptyHook27;0
CMina;00482508;;4;00419280;CBitmap::FUN_00419280;0
CMina;00482520;;0;0040b820;CBulAnim::GetTypeInfo_Sub68;0
CMina;00482520;;1;0041a980;CShot::FUN_0041a980;0
CMina;00482520;;2;00418ed0;CShot::FUN_00418ed0;0
CMina;00482520;;3;0041aab0;CMina::FUN_0041aab0;0
CMina;00482534;;0;00402890;CBulanci::FUN_00402890;0
CMina;00482534;;1;004049d0;CBulanci::FUN_004049d0;0
CMina;00482534;;2;00423db0;CDSView::FUN_00423db0;0
CMina;00482534;;3;0041aa60;CMina::FUN_0041aa60;0
CMina;00482548;;0;00402880;CBulanci::FUN_00402880;0
CMina;00482548;;1;004049c0;CBulanci::FUN_004049c0;0
CMina;00482548;;2;004034a0;CDSView::FUN_004034a0;0
CMina;00482548;;3;0041aac0;CMina::FUN_0041aac0;0
CMina;00482548;;4;0042c040;CMina::CDSView_DispatchEvent;0
CMina;00482560;;0;004011f0;CDSChain::FUN_004011f0;0
CMina;00482560;;1;0042ac90;CDSChain::FUN_0042ac90;0
CMina;00482560;;2;0041aa40;CDSChain::FUN_0041aa40;0
CMina;00482560;;3;0041aa90;CMina::FUN_0041aa90;0
CMina;00482560;;4;00438340;CMina::CDSView_NoOpStub;0
CMina;00482560;;5;00438340;CMina::CDSView_NoOpStub;0
CMina;0048257c;;0;0041aa30;CMina::FUN_0041aa30;0
CMina;0048257c;;1;0041c530;CMina::FUN_0041c530;0
CMina;0048257c;;2;004245c0;CMina::CDSObject_ReleaseViaVtable;0
CMina;0048257c;;3;0042c2e0;CMina::CDSView_GetDataSize;0
CMina;0048257c;;4;0042c320;CMina::CDSView_SaveData;0
CMina;0048257c;;5;0042c370;CMina::CDSView_LoadData;0
CMina;0048257c;;6;004033a0;CMina::CDSView_GetDataKindStubZero;0
CMina;0048257c;;7;004028a0;CMina::CDSView_HitTest;0
CMina;0048257c;;8;0042cae0;CMina::CDSView_AdaptDisplaySize;0
CMina;0048257c;;9;0042ca30;CMina::CDSView_InvalidateRectClipped;0
CMina;0048257c;;10;0042c580;CMina::CDSView_ComputeAnchoredRect;0
CMina;0048257c;;11;00419010;CGameView::FUN_00419010;0
CMina;0048257c;;12;0042c430;CMina::CDSView_GetParentBounds;0
CMina;0048257c;;13;0042c3e0;CMina::CDSView_IsModalDoneRecursive;0
CMina;0048257c;;14;00419130;CBitmap::FUN_00419130;0
CMina;0048257c;;15;00416790;CMina::FUN_00416790;0
CMina;0048257c;;16;00438340;CMina::CDSView_NoOpStub;0
CMina;0048257c;;17;00438340;CMina::CDSView_NoOpStub;0
CMina;0048257c;;18;00438340;CMina::CDSView_NoOpStub;0
CMina;0048257c;;19;0042cf50;CMina::CDSView_OnLButtonDownAcquireFocus;0
CMina;0048257c;;20;00416770;CMina::CDSView_OnMouseStub;0
CMina;0048257c;;21;00416770;CMina::CDSView_OnMouseStub;0
CMina;0048257c;;22;0042c0c0;CMina::CDSView_OnKeyDown;0
CMina;0048257c;;23;0042c0e0;CMina::CDSView_OnKeyUp;0
CMina;0048257c;;24;0042c100;CMina::CDSView_OnChar;0
CMina;0048257c;;25;0042c770;CMina::CDSApp_BroadcastSyntheticEventToChildren;0
CMina;0048257c;;26;0042c7d0;CMina::CDSApp_RouteSyntheticCloseEvent;0
CMina;0048257c;;27;0041efb0;CMina::OnEvent;0
CMina;0048257c;;28;00417210;CGameView::FUN_00417210;0
CMina;0048257c;;29;00416f50;CGameView::FUN_00416f50;0
CMina;0048257c;;30;0041b210;CMina::FUN_0041b210;0
CMovieView;004831c8;;0;00438f20;CBulAnim::IDSAnim_NotifyEvents;0
CMovieView;004831c8;;1;00438f60;CBulAnim::IDSAnim_BindUserData;0
CMovieView;004831c8;;2;004391d0;CBulAnim::IDSAnim_SetSequence_thunk;0
CMovieView;004831c8;;3;00438f80;CMovieView::CDSView_EmptyHook27;0
CMovieView;004831c8;;4;00416770;CMovieView::CDSView_OnMouseStub;0
CMovieView;004831e0;;0;0040b820;CBulAnim::GetTypeInfo_Sub68;0
CMovieView;004831e0;;1;00404de0;CScroller::FUN_00404de0;0
CMovieView;004831e0;;2;004229a0;CScroller::FUN_004229a0;0
CMovieView;004831e0;;3;00422a40;CMovieView::ScalarDeletingDtor_Thunk_104;0
CMovieView;004831f4;;0;00402890;CBulanci::FUN_00402890;0
CMovieView;004831f4;;1;004049d0;CBulanci::FUN_004049d0;0
CMovieView;004831f4;;2;00423db0;CDSView::FUN_00423db0;0
CMovieView;004831f4;;3;00422a60;CMovieView::ScalarDeletingDtor_Thunk_24;0
CMovieView;00483208;;0;00402880;CBulanci::FUN_00402880;0
CMovieView;00483208;;1;004049c0;CBulanci::FUN_004049c0;0
CMovieView;00483208;;2;004034a0;CDSView::FUN_004034a0;0
CMovieView;00483208;;3;00422a50;CMovieView::ScalarDeletingDtor_Thunk_16;0
CMovieView;00483208;;4;0042c040;CMovieView::CDSView_DispatchEvent;0
CMovieView;00483220;;0;004011f0;CDSChain::FUN_004011f0;0
CMovieView;00483220;;1;0042ac90;CDSChain::FUN_0042ac90;0
CMovieView;00483220;;2;0041aa40;CDSChain::FUN_0041aa40;0
CMovieView;00483220;;3;00422a30;CMovieView::ScalarDeletingDtor_Thunk_4;0
CMovieView;00483220;;4;00438340;CMovieView::CDSView_NoOpStub;0
CMovieView;00483220;;5;00438340;CMovieView::CDSView_NoOpStub;0
CMovieView;0048323c;;0;00422a20;CMovieView::GetClassTable;0
CMovieView;0048323c;;1;00422ee0;CMovieView::ScalarDeletingDtor;0
CMovieView;0048323c;;2;004245c0;CMovieView::CDSObject_ReleaseViaVtable;0
CMovieView;0048323c;;3;0042c2e0;CMovieView::CDSView_GetDataSize;0
CMovieView;0048323c;;4;0042c320;CMovieView::CDSView_SaveData;0
CMovieView;0048323c;;5;0042c370;CMovieView::CDSView_LoadData;0
CMovieView;0048323c;;6;004033a0;CMovieView::CDSView_GetDataKindStubZero;0
CMovieView;0048323c;;7;004028a0;CMovieView::CDSView_HitTest;0
CMovieView;0048323c;;8;0042cae0;CMovieView::CDSView_AdaptDisplaySize;0
CMovieView;0048323c;;9;0042ca30;CMovieView::CDSView_InvalidateRectClipped;0
CMovieView;0048323c;;10;0042c580;CMovieView::CDSView_ComputeAnchoredRect;0
CMovieView;0048323c;;11;0042c480;CMovieView::CDSView_SetRect;0
CMovieView;0048323c;;12;0042c430;CMovieView::CDSView_GetParentBounds;0
CMovieView;0048323c;;13;0042c3e0;CMovieView::CDSView_IsModalDoneRecursive;0
CMovieView;0048323c;;14;0040b840;CBulAnim::PrimaryTick_thunk;0
CMovieView;0048323c;;15;00422840;CMovieView::OnMovieStop;0
CMovieView;0048323c;;16;00438340;CMovieView::CDSView_NoOpStub;0
CMovieView;0048323c;;17;00438340;CMovieView::CDSView_NoOpStub;0
CMovieView;0048323c;;18;00438340;CMovieView::CDSView_NoOpStub;0
CMovieView;0048323c;;19;004231a0;CMovieView::TogglePlayback;0
CMovieView;0048323c;;20;00416770;CMovieView::CDSView_OnMouseStub;0
CMovieView;0048323c;;21;00416770;CMovieView::CDSView_OnMouseStub;0
CMovieView;0048323c;;22;0042c0c0;CMovieView::CDSView_OnKeyDown;0
CMovieView;0048323c;;23;0042c0e0;CMovieView::CDSView_OnKeyUp;0
CMovieView;0048323c;;24;0042c100;CMovieView::CDSView_OnChar;0
CMovieView;0048323c;;25;0042c770;CMovieView::CDSApp_BroadcastSyntheticEventToChildren;0
CMovieView;0048323c;;26;0042c7d0;CMovieView::CDSApp_RouteSyntheticCloseEvent;0
CMovieView;0048323c;;27;00422860;CMovieView::OnEvent;0
CMsgDialog;004807f8;;0;00402890;CBulanci::FUN_00402890;0
CMsgDialog;004807f8;;1;004049d0;CBulanci::FUN_004049d0;0
CMsgDialog;004807f8;;2;00423db0;CDSView::FUN_00423db0;0
CMsgDialog;004807f8;;3;0040bc10;CWindow::FUN_0040bc10;0
CMsgDialog;0048080c;;0;00402880;CBulanci::FUN_00402880;0
CMsgDialog;0048080c;;1;004049c0;CBulanci::FUN_004049c0;0
CMsgDialog;0048080c;;2;004034a0;CDSView::FUN_004034a0;0
CMsgDialog;0048080c;;3;0040be20;CWindow::FUN_0040be20;0
CMsgDialog;0048080c;;4;0042c040;CMsgDialog::CDSView_DispatchEvent;0
CMsgDialog;00480824;;0;004011f0;CDSChain::FUN_004011f0;0
CMsgDialog;00480824;;1;0042ac90;CDSChain::FUN_0042ac90;0
CMsgDialog;00480824;;2;0041aa40;CDSChain::FUN_0041aa40;0
CMsgDialog;00480824;;3;0040c540;CWindow::FUN_0040c540;0
CMsgDialog;00480824;;4;00438340;CMsgDialog::CDSView_NoOpStub;0
CMsgDialog;00480824;;5;00438340;CMsgDialog::CDSView_NoOpStub;0
CMsgDialog;00480844;;0;0040b760;CMsgDialog::FUN_0040b760;0
CMsgDialog;00480844;;1;0040f120;CWindow::CWindow_vDtor;0
CMsgDialog;00480844;;2;004245c0;CMsgDialog::CDSObject_ReleaseViaVtable;0
CMsgDialog;00480844;;3;0042c2e0;CMsgDialog::CDSView_GetDataSize;0
CMsgDialog;00480844;;4;0042c320;CMsgDialog::CDSView_SaveData;0
CMsgDialog;00480844;;5;0042c370;CMsgDialog::CDSView_LoadData;0
CMsgDialog;00480844;;6;004033a0;CMsgDialog::CDSView_GetDataKindStubZero;0
CMsgDialog;00480844;;7;004028a0;CMsgDialog::CDSView_HitTest;0
CMsgDialog;00480844;;8;0042cae0;CMsgDialog::CDSView_AdaptDisplaySize;0
CMsgDialog;00480844;;9;0042ca30;CMsgDialog::CDSView_InvalidateRectClipped;0
CMsgDialog;00480844;;10;0042c580;CMsgDialog::CDSView_ComputeAnchoredRect;0
CMsgDialog;00480844;;11;0042c480;CMsgDialog::CDSView_SetRect;0
CMsgDialog;00480844;;12;0042c430;CMsgDialog::CDSView_GetParentBounds;0
CMsgDialog;00480844;;13;0042c3e0;CMsgDialog::CDSView_IsModalDoneRecursive;0
CMsgDialog;00480844;;14;004055c0;CWindow::CWindow_Render;0
CMsgDialog;00480844;;15;00438340;CMsgDialog::CDSView_NoOpStub;0
CMsgDialog;00480844;;16;00438340;CMsgDialog::CDSView_NoOpStub;0
CMsgDialog;00480844;;17;00438340;CMsgDialog::CDSView_NoOpStub;0
CMsgDialog;00480844;;18;00438340;CMsgDialog::CDSView_NoOpStub;0
CMsgDialog;00480844;;19;0042cf50;CMsgDialog::CDSView_OnLButtonDownAcquireFocus;0
CMsgDialog;00480844;;20;00416770;CMsgDialog::CDSView_OnMouseStub;0
CMsgDialog;00480844;;21;00416770;CMsgDialog::CDSView_OnMouseStub;0
CMsgDialog;00480844;;22;00403d60;CWindow::FUN_00403d60;0
CMsgDialog;00480844;;23;0042c0e0;CMsgDialog::CDSView_OnKeyUp;0
CMsgDialog;00480844;;24;0042c100;CMsgDialog::CDSView_OnChar;0
CMsgDialog;00480844;;25;0042c770;CMsgDialog::CDSApp_BroadcastSyntheticEventToChildren;0
CMsgDialog;00480844;;26;0042c7d0;CMsgDialog::CDSApp_RouteSyntheticCloseEvent;0
CMsgDialog;00480844;;27;00438f80;CMsgDialog::CDSView_EmptyHook27;0
CNumCounter;00483980;;0;004034d0;CScroller::FUN_004034d0;0
CNumCounter;00483980;;1;00404de0;CScroller::FUN_00404de0;0
CNumCounter;00483980;;2;004229a0;CScroller::FUN_004229a0;0
CNumCounter;00483980;;3;00427410;CNumCounter::CNumCounter_AdjustorThunk18_Dtor;0
CNumCounter;00483980;;4;004270a0;CNumCounter::CNumCounter_OnTimerTick;0
CNumCounter;00483998;;0;00402890;CBulanci::FUN_00402890;0
CNumCounter;00483998;;1;004049d0;CBulanci::FUN_004049d0;0
CNumCounter;00483998;;2;00423db0;CDSView::FUN_00423db0;0
CNumCounter;00483998;;3;004273f0;CNumCounter::CNumCounter_AdjustorThunk04_Dtor;0
CNumCounter;004839ac;;0;00402880;CBulanci::FUN_00402880;0
CNumCounter;004839ac;;1;004049c0;CBulanci::FUN_004049c0;0
CNumCounter;004839ac;;2;004034a0;CDSView::FUN_004034a0;0
CNumCounter;004839ac;;3;00427420;CNumCounter::CNumCounter_AdjustorThunk68_Dtor;0
CNumCounter;004839ac;;4;0042c040;CNumCounter::CDSView_DispatchEvent;0
CNumCounter;004839c4;;0;004011f0;CDSChain::FUN_004011f0;0
CNumCounter;004839c4;;1;0042ac90;CDSChain::FUN_0042ac90;0
CNumCounter;004839c4;;2;0041aa40;CDSChain::FUN_0041aa40;0
CNumCounter;004839c4;;3;00427400;CNumCounter::CNumCounter_AdjustorThunk10_Dtor;0
CNumCounter;004839c4;;4;00438340;CNumCounter::CDSView_NoOpStub;0
CNumCounter;004839c4;;5;00438340;CNumCounter::CDSView_NoOpStub;0
CNumCounter;004839e4;;0;004273e0;CNumCounter::CNumCounter_GetTypeDescriptor;0
CNumCounter;004839e4;;1;00427af0;CNumCounter::CNumCounter_vDtor;0
CNumCounter;004839e4;;2;004245c0;CNumCounter::CDSObject_ReleaseViaVtable;0
CNumCounter;004839e4;;3;0042c2e0;CNumCounter::CDSView_GetDataSize;0
CNumCounter;004839e4;;4;0042c320;CNumCounter::CDSView_SaveData;0
CNumCounter;004839e4;;5;0042c370;CNumCounter::CDSView_LoadData;0
CNumCounter;004839e4;;6;004033a0;CNumCounter::CDSView_GetDataKindStubZero;0
CNumCounter;004839e4;;7;004028a0;CNumCounter::CDSView_HitTest;0
CNumCounter;004839e4;;8;0042cae0;CNumCounter::CDSView_AdaptDisplaySize;0
CNumCounter;004839e4;;9;0042ca30;CNumCounter::CDSView_InvalidateRectClipped;0
CNumCounter;004839e4;;10;0042c580;CNumCounter::CDSView_ComputeAnchoredRect;0
CNumCounter;004839e4;;11;0042c480;CNumCounter::CDSView_SetRect;0
CNumCounter;004839e4;;12;0042c430;CNumCounter::CDSView_GetParentBounds;0
CNumCounter;004839e4;;13;0042c3e0;CNumCounter::CDSView_IsModalDoneRecursive;0
CNumCounter;004839e4;;14;00427740;CNumCounter::CNumCounter_Render;0
CNumCounter;004839e4;;15;00438340;CNumCounter::CDSView_NoOpStub;0
CNumCounter;004839e4;;16;00438340;CNumCounter::CDSView_NoOpStub;0
CNumCounter;004839e4;;17;00438340;CNumCounter::CDSView_NoOpStub;0
CNumCounter;004839e4;;18;00438340;CNumCounter::CDSView_NoOpStub;0
CNumCounter;004839e4;;19;0042cf50;CNumCounter::CDSView_OnLButtonDownAcquireFocus;0
CNumCounter;004839e4;;20;00416770;CNumCounter::CDSView_OnMouseStub;0
CNumCounter;004839e4;;21;00416770;CNumCounter::CDSView_OnMouseStub;0
CNumCounter;004839e4;;22;0042c0c0;CNumCounter::CDSView_OnKeyDown;0
CNumCounter;004839e4;;23;0042c0e0;CNumCounter::CDSView_OnKeyUp;0
CNumCounter;004839e4;;24;0042c100;CNumCounter::CDSView_OnChar;0
CNumCounter;004839e4;;25;0042c770;CNumCounter::CDSApp_BroadcastSyntheticEventToChildren;0
CNumCounter;004839e4;;26;0042c7d0;CNumCounter::CDSApp_RouteSyntheticCloseEvent;0
CNumCounter;004839e4;;27;00438f80;CNumCounter::CDSView_EmptyHook27;0
CNumEdit;00480040;;0;004034d0;CScroller::FUN_004034d0;0
CNumEdit;00480040;;1;00404de0;CScroller::FUN_00404de0;0
CNumEdit;00480040;;2;004229a0;CScroller::FUN_004229a0;0
CNumEdit;00480040;;3;00404dd0;CEdit::CEdit_AdjustorThunk04_Dtor;0
CNumEdit;00480040;;4;00403150;CEdit::CEdit_GetTextLength;0
CNumEdit;00480058;;0;00402890;CBulanci::FUN_00402890;0
CNumEdit;00480058;;1;004049d0;CBulanci::FUN_004049d0;0
CNumEdit;00480058;;2;00423db0;CDSView::FUN_00423db0;0
CNumEdit;00480058;;3;00406760;CEdit::CEdit_AdjustorThunk18_Dtor;0
CNumEdit;0048006c;;0;00402880;CBulanci::FUN_00402880;0
CNumEdit;0048006c;;1;004049c0;CBulanci::FUN_004049c0;0
CNumEdit;0048006c;;2;004034a0;CDSView::FUN_004034a0;0
CNumEdit;0048006c;;3;0040ba00;CEdit::FUN_0040ba00;0
CNumEdit;0048006c;;4;0042c040;CNumEdit::CDSView_DispatchEvent;0
CNumEdit;00480084;;0;004011f0;CDSChain::FUN_004011f0;0
CNumEdit;00480084;;1;0042ac90;CDSChain::FUN_0042ac90;0
CNumEdit;00480084;;2;0041aa40;CDSChain::FUN_0041aa40;0
CNumEdit;00480084;;3;00404df0;CEdit::CEdit_AdjustorThunk10_Dtor;0
CNumEdit;00480084;;4;00438340;CNumEdit::CDSView_NoOpStub;0
CNumEdit;00480084;;5;00438340;CNumEdit::CDSView_NoOpStub;0
CNumEdit;004800a4;;0;00406750;CNumEdit::CNumEdit_GetTypeDescriptor;0
CNumEdit;004800a4;;1;0040ba10;CEdit::CEdit_vDtor;0
CNumEdit;004800a4;;2;004245c0;CNumEdit::CDSObject_ReleaseViaVtable;0
CNumEdit;004800a4;;3;00403190;CEdit::CEdit_GetDataSize;0
CNumEdit;004800a4;;4;004031a0;CNumEdit::CNumEdit_GetValue;0
CNumEdit;004800a4;;5;00407e00;CNumEdit::CNumEdit_vDtor;0
CNumEdit;004800a4;;6;004033a0;CNumEdit::CDSView_GetDataKindStubZero;0
CNumEdit;004800a4;;7;004028a0;CNumEdit::CDSView_HitTest;0
CNumEdit;004800a4;;8;0042cae0;CNumEdit::CDSView_AdaptDisplaySize;0
CNumEdit;004800a4;;9;0042ca30;CNumEdit::CDSView_InvalidateRectClipped;0
CNumEdit;004800a4;;10;0042c580;CNumEdit::CDSView_ComputeAnchoredRect;0
CNumEdit;004800a4;;11;0042c480;CNumEdit::CDSView_SetRect;0
CNumEdit;004800a4;;12;0042c430;CNumEdit::CDSView_GetParentBounds;0
CNumEdit;004800a4;;13;00404550;CNumEdit::CNumEdit_ValidateRange;0
CNumEdit;004800a4;;14;00406100;CEdit::CEdit_Render;0
CNumEdit;004800a4;;15;00438340;CNumEdit::CDSView_NoOpStub;0
CNumEdit;004800a4;;16;00438340;CNumEdit::CDSView_NoOpStub;0
CNumEdit;004800a4;;17;00438340;CNumEdit::CDSView_NoOpStub;0
CNumEdit;004800a4;;18;00438340;CNumEdit::CDSView_NoOpStub;0
CNumEdit;004800a4;;19;0042cf50;CNumEdit::CDSView_OnLButtonDownAcquireFocus;0
CNumEdit;004800a4;;20;00416770;CNumEdit::CDSView_OnMouseStub;0
CNumEdit;004800a4;;21;00416770;CNumEdit::CDSView_OnMouseStub;0
CNumEdit;004800a4;;22;004078f0;CEdit::FUN_004078f0;0
CNumEdit;004800a4;;23;0042c0e0;CNumEdit::CDSView_OnKeyUp;0
CNumEdit;004800a4;;24;00407de0;CNumEdit::CNumEdit_AdjustorThunk04_Dtor;0
CNumEdit;004800a4;;25;0042c770;CNumEdit::CDSApp_BroadcastSyntheticEventToChildren;0
CNumEdit;004800a4;;26;0042c7d0;CNumEdit::CDSApp_RouteSyntheticCloseEvent;0
CNumEdit;004800a4;;27;00407040;CEdit::CEdit_OnFocusEvent;0
CNumEdit;004800a4;;28;00406290;CNumEdit::CNumEdit_OnTextChanged;0
CNumEdit;004800a4;;29;00406230;CEdit::CEdit_OnTimerTick;0
CObstacle;00481b94;;0;00402890;CBulanci::FUN_00402890;0
CObstacle;00481b94;;1;004049d0;CBulanci::FUN_004049d0;0
CObstacle;00481b94;;2;00423db0;CDSView::FUN_00423db0;0
CObstacle;00481b94;;3;00421910;CDSView::FUN_00421910;0
CObstacle;00481ba8;;0;00402880;CBulanci::FUN_00402880;0
CObstacle;00481ba8;;1;004049c0;CBulanci::FUN_004049c0;0
CObstacle;00481ba8;;2;004034a0;CDSView::FUN_004034a0;0
CObstacle;00481ba8;;3;0040ad90;CDSView::FUN_0040ad90;0
CObstacle;00481ba8;;4;0042c040;CObstacle::CDSView_DispatchEvent;0
CObstacle;00481bc0;;0;004011f0;CDSChain::FUN_004011f0;0
CObstacle;00481bc0;;1;0042ac90;CDSChain::FUN_0042ac90;0
CObstacle;00481bc0;;2;0041aa40;CDSChain::FUN_0041aa40;0
CObstacle;00481bc0;;3;00416f40;CDSView::FUN_00416f40;0
CObstacle;00481bc0;;4;00438340;CObstacle::CDSView_NoOpStub;0
CObstacle;00481bc0;;5;00438340;CObstacle::CDSView_NoOpStub;0
CObstacle;00481bdc;;0;00416fb0;CObstacle::FUN_00416fb0;0
CObstacle;00481bdc;;1;0040ada0;CObstacle::CDSView_DtorScalar;0
CObstacle;00481bdc;;2;004245c0;CObstacle::CDSObject_ReleaseViaVtable;0
CObstacle;00481bdc;;3;0042c2e0;CObstacle::CDSView_GetDataSize;0
CObstacle;00481bdc;;4;0042c320;CObstacle::CDSView_SaveData;0
CObstacle;00481bdc;;5;0042c370;CObstacle::CDSView_LoadData;0
CObstacle;00481bdc;;6;004033a0;CObstacle::CDSView_GetDataKindStubZero;0
CObstacle;00481bdc;;7;004028a0;CObstacle::CDSView_HitTest;0
CObstacle;00481bdc;;8;0042cae0;CObstacle::CDSView_AdaptDisplaySize;0
CObstacle;00481bdc;;9;0042ca30;CObstacle::CDSView_InvalidateRectClipped;0
CObstacle;00481bdc;;10;0042c580;CObstacle::CDSView_ComputeAnchoredRect;0
CObstacle;00481bdc;;11;00419010;CGameView::FUN_00419010;0
CObstacle;00481bdc;;12;0042c430;CObstacle::CDSView_GetParentBounds;0
CObstacle;00481bdc;;13;0042c3e0;CObstacle::CDSView_IsModalDoneRecursive;0
CObstacle;00481bdc;;14;00467430;CObstacle::CDSApp_PreCreateHook;0
CObstacle;00481bdc;;15;00438340;CObstacle::CDSView_NoOpStub;0
CObstacle;00481bdc;;16;00438340;CObstacle::CDSView_NoOpStub;0
CObstacle;00481bdc;;17;00438340;CObstacle::CDSView_NoOpStub;0
CObstacle;00481bdc;;18;00438340;CObstacle::CDSView_NoOpStub;0
CObstacle;00481bdc;;19;0042cf50;CObstacle::CDSView_OnLButtonDownAcquireFocus;0
CObstacle;00481bdc;;20;00416770;CObstacle::CDSView_OnMouseStub;0
CObstacle;00481bdc;;21;00416770;CObstacle::CDSView_OnMouseStub;0
CObstacle;00481bdc;;22;0042c0c0;CObstacle::CDSView_OnKeyDown;0
CObstacle;00481bdc;;23;0042c0e0;CObstacle::CDSView_OnKeyUp;0
CObstacle;00481bdc;;24;0042c100;CObstacle::CDSView_OnChar;0
CObstacle;00481bdc;;25;0042c770;CObstacle::CDSApp_BroadcastSyntheticEventToChildren;0
CObstacle;00481bdc;;26;0042c7d0;CObstacle::CDSApp_RouteSyntheticCloseEvent;0
CObstacle;00481bdc;;27;0041acf0;CGameView::FUN_0041acf0;0
CObstacle;00481bdc;;28;00417210;CGameView::FUN_00417210;0
CObstacle;00481bdc;;29;00416f50;CGameView::FUN_00416f50;0
CObstacle;00481bdc;;30;00438340;CObstacle::CDSView_NoOpStub;0
CPanel;00483b40;;0;00402890;CBulanci::FUN_00402890;0
CPanel;00483b40;;1;004049d0;CBulanci::FUN_004049d0;0
CPanel;00483b40;;2;00423db0;CDSView::FUN_00423db0;0
CPanel;00483b40;;3;004275b0;CPanel::CPanel_AdjustorThunk10_Dtor;0
CPanel;00483b54;;0;00402880;CBulanci::FUN_00402880;0
CPanel;00483b54;;1;004049c0;CBulanci::FUN_004049c0;0
CPanel;00483b54;;2;004034a0;CDSView::FUN_004034a0;0
CPanel;00483b54;;3;004275a0;CPanel::CPanel_AdjustorThunk04_Dtor;0
CPanel;00483b54;;4;0042c040;CPanel::CDSView_DispatchEvent;0
CPanel;00483b6c;;0;004011f0;CDSChain::FUN_004011f0;0
CPanel;00483b6c;;1;0042ac90;CDSChain::FUN_0042ac90;0
CPanel;00483b6c;;2;0041aa40;CDSChain::FUN_0041aa40;0
CPanel;00483b6c;;3;004275c0;CPanel::CPanel_AdjustorThunk18_Dtor;0
CPanel;00483b6c;;4;00438340;CPanel::CDSView_NoOpStub;0
CPanel;00483b6c;;5;00438340;CPanel::CDSView_NoOpStub;0
CPanel;00483b8c;;0;00427590;CPanel::CPanel_GetTypeDescriptor;0
CPanel;00483b8c;;1;00427c10;CPanel::CPanel_vDtor;0
CPanel;00483b8c;;2;004245c0;CPanel::CDSObject_ReleaseViaVtable;0
CPanel;00483b8c;;3;0042c2e0;CPanel::CDSView_GetDataSize;0
CPanel;00483b8c;;4;0042c320;CPanel::CDSView_SaveData;0
CPanel;00483b8c;;5;0042c370;CPanel::CDSView_LoadData;0
CPanel;00483b8c;;6;004033a0;CPanel::CDSView_GetDataKindStubZero;0
CPanel;00483b8c;;7;004028a0;CPanel::CDSView_HitTest;0
CPanel;00483b8c;;8;0042cae0;CPanel::CDSView_AdaptDisplaySize;0
CPanel;00483b8c;;9;0042ca30;CPanel::CDSView_InvalidateRectClipped;0
CPanel;00483b8c;;10;0042c580;CPanel::CDSView_ComputeAnchoredRect;0
CPanel;00483b8c;;11;0042c480;CPanel::CDSView_SetRect;0
CPanel;00483b8c;;12;0042c430;CPanel::CDSView_GetParentBounds;0
CPanel;00483b8c;;13;0042c3e0;CPanel::CDSView_IsModalDoneRecursive;0
CPanel;00483b8c;;14;0042ccf0;CPanel::CDSView_RenderChildrenClipped;0
CPanel;00483b8c;;15;00427640;CPanel::FUN_00427640;0
CPanel;00483b8c;;16;00438340;CPanel::CDSView_NoOpStub;0
CPanel;00483b8c;;17;00438340;CPanel::CDSView_NoOpStub;0
CPanel;00483b8c;;18;00438340;CPanel::CDSView_NoOpStub;0
CPanel;00483b8c;;19;0042cf50;CPanel::CDSView_OnLButtonDownAcquireFocus;0
CPanel;00483b8c;;20;00416770;CPanel::CDSView_OnMouseStub;0
CPanel;00483b8c;;21;00416770;CPanel::CDSView_OnMouseStub;0
CPanel;00483b8c;;22;0042c0c0;CPanel::CDSView_OnKeyDown;0
CPanel;00483b8c;;23;0042c0e0;CPanel::CDSView_OnKeyUp;0
CPanel;00483b8c;;24;0042c100;CPanel::CDSView_OnChar;0
CPanel;00483b8c;;25;0042c770;CPanel::CDSApp_BroadcastSyntheticEventToChildren;0
CPanel;00483b8c;;26;0042c7d0;CPanel::CDSApp_RouteSyntheticCloseEvent;0
CPanel;00483b8c;;27;00426ce0;CPanel::FUN_00426ce0;0
CPauseDlg;004810c0;;0;00402890;CBulanci::FUN_00402890;0
CPauseDlg;004810c0;;1;004049d0;CBulanci::FUN_004049d0;0
CPauseDlg;004810c0;;2;00423db0;CDSView::FUN_00423db0;0
CPauseDlg;004810c0;;3;0040bc10;CWindow::FUN_0040bc10;0
CPauseDlg;004810d4;;0;00402880;CBulanci::FUN_00402880;0
CPauseDlg;004810d4;;1;004049c0;CBulanci::FUN_004049c0;0
CPauseDlg;004810d4;;2;004034a0;CDSView::FUN_004034a0;0
CPauseDlg;004810d4;;3;0040be20;CWindow::FUN_0040be20;0
CPauseDlg;004810d4;;4;0042c040;CPauseDlg::CDSView_DispatchEvent;0
CPauseDlg;004810ec;;0;004011f0;CDSChain::FUN_004011f0;0
CPauseDlg;004810ec;;1;0042ac90;CDSChain::FUN_0042ac90;0
CPauseDlg;004810ec;;2;0041aa40;CDSChain::FUN_0041aa40;0
CPauseDlg;004810ec;;3;0040c540;CWindow::FUN_0040c540;0
CPauseDlg;004810ec;;4;00438340;CPauseDlg::CDSView_NoOpStub;0
CPauseDlg;004810ec;;5;00438340;CPauseDlg::CDSView_NoOpStub;0
CPauseDlg;0048110c;;0;0040be10;CPauseDlg::FUN_0040be10;0
CPauseDlg;0048110c;;1;0040f120;CWindow::CWindow_vDtor;0
CPauseDlg;0048110c;;2;004245c0;CPauseDlg::CDSObject_ReleaseViaVtable;0
CPauseDlg;0048110c;;3;0042c2e0;CPauseDlg::CDSView_GetDataSize;0
CPauseDlg;0048110c;;4;0042c320;CPauseDlg::CDSView_SaveData;0
CPauseDlg;0048110c;;5;0042c370;CPauseDlg::CDSView_LoadData;0
CPauseDlg;0048110c;;6;004033a0;CPauseDlg::CDSView_GetDataKindStubZero;0
CPauseDlg;0048110c;;7;004028a0;CPauseDlg::CDSView_HitTest;0
CPauseDlg;0048110c;;8;0042cae0;CPauseDlg::CDSView_AdaptDisplaySize;0
CPauseDlg;0048110c;;9;0042ca30;CPauseDlg::CDSView_InvalidateRectClipped;0
CPauseDlg;0048110c;;10;0042c580;CPauseDlg::CDSView_ComputeAnchoredRect;0
CPauseDlg;0048110c;;11;0042c480;CPauseDlg::CDSView_SetRect;0
CPauseDlg;0048110c;;12;0042c430;CPauseDlg::CDSView_GetParentBounds;0
CPauseDlg;0048110c;;13;0042c3e0;CPauseDlg::CDSView_IsModalDoneRecursive;0
CPauseDlg;0048110c;;14;004055c0;CWindow::CWindow_Render;0
CPauseDlg;0048110c;;15;00438340;CPauseDlg::CDSView_NoOpStub;0
CPauseDlg;0048110c;;16;00438340;CPauseDlg::CDSView_NoOpStub;0
CPauseDlg;0048110c;;17;00438340;CPauseDlg::CDSView_NoOpStub;0
CPauseDlg;0048110c;;18;00438340;CPauseDlg::CDSView_NoOpStub;0
CPauseDlg;0048110c;;19;0042cf50;CPauseDlg::CDSView_OnLButtonDownAcquireFocus;0
CPauseDlg;0048110c;;20;00416770;CPauseDlg::CDSView_OnMouseStub;0
CPauseDlg;0048110c;;21;00416770;CPauseDlg::CDSView_OnMouseStub;0
CPauseDlg;0048110c;;22;0040ac20;CPauseDlg::FUN_0040ac20;0
CPauseDlg;0048110c;;23;0042c0e0;CPauseDlg::CDSView_OnKeyUp;0
CPauseDlg;0048110c;;24;0042c100;CPauseDlg::CDSView_OnChar;0
CPauseDlg;0048110c;;25;0042c770;CPauseDlg::CDSApp_BroadcastSyntheticEventToChildren;0
CPauseDlg;0048110c;;26;0040b410;CPauseDlg::FUN_0040b410;0
CPauseDlg;0048110c;;27;0040b2f0;CPauseDlg::FUN_0040b2f0;0
CPoem;00480498;;0;004011f0;CDSChain::FUN_004011f0;0
CPoem;00480498;;1;00429300;CDSFileStream::FUN_00429300;0
CPoem;00480498;;2;00409970;CDSFileStream::FUN_00409970;0
CPoem;00480498;;3;00409440;CPoem::DeletingDestructorThunk_12;0
CPoem;00480498;;4;00409100;CPoem::Deserialize;0
CPoem;00480498;;5;00409870;CPoem::GetText;0
CPoem;004804b4;;0;00409470;CPoem::GetResourceName;0
CPoem;004804b4;;1;00409450;CDSFileStream::FUN_00409450;0
CPoem;004804b4;;2;00409490;CDSFileStream::FUN_00409490;0
CPoem;004804b4;;3;00409430;CPoem::DeletingDestructorThunk_4;0
CPoem;004804b4;;4;00409480;CPoem::AlwaysReturnsZero;0
CPoem;004804cc;;0;00401600;CDSFileStream::FUN_00401600;0
CPoem;004804cc;;1;0042ac90;CDSChain::FUN_0042ac90;0
CPoem;004804cc;;2;00409260;CDSFileStream::FUN_00409260;0
CPoem;004804cc;;3;00409460;CPoem::DeletingDestructorThunk_10;0
CPoem;004804e0;;0;00409420;CPoem::GetClassIdentifier;0
CPoem;004804e0;;1;00409af0;CPoem::ScalarDeletingDestructor;0
CPoem;004804e0;;2;00401660;CDSFileStream::FUN_00401660;0
CPoemScroller;004837e0;;0;004034d0;CScroller::FUN_004034d0;0
CPoemScroller;004837e0;;1;00404de0;CScroller::FUN_00404de0;0
CPoemScroller;004837e0;;2;004229a0;CScroller::FUN_004229a0;0
CPoemScroller;004837e0;;3;00425dc0;CPoemScroller::DeletingDestructorThunk_1c;0
CPoemScroller;004837e0;;4;00426030;CPoemScroller::OnScrollTick;0
CPoemScroller;004837f8;;0;00402890;CBulanci::FUN_00402890;0
CPoemScroller;004837f8;;1;004049d0;CBulanci::FUN_004049d0;0
CPoemScroller;004837f8;;2;00423db0;CDSView::FUN_00423db0;0
CPoemScroller;004837f8;;3;00425de0;CPoemScroller::DeletingDestructorThunk_4;0
CPoemScroller;0048380c;;0;00402880;CBulanci::FUN_00402880;0
CPoemScroller;0048380c;;1;004049c0;CBulanci::FUN_004049c0;0
CPoemScroller;0048380c;;2;004034a0;CDSView::FUN_004034a0;0
CPoemScroller;0048380c;;3;00425dd0;CPoemScroller::DeletingDestructorThunk_24;0
CPoemScroller;0048380c;;4;0042c040;CPoemScroller::CDSView_DispatchEvent;0
CPoemScroller;00483824;;0;004011f0;CDSChain::FUN_004011f0;0
CPoemScroller;00483824;;1;0042ac90;CDSChain::FUN_0042ac90;0
CPoemScroller;00483824;;2;0041aa40;CDSChain::FUN_0041aa40;0
CPoemScroller;00483824;;3;00425db0;CPoemScroller::DeletingDestructorThunk_10;0
CPoemScroller;00483824;;4;00438340;CPoemScroller::CDSView_NoOpStub;0
CPoemScroller;00483824;;5;00438340;CPoemScroller::CDSView_NoOpStub;0
CPoemScroller;00483844;;0;00425da0;CPoemScroller::GetClassIdentifier;0
CPoemScroller;00483844;;1;004264e0;CPoemScroller::ScalarDeletingDestructor;0
CPoemScroller;00483844;;2;004245c0;CPoemScroller::CDSObject_ReleaseViaVtable;0
CPoemScroller;00483844;;3;0042c2e0;CPoemScroller::CDSView_GetDataSize;0
CPoemScroller;00483844;;4;0042c320;CPoemScroller::CDSView_SaveData;0
CPoemScroller;00483844;;5;0042c370;CPoemScroller::CDSView_LoadData;0
CPoemScroller;00483844;;6;004033a0;CPoemScroller::CDSView_GetDataKindStubZero;0
CPoemScroller;00483844;;7;004028a0;CPoemScroller::CDSView_HitTest;0
CPoemScroller;00483844;;8;0042cae0;CPoemScroller::CDSView_AdaptDisplaySize;0
CPoemScroller;00483844;;9;0042ca30;CPoemScroller::CDSView_InvalidateRectClipped;0
CPoemScroller;00483844;;10;0042c580;CPoemScroller::CDSView_ComputeAnchoredRect;0
CPoemScroller;00483844;;11;0042c480;CPoemScroller::CDSView_SetRect;0
CPoemScroller;00483844;;12;0042c430;CPoemScroller::CDSView_GetParentBounds;0
CPoemScroller;00483844;;13;0042c3e0;CPoemScroller::CDSView_IsModalDoneRecursive;0
CPoemScroller;00483844;;14;004240f0;CPoemScroller::CPoemScroller_Render;0
CPoemScroller;00483844;;15;00438340;CPoemScroller::CDSView_NoOpStub;0
CPoemScroller;00483844;;16;00438340;CPoemScroller::CDSView_NoOpStub;0
CPoemScroller;00483844;;17;00438340;CPoemScroller::CDSView_NoOpStub;0
CPoemScroller;00483844;;18;00438340;CPoemScroller::CDSView_NoOpStub;0
CPoemScroller;00483844;;19;0042cf50;CPoemScroller::CDSView_OnLButtonDownAcquireFocus;0
CPoemScroller;00483844;;20;00416770;CPoemScroller::CDSView_OnMouseStub;0
CPoemScroller;00483844;;21;00416770;CPoemScroller::CDSView_OnMouseStub;0
CPoemScroller;00483844;;22;0042c0c0;CPoemScroller::CDSView_OnKeyDown;0
CPoemScroller;00483844;;23;0042c0e0;CPoemScroller::CDSView_OnKeyUp;0
CPoemScroller;00483844;;24;0042c100;CPoemScroller::CDSView_OnChar;0
CPoemScroller;00483844;;25;0042c770;CPoemScroller::CDSApp_BroadcastSyntheticEventToChildren;0
CPoemScroller;00483844;;26;0042c7d0;CPoemScroller::CDSApp_RouteSyntheticCloseEvent;0
CPoemScroller;00483844;;27;00438f80;CPoemScroller::CDSView_EmptyHook27;0
CProgressBar;00480658;;0;00402890;CBulanci::FUN_00402890;0
CProgressBar;00480658;;1;004049d0;CBulanci::FUN_004049d0;0
CProgressBar;00480658;;2;00423db0;CDSView::FUN_00423db0;0
CProgressBar;00480658;;3;00421910;CDSView::FUN_00421910;0
CProgressBar;0048066c;;0;00402880;CBulanci::FUN_00402880;0
CProgressBar;0048066c;;1;004049c0;CBulanci::FUN_004049c0;0
CProgressBar;0048066c;;2;004034a0;CDSView::FUN_004034a0;0
CProgressBar;0048066c;;3;0040ad90;CDSView::FUN_0040ad90;0
CProgressBar;0048066c;;4;0042c040;CProgressBar::CDSView_DispatchEvent;0
CProgressBar;00480684;;0;004011f0;CDSChain::FUN_004011f0;0
CProgressBar;00480684;;1;0042ac90;CDSChain::FUN_0042ac90;0
CProgressBar;00480684;;2;0041aa40;CDSChain::FUN_0041aa40;0
CProgressBar;00480684;;3;00416f40;CDSView::FUN_00416f40;0
CProgressBar;00480684;;4;00438340;CProgressBar::CDSView_NoOpStub;0
CProgressBar;00480684;;5;00438340;CProgressBar::CDSView_NoOpStub;0
CProgressBar;004806a4;;0;0040ad80;CProgressBar::CProgressBar_GetTypeDescriptor;0
CProgressBar;004806a4;;1;0040ada0;CProgressBar::CDSView_DtorScalar;0
CProgressBar;004806a4;;2;004245c0;CProgressBar::CDSObject_ReleaseViaVtable;0
CProgressBar;004806a4;;3;0042c2e0;CProgressBar::CDSView_GetDataSize;0
CProgressBar;004806a4;;4;0042c320;CProgressBar::CDSView_SaveData;0
CProgressBar;004806a4;;5;0042c370;CProgressBar::CDSView_LoadData;0
CProgressBar;004806a4;;6;004033a0;CProgressBar::CDSView_GetDataKindStubZero;0
CProgressBar;004806a4;;7;004028a0;CProgressBar::CDSView_HitTest;0
CProgressBar;004806a4;;8;0042cae0;CProgressBar::CDSView_AdaptDisplaySize;0
CProgressBar;004806a4;;9;0042ca30;CProgressBar::CDSView_InvalidateRectClipped;0
CProgressBar;004806a4;;10;0042c580;CProgressBar::CDSView_ComputeAnchoredRect;0
CProgressBar;004806a4;;11;0042c480;CProgressBar::CDSView_SetRect;0
CProgressBar;004806a4;;12;0042c430;CProgressBar::CDSView_GetParentBounds;0
CProgressBar;004806a4;;13;0042c3e0;CProgressBar::CDSView_IsModalDoneRecursive;0
CProgressBar;004806a4;;14;0040b1f0;CProgressBar::CProgressBar_Render;0
CProgressBar;004806a4;;15;00438340;CProgressBar::CDSView_NoOpStub;0
CProgressBar;004806a4;;16;00438340;CProgressBar::CDSView_NoOpStub;0
CProgressBar;004806a4;;17;00438340;CProgressBar::CDSView_NoOpStub;0
CProgressBar;004806a4;;18;00438340;CProgressBar::CDSView_NoOpStub;0
CProgressBar;004806a4;;19;0042cf50;CProgressBar::CDSView_OnLButtonDownAcquireFocus;0
CProgressBar;004806a4;;20;00416770;CProgressBar::CDSView_OnMouseStub;0
CProgressBar;004806a4;;21;00416770;CProgressBar::CDSView_OnMouseStub;0
CProgressBar;004806a4;;22;0042c0c0;CProgressBar::CDSView_OnKeyDown;0
CProgressBar;004806a4;;23;0042c0e0;CProgressBar::CDSView_OnKeyUp;0
CProgressBar;004806a4;;24;0042c100;CProgressBar::CDSView_OnChar;0
CProgressBar;004806a4;;25;0042c770;CProgressBar::CDSApp_BroadcastSyntheticEventToChildren;0
CProgressBar;004806a4;;26;0042c7d0;CProgressBar::CDSApp_RouteSyntheticCloseEvent;0
CProgressBar;004806a4;;27;00438f80;CProgressBar::CDSView_EmptyHook27;0
CRadio;00480120;;0;00402890;CBulanci::FUN_00402890;0
CRadio;00480120;;1;004049d0;CBulanci::FUN_004049d0;0
CRadio;00480120;;2;00423db0;CDSView::FUN_00423db0;0
CRadio;00480120;;3;004073b0;CRadio::CRadio_AdjustorThunk04_Dtor;0
CRadio;00480134;;0;00402880;CBulanci::FUN_00402880;0
CRadio;00480134;;1;004049c0;CBulanci::FUN_004049c0;0
CRadio;00480134;;2;004034a0;CDSView::FUN_004034a0;0
CRadio;00480134;;3;004073d0;CRadio::CRadio_AdjustorThunk18_Dtor;0
CRadio;00480134;;4;0042c040;CRadio::CDSView_DispatchEvent;0
CRadio;0048014c;;0;004011f0;CDSChain::FUN_004011f0;0
CRadio;0048014c;;1;0042ac90;CDSChain::FUN_0042ac90;0
CRadio;0048014c;;2;0041aa40;CDSChain::FUN_0041aa40;0
CRadio;0048014c;;3;004073c0;CRadio::CRadio_AdjustorThunk10_Dtor;0
CRadio;0048014c;;4;00438340;CRadio::CDSView_NoOpStub;0
CRadio;0048014c;;5;00438340;CRadio::CDSView_NoOpStub;0
CRadio;0048016c;;0;004073a0;CRadio::CRadio_GetTypeDescriptor;0
CRadio;0048016c;;1;00407f30;CRadio::CRadio_vDtor;0
CRadio;0048016c;;2;004245c0;CRadio::CDSObject_ReleaseViaVtable;0
CRadio;0048016c;;3;00403010;CRadio::CRadio_GetDataSize;0
CRadio;0048016c;;4;0040aa00;CRadio::CRadio_SaveData;0
CRadio;0048016c;;5;00403d10;CRadio::CRadio_LoadData;0
CRadio;0048016c;;6;004033a0;CRadio::CDSView_GetDataKindStubZero;0
CRadio;0048016c;;7;004028a0;CRadio::CDSView_HitTest;0
CRadio;0048016c;;8;0042cae0;CRadio::CDSView_AdaptDisplaySize;0
CRadio;0048016c;;9;0042ca30;CRadio::CDSView_InvalidateRectClipped;0
CRadio;0048016c;;10;0042c580;CRadio::CDSView_ComputeAnchoredRect;0
CRadio;0048016c;;11;0042c480;CRadio::CDSView_SetRect;0
CRadio;0048016c;;12;0042c430;CRadio::CDSView_GetParentBounds;0
CRadio;0048016c;;13;0042c3e0;CRadio::CDSView_IsModalDoneRecursive;0
CRadio;0048016c;;14;00403ac0;CRadio::CRadio_Render;0
CRadio;0048016c;;15;00438340;CRadio::CDSView_NoOpStub;0
CRadio;0048016c;;16;00407700;_Globals::thunk_FUN_00406a20;0
CRadio;0048016c;;17;00407700;_Globals::thunk_FUN_00406a20;0
CRadio;0048016c;;18;00403020;CRadio::CRadio_Invalidate;0
CRadio;0048016c;;19;00402fb0;CRadio::CRadio_OnMouseDown;0
CRadio;0048016c;;20;00405240;CRadio::CRadio_OnMouseUp;0
CRadio;0048016c;;21;00416770;CRadio::CDSView_OnMouseStub;0
CRadio;0048016c;;22;0042c0c0;CRadio::CDSView_OnKeyDown;0
CRadio;0048016c;;23;0042c0e0;CRadio::CDSView_OnKeyUp;0
CRadio;0048016c;;24;0042c100;CRadio::CDSView_OnChar;0
CRadio;0048016c;;25;0042c770;CRadio::CDSApp_BroadcastSyntheticEventToChildren;0
CRadio;0048016c;;26;0042c7d0;CRadio::CDSApp_RouteSyntheticCloseEvent;0
CRadio;0048016c;;27;00438f80;CRadio::CDSView_EmptyHook27;0
CRuch;0048357c;;0;004034d0;CScroller::FUN_004034d0;0
CRuch;0048357c;;1;00404de0;CScroller::FUN_00404de0;0
CRuch;0048357c;;2;004229a0;CScroller::FUN_004229a0;0
CRuch;0048357c;;3;00423d90;CRuch::FUN_00423d90;0
CRuch;0048357c;;4;00423de0;CRuch::CRuch_OnScheduledTick;0
CRuch;00483594;;0;00402890;CBulanci::FUN_00402890;0
CRuch;00483594;;1;004049d0;CBulanci::FUN_004049d0;0
CRuch;00483594;;2;00423db0;CDSView::FUN_00423db0;0
CRuch;00483594;;3;00423d70;CRuch::FUN_00423d70;0
CRuch;004835a8;;0;00402880;CBulanci::FUN_00402880;0
CRuch;004835a8;;1;004049c0;CBulanci::FUN_004049c0;0
CRuch;004835a8;;2;004034a0;CDSView::FUN_004034a0;0
CRuch;004835a8;;3;00423da0;CRuch::FUN_00423da0;0
CRuch;004835a8;;4;0042c040;CRuch::CDSView_DispatchEvent;0
CRuch;004835c0;;0;004011f0;CDSChain::FUN_004011f0;0
CRuch;004835c0;;1;0042ac90;CDSChain::FUN_0042ac90;0
CRuch;004835c0;;2;0041aa40;CDSChain::FUN_0041aa40;0
CRuch;004835c0;;3;00423d80;CRuch::FUN_00423d80;0
CRuch;004835c0;;4;00438340;CRuch::CDSView_NoOpStub;0
CRuch;004835c0;;5;00438340;CRuch::CDSView_NoOpStub;0
CRuch;004835dc;;0;00423d00;CRuch::FUN_00423d00;0
CRuch;004835dc;;1;00423dc0;CRuch::FUN_00423dc0;0
CRuch;004835dc;;2;004245c0;CRuch::CDSObject_ReleaseViaVtable;0
CRuch;004835dc;;3;0042c2e0;CRuch::CDSView_GetDataSize;0
CRuch;004835dc;;4;0042c320;CRuch::CDSView_SaveData;0
CRuch;004835dc;;5;0042c370;CRuch::CDSView_LoadData;0
CRuch;004835dc;;6;004033a0;CRuch::CDSView_GetDataKindStubZero;0
CRuch;004835dc;;7;004028a0;CRuch::CDSView_HitTest;0
CRuch;004835dc;;8;0042cae0;CRuch::CDSView_AdaptDisplaySize;0
CRuch;004835dc;;9;0042ca30;CRuch::CDSView_InvalidateRectClipped;0
CRuch;004835dc;;10;0042c580;CRuch::CDSView_ComputeAnchoredRect;0
CRuch;004835dc;;11;0042c480;CRuch::CDSView_SetRect;0
CRuch;004835dc;;12;0042c430;CRuch::CDSView_GetParentBounds;0
CRuch;004835dc;;13;0042c3e0;CRuch::CDSView_IsModalDoneRecursive;0
CRuch;004835dc;;14;00423e60;CRuch::CRuch_Render_DrawVerticalLine;0
CRuch;004835dc;;15;00438340;CRuch::CDSView_NoOpStub;0
CRuch;004835dc;;16;00438340;CRuch::CDSView_NoOpStub;0
CRuch;004835dc;;17;00438340;CRuch::CDSView_NoOpStub;0
CRuch;004835dc;;18;00438340;CRuch::CDSView_NoOpStub;0
CRuch;004835dc;;19;0042cf50;CRuch::CDSView_OnLButtonDownAcquireFocus;0
CRuch;004835dc;;20;00416770;CRuch::CDSView_OnMouseStub;0
CRuch;004835dc;;21;00416770;CRuch::CDSView_OnMouseStub;0
CRuch;004835dc;;22;0042c0c0;CRuch::CDSView_OnKeyDown;0
CRuch;004835dc;;23;0042c0e0;CRuch::CDSView_OnKeyUp;0
CRuch;004835dc;;24;0042c100;CRuch::CDSView_OnChar;0
CRuch;004835dc;;25;0042c770;CRuch::CDSApp_BroadcastSyntheticEventToChildren;0
CRuch;004835dc;;26;0042c7d0;CRuch::CDSApp_RouteSyntheticCloseEvent;0
CRuch;004835dc;;27;00438f80;CRuch::CDSView_EmptyHook27;0
CScore;00481000;;0;00402890;CBulanci::FUN_00402890;0
CScore;00481000;;1;004049d0;CBulanci::FUN_004049d0;0
CScore;00481000;;2;00423db0;CDSView::FUN_00423db0;0
CScore;00481000;;3;0040bde0;CScore::DeletingDestructorThunk_18;0
CScore;00481014;;0;00402880;CBulanci::FUN_00402880;0
CScore;00481014;;1;004049c0;CBulanci::FUN_004049c0;0
CScore;00481014;;2;004034a0;CDSView::FUN_004034a0;0
CScore;00481014;;3;0040be00;CScore::DeletingDestructorThunk_10;0
CScore;00481014;;4;0042c040;CScore::CDSView_DispatchEvent;0
CScore;0048102c;;0;004011f0;CDSChain::FUN_004011f0;0
CScore;0048102c;;1;0042ac90;CDSChain::FUN_0042ac90;0
CScore;0048102c;;2;0041aa40;CDSChain::FUN_0041aa40;0
CScore;0048102c;;3;0040bdf0;CScore::DeletingDestructorThunk_4;0
CScore;0048102c;;4;00438340;CScore::CDSView_NoOpStub;0
CScore;0048102c;;5;00438340;CScore::CDSView_NoOpStub;0
CScore;0048104c;;0;0040bdd0;CScore::GetClassIdentifier;0
CScore;0048104c;;1;0040f070;CScore::ScalarDeletingDestructor;0
CScore;0048104c;;2;004245c0;CScore::CDSObject_ReleaseViaVtable;0
CScore;0048104c;;3;0042c2e0;CScore::CDSView_GetDataSize;0
CScore;0048104c;;4;0042c320;CScore::CDSView_SaveData;0
CScore;0048104c;;5;0042c370;CScore::CDSView_LoadData;0
CScore;0048104c;;6;004033a0;CScore::CDSView_GetDataKindStubZero;0
CScore;0048104c;;7;004028a0;CScore::CDSView_HitTest;0
CScore;0048104c;;8;0042cae0;CScore::CDSView_AdaptDisplaySize;0
CScore;0048104c;;9;0042ca30;CScore::CDSView_InvalidateRectClipped;0
CScore;0048104c;;10;0042c580;CScore::CDSView_ComputeAnchoredRect;0
CScore;0048104c;;11;0042c480;CScore::CDSView_SetRect;0
CScore;0048104c;;12;0042c430;CScore::CDSView_GetParentBounds;0
CScore;0048104c;;13;0042c3e0;CScore::CDSView_IsModalDoneRecursive;0
CScore;0048104c;;14;004055c0;CWindow::CWindow_Render;0
CScore;0048104c;;15;00438340;CScore::CDSView_NoOpStub;0
CScore;0048104c;;16;00438340;CScore::CDSView_NoOpStub;0
CScore;0048104c;;17;00438340;CScore::CDSView_NoOpStub;0
CScore;0048104c;;18;00438340;CScore::CDSView_NoOpStub;0
CScore;0048104c;;19;0042cf50;CScore::CDSView_OnLButtonDownAcquireFocus;0
CScore;0048104c;;20;00416770;CScore::CDSView_OnMouseStub;0
CScore;0048104c;;21;00416770;CScore::CDSView_OnMouseStub;0
CScore;0048104c;;22;0040abe0;CScore::OnKeyPress;0
CScore;0048104c;;23;0042c0e0;CScore::CDSView_OnKeyUp;0
CScore;0048104c;;24;0042c100;CScore::CDSView_OnChar;0
CScore;0048104c;;25;0042c770;CScore::CDSApp_BroadcastSyntheticEventToChildren;0
CScore;0048104c;;26;0042c7d0;CScore::CDSApp_RouteSyntheticCloseEvent;0
CScore;0048104c;;27;00438f80;CScore::CDSView_EmptyHook27;0
CScoreItem;0048046c;;0;004011f0;CDSChain::FUN_004011f0;0
CScoreItem;0048046c;;1;0042ac90;CDSChain::FUN_0042ac90;0
CScoreItem;0048046c;;2;0041aa40;CDSChain::FUN_0041aa40;0
CScoreItem;0048046c;;3;004093b0;CScoreItem::DeletingDestructorThunk_4;0
CScoreItem;0048046c;;4;00408f50;CScoreItem::Deserialize;0
CScoreItem;0048046c;;5;00408f90;CScoreItem::Serialize;0
CScoreItem;00480488;;0;004093a0;CScoreItem::GetClassIdentifier;0
CScoreItem;00480488;;1;00409a90;CScoreItem::ScalarDeletingDestructor;0
CScoreItem;00480488;;2;004245c0;CScoreItem::CDSObject_ReleaseViaVtable;0
CScrollBar;0047fb78;;0;004034d0;CScroller::FUN_004034d0;0
CScrollBar;0047fb78;;1;00404de0;CScroller::FUN_00404de0;0
CScrollBar;0047fb78;;2;004229a0;CScroller::FUN_004229a0;0
CScrollBar;0047fb78;;3;00404850;CScrollBar::CScrollBar_AdjustorThunk04_Dtor;0
CScrollBar;0047fb78;;4;00406770;CScrollBar::CScrollBar_Invalidate;0
CScrollBar;0047fb90;;0;00402890;CBulanci::FUN_00402890;0
CScrollBar;0047fb90;;1;004049d0;CBulanci::FUN_004049d0;0
CScrollBar;0047fb90;;2;00423db0;CDSView::FUN_00423db0;0
CScrollBar;0047fb90;;3;00404870;CScrollBar::CScrollBar_AdjustorThunk18_Dtor;0
CScrollBar;0047fba4;;0;00402880;CBulanci::FUN_00402880;0
CScrollBar;0047fba4;;1;004049c0;CBulanci::FUN_004049c0;0
CScrollBar;0047fba4;;2;004034a0;CDSView::FUN_004034a0;0
CScrollBar;0047fba4;;3;00404860;CScrollBar::CScrollBar_AdjustorThunk10_Dtor;0
CScrollBar;0047fba4;;4;0042c040;CScrollBar::CDSView_DispatchEvent;0
CScrollBar;0047fbbc;;0;004011f0;CDSChain::FUN_004011f0;0
CScrollBar;0047fbbc;;1;0042ac90;CDSChain::FUN_0042ac90;0
CScrollBar;0047fbbc;;2;0041aa40;CDSChain::FUN_0041aa40;0
CScrollBar;0047fbbc;;3;00404880;CScrollBar::CScrollBar_AdjustorThunk68_Dtor;0
CScrollBar;0047fbbc;;4;00438340;CScrollBar::CDSView_NoOpStub;0
CScrollBar;0047fbbc;;5;00438340;CScrollBar::CDSView_NoOpStub;0
CScrollBar;0047fbdc;;0;00404840;CScrollBar::CScrollBar_GetTypeDescriptor;0
CScrollBar;0047fbdc;;1;00406430;CScrollBar::CScrollBar_vDtor;0
CScrollBar;0047fbdc;;2;004245c0;CScrollBar::CDSObject_ReleaseViaVtable;0
CScrollBar;0047fbdc;;3;0042c2e0;CScrollBar::CDSView_GetDataSize;0
CScrollBar;0047fbdc;;4;0042c320;CScrollBar::CDSView_SaveData;0
CScrollBar;0047fbdc;;5;0042c370;CScrollBar::CDSView_LoadData;0
CScrollBar;0047fbdc;;6;004033a0;CScrollBar::CDSView_GetDataKindStubZero;0
CScrollBar;0047fbdc;;7;004028a0;CScrollBar::CDSView_HitTest;0
CScrollBar;0047fbdc;;8;0042cae0;CScrollBar::CDSView_AdaptDisplaySize;0
CScrollBar;0047fbdc;;9;0042ca30;CScrollBar::CDSView_InvalidateRectClipped;0
CScrollBar;0047fbdc;;10;0042c580;CScrollBar::CDSView_ComputeAnchoredRect;0
CScrollBar;0047fbdc;;11;0042c480;CScrollBar::CDSView_SetRect;0
CScrollBar;0047fbdc;;12;0042c430;CScrollBar::CDSView_GetParentBounds;0
CScrollBar;0047fbdc;;13;0042c3e0;CScrollBar::CDSView_IsModalDoneRecursive;0
CScrollBar;0047fbdc;;14;00403530;CScrollBar::CScrollBar_Render;0
CScrollBar;0047fbdc;;15;00438340;CScrollBar::CDSView_NoOpStub;0
CScrollBar;0047fbdc;;16;00404fe0;CScrollBar::CScrollBar_dtor;0
CScrollBar;0047fbdc;;17;00438340;CScrollBar::CDSView_NoOpStub;0
CScrollBar;0047fbdc;;18;00403a80;CScrollBar::CScrollBar_OnTimerTick;0
CScrollBar;0047fbdc;;19;00407460;CScrollBar::CScrollBar_OnMouseDown;0
CScrollBar;0047fbdc;;20;004074c0;CScrollBar::CScrollBar_OnMouseUp;0
CScrollBar;0047fbdc;;21;00416770;CScrollBar::CDSView_OnMouseStub;0
CScrollBar;0047fbdc;;22;0042c0c0;CScrollBar::CDSView_OnKeyDown;0
CScrollBar;0047fbdc;;23;0042c0e0;CScrollBar::CDSView_OnKeyUp;0
CScrollBar;0047fbdc;;24;0042c100;CScrollBar::CDSView_OnChar;0
CScrollBar;0047fbdc;;25;0042c770;CScrollBar::CDSApp_BroadcastSyntheticEventToChildren;0
CScrollBar;0047fbdc;;26;0042c7d0;CScrollBar::CDSApp_RouteSyntheticCloseEvent;0
CScrollBar;0047fbdc;;27;00438f80;CScrollBar::CDSView_EmptyHook27;0
CScroller;0047f9c8;;0;004034d0;CScroller::FUN_004034d0;0
CScroller;0047f9c8;;1;00404de0;CScroller::FUN_00404de0;0
CScroller;0047f9c8;;2;004229a0;CScroller::FUN_004229a0;0
CScroller;0047f9c8;;3;00403490;CScroller::FUN_00403490;0
CScroller;0047f9c8;;4;00403120;CScroller::FUN_00403120;0
CScroller;0047f9e0;;0;00402890;CBulanci::FUN_00402890;0
CScroller;0047f9e0;;1;004049d0;CBulanci::FUN_004049d0;0
CScroller;0047f9e0;;2;00423db0;CDSView::FUN_00423db0;0
CScroller;0047f9e0;;3;004034c0;CScroller::FUN_004034c0;0
CScroller;0047f9f4;;0;00402880;CBulanci::FUN_00402880;0
CScroller;0047f9f4;;1;004049c0;CBulanci::FUN_004049c0;0
CScroller;0047f9f4;;2;004034a0;CDSView::FUN_004034a0;0
CScroller;0047f9f4;;3;004034b0;CScroller::FUN_004034b0;0
CScroller;0047f9f4;;4;0042c040;CScroller::CDSView_DispatchEvent;0
CScroller;0047fa0c;;0;004011f0;CDSChain::FUN_004011f0;0
CScroller;0047fa0c;;1;0042ac90;CDSChain::FUN_0042ac90;0
CScroller;0047fa0c;;2;0041aa40;CDSChain::FUN_0041aa40;0
CScroller;0047fa0c;;3;00403480;CScroller::FUN_00403480;0
CScroller;0047fa0c;;4;00438340;CScroller::CDSView_NoOpStub;0
CScroller;0047fa0c;;5;00438340;CScroller::CDSView_NoOpStub;0
CScroller;0047fa2c;;0;00403470;CScroller::FUN_00403470;0
CScroller;0047fa2c;;1;004034e0;CScroller::FUN_004034e0;0
CScroller;0047fa2c;;2;004245c0;CScroller::CDSObject_ReleaseViaVtable;0
CScroller;0047fa2c;;3;0042c2e0;CScroller::CDSView_GetDataSize;0
CScroller;0047fa2c;;4;0042c320;CScroller::CDSView_SaveData;0
CScroller;0047fa2c;;5;0042c370;CScroller::CDSView_LoadData;0
CScroller;0047fa2c;;6;004033a0;CScroller::CDSView_GetDataKindStubZero;0
CScroller;0047fa2c;;7;004028a0;CScroller::CDSView_HitTest;0
CScroller;0047fa2c;;8;0042cae0;CScroller::CDSView_AdaptDisplaySize;0
CScroller;0047fa2c;;9;0042ca30;CScroller::CDSView_InvalidateRectClipped;0
CScroller;0047fa2c;;10;0042c580;CScroller::CDSView_ComputeAnchoredRect;0
CScroller;0047fa2c;;11;00405af0;CScroller::FUN_00405af0;0
CScroller;0047fa2c;;12;0042c430;CScroller::CDSView_GetParentBounds;0
CScroller;0047fa2c;;13;0042c3e0;CScroller::CDSView_IsModalDoneRecursive;0
CScroller;0047fa2c;;14;004057c0;CScroller::FUN_004057c0;0
CScroller;0047fa2c;;15;00438340;CScroller::CDSView_NoOpStub;0
CScroller;0047fa2c;;16;00438340;CScroller::CDSView_NoOpStub;0
CScroller;0047fa2c;;17;00438340;CScroller::CDSView_NoOpStub;0
CScroller;0047fa2c;;18;00438340;CScroller::CDSView_NoOpStub;0
CScroller;0047fa2c;;19;0042cf50;CScroller::CDSView_OnLButtonDownAcquireFocus;0
CScroller;0047fa2c;;20;00416770;CScroller::CDSView_OnMouseStub;0
CScroller;0047fa2c;;21;00416770;CScroller::CDSView_OnMouseStub;0
CScroller;0047fa2c;;22;00405930;CScroller::FUN_00405930;0
CScroller;0047fa2c;;23;00406cc0;CScroller::FUN_00406cc0;0
CScroller;0047fa2c;;24;0042c100;CScroller::CDSView_OnChar;0
CScroller;0047fa2c;;25;0042c770;CScroller::CDSApp_BroadcastSyntheticEventToChildren;0
CScroller;0047fa2c;;26;0042c7d0;CScroller::CDSApp_RouteSyntheticCloseEvent;0
CScroller;0047fa2c;;27;00404110;CScroller::FUN_00404110;0
CScroller;0047fa2c;;28;00438340;CScroller::CDSView_NoOpStub;0
CSessionItem;004808b8;;0;0040b770;CSessionItem::CSessionItem_GetTypeDescriptor;0
CSessionItem;004808b8;;1;004066c0;CListBoxItem::FUN_004066c0;0
CSessionItem;004808b8;;2;004245c0;CSessionItem::CDSObject_ReleaseViaVtable;0
CSessionItem;004808b8;;3;00434b10;CItemInfo::FUN_00434b10;0
CSessionList;00481318;;0;00402890;CBulanci::FUN_00402890;0
CSessionList;00481318;;1;004049d0;CBulanci::FUN_004049d0;0
CSessionList;00481318;;2;00423db0;CDSView::FUN_00423db0;0
CSessionList;00481318;;3;0040bc10;CWindow::FUN_0040bc10;0
CSessionList;0048132c;;0;00402880;CBulanci::FUN_00402880;0
CSessionList;0048132c;;1;004049c0;CBulanci::FUN_004049c0;0
CSessionList;0048132c;;2;004034a0;CDSView::FUN_004034a0;0
CSessionList;0048132c;;3;0040be20;CWindow::FUN_0040be20;0
CSessionList;0048132c;;4;0042c040;CSessionList::CDSView_DispatchEvent;0
CSessionList;00481344;;0;004011f0;CDSChain::FUN_004011f0;0
CSessionList;00481344;;1;0042ac90;CDSChain::FUN_0042ac90;0
CSessionList;00481344;;2;0041aa40;CDSChain::FUN_0041aa40;0
CSessionList;00481344;;3;0040c540;CWindow::FUN_0040c540;0
CSessionList;00481344;;4;00438340;CSessionList::CDSView_NoOpStub;0
CSessionList;00481344;;5;00438340;CSessionList::CDSView_NoOpStub;0
CSessionList;00481364;;0;0040c530;CSessionList::CSessionList_GetTypeDescriptor;0
CSessionList;00481364;;1;0040f120;CWindow::CWindow_vDtor;0
CSessionList;00481364;;2;004245c0;CSessionList::CDSObject_ReleaseViaVtable;0
CSessionList;00481364;;3;0042c2e0;CSessionList::CDSView_GetDataSize;0
CSessionList;00481364;;4;0042c320;CSessionList::CDSView_SaveData;0
CSessionList;00481364;;5;0042c370;CSessionList::CDSView_LoadData;0
CSessionList;00481364;;6;004033a0;CSessionList::CDSView_GetDataKindStubZero;0
CSessionList;00481364;;7;004028a0;CSessionList::CDSView_HitTest;0
CSessionList;00481364;;8;0042cae0;CSessionList::CDSView_AdaptDisplaySize;0
CSessionList;00481364;;9;0042ca30;CSessionList::CDSView_InvalidateRectClipped;0
CSessionList;00481364;;10;0042c580;CSessionList::CDSView_ComputeAnchoredRect;0
CSessionList;00481364;;11;0042c480;CSessionList::CDSView_SetRect;0
CSessionList;00481364;;12;0042c430;CSessionList::CDSView_GetParentBounds;0
CSessionList;00481364;;13;0042c3e0;CSessionList::CDSView_IsModalDoneRecursive;0
CSessionList;00481364;;14;004055c0;CWindow::CWindow_Render;0
CSessionList;00481364;;15;00438340;CSessionList::CDSView_NoOpStub;0
CSessionList;00481364;;16;00438340;CSessionList::CDSView_NoOpStub;0
CSessionList;00481364;;17;00438340;CSessionList::CDSView_NoOpStub;0
CSessionList;00481364;;18;00438340;CSessionList::CDSView_NoOpStub;0
CSessionList;00481364;;19;0042cf50;CSessionList::CDSView_OnLButtonDownAcquireFocus;0
CSessionList;00481364;;20;00416770;CSessionList::CDSView_OnMouseStub;0
CSessionList;00481364;;21;00416770;CSessionList::CDSView_OnMouseStub;0
CSessionList;00481364;;22;00403d60;CWindow::FUN_00403d60;0
CSessionList;00481364;;23;0042c0e0;CSessionList::CDSView_OnKeyUp;0
CSessionList;00481364;;24;0042c100;CSessionList::CDSView_OnChar;0
CSessionList;00481364;;25;0040adc0;CSessionList::CSessionList_OnEvent;0
CSessionList;00481364;;26;0042c7d0;CSessionList::CDSApp_RouteSyntheticCloseEvent;0
CSessionList;00481364;;27;00438f80;CSessionList::CDSView_EmptyHook27;0
CSetupDlg;004816f8;;0;00402890;CBulanci::FUN_00402890;0
CSetupDlg;004816f8;;1;004049d0;CBulanci::FUN_004049d0;0
CSetupDlg;004816f8;;2;00423db0;CDSView::FUN_00423db0;0
CSetupDlg;004816f8;;3;0040bc10;CWindow::FUN_0040bc10;0
CSetupDlg;0048170c;;0;00402880;CBulanci::FUN_00402880;0
CSetupDlg;0048170c;;1;004049c0;CBulanci::FUN_004049c0;0
CSetupDlg;0048170c;;2;004034a0;CDSView::FUN_004034a0;0
CSetupDlg;0048170c;;3;0040be20;CWindow::FUN_0040be20;0
CSetupDlg;0048170c;;4;0042c040;CSetupDlg::CDSView_DispatchEvent;0
CSetupDlg;00481724;;0;004011f0;CDSChain::FUN_004011f0;0
CSetupDlg;00481724;;1;0042ac90;CDSChain::FUN_0042ac90;0
CSetupDlg;00481724;;2;0041aa40;CDSChain::FUN_0041aa40;0
CSetupDlg;00481724;;3;0040c540;CWindow::FUN_0040c540;0
CSetupDlg;00481724;;4;00438340;CSetupDlg::CDSView_NoOpStub;0
CSetupDlg;00481724;;5;00438340;CSetupDlg::CDSView_NoOpStub;0
CSetupDlg;00481744;;0;0040e4d0;CSetupDlg::FUN_0040e4d0;0
CSetupDlg;00481744;;1;0040f120;CWindow::CWindow_vDtor;0
CSetupDlg;00481744;;2;004245c0;CSetupDlg::CDSObject_ReleaseViaVtable;0
CSetupDlg;00481744;;3;0042c2e0;CSetupDlg::CDSView_GetDataSize;0
CSetupDlg;00481744;;4;0042c320;CSetupDlg::CDSView_SaveData;0
CSetupDlg;00481744;;5;0042c370;CSetupDlg::CDSView_LoadData;0
CSetupDlg;00481744;;6;004033a0;CSetupDlg::CDSView_GetDataKindStubZero;0
CSetupDlg;00481744;;7;004028a0;CSetupDlg::CDSView_HitTest;0
CSetupDlg;00481744;;8;0042cae0;CSetupDlg::CDSView_AdaptDisplaySize;0
CSetupDlg;00481744;;9;0042ca30;CSetupDlg::CDSView_InvalidateRectClipped;0
CSetupDlg;00481744;;10;0042c580;CSetupDlg::CDSView_ComputeAnchoredRect;0
CSetupDlg;00481744;;11;0042c480;CSetupDlg::CDSView_SetRect;0
CSetupDlg;00481744;;12;0042c430;CSetupDlg::CDSView_GetParentBounds;0
CSetupDlg;00481744;;13;0042c3e0;CSetupDlg::CDSView_IsModalDoneRecursive;0
CSetupDlg;00481744;;14;004055c0;CWindow::CWindow_Render;0
CSetupDlg;00481744;;15;00438340;CSetupDlg::CDSView_NoOpStub;0
CSetupDlg;00481744;;16;00438340;CSetupDlg::CDSView_NoOpStub;0
CSetupDlg;00481744;;17;00438340;CSetupDlg::CDSView_NoOpStub;0
CSetupDlg;00481744;;18;00438340;CSetupDlg::CDSView_NoOpStub;0
CSetupDlg;00481744;;19;0042cf50;CSetupDlg::CDSView_OnLButtonDownAcquireFocus;0
CSetupDlg;00481744;;20;00416770;CSetupDlg::CDSView_OnMouseStub;0
CSetupDlg;00481744;;21;00416770;CSetupDlg::CDSView_OnMouseStub;0
CSetupDlg;00481744;;22;00403d60;CWindow::FUN_00403d60;0
CSetupDlg;00481744;;23;0042c0e0;CSetupDlg::CDSView_OnKeyUp;0
CSetupDlg;00481744;;24;0042c100;CSetupDlg::CDSView_OnChar;0
CSetupDlg;00481744;;25;0042c770;CSetupDlg::CDSApp_BroadcastSyntheticEventToChildren;0
CSetupDlg;00481744;;26;0042c7d0;CSetupDlg::CDSApp_RouteSyntheticCloseEvent;0
CSetupDlg;00481744;;27;0040e5b0;CSetupDlg::FUN_0040e5b0;0
CShot;00481c5c;;0;004034d0;CScroller::FUN_004034d0;0
CShot;00481c5c;;1;0041a980;CShot::FUN_0041a980;0
CShot;00481c5c;;2;00418ed0;CShot::FUN_00418ed0;0
CShot;00481c5c;;3;00417170;CShot::FUN_00417170;0
CShot;00481c5c;;4;00419b40;CShot::FUN_00419b40;0
CShot;00481c74;;0;00402890;CBulanci::FUN_00402890;0
CShot;00481c74;;1;004049d0;CBulanci::FUN_004049d0;0
CShot;00481c74;;2;00423db0;CDSView::FUN_00423db0;0
CShot;00481c74;;3;00417150;CShot::FUN_00417150;0
CShot;00481c88;;0;00402880;CBulanci::FUN_00402880;0
CShot;00481c88;;1;004049c0;CBulanci::FUN_004049c0;0
CShot;00481c88;;2;004034a0;CDSView::FUN_004034a0;0
CShot;00481c88;;3;00417180;CShot::FUN_00417180;0
CShot;00481c88;;4;0042c040;CShot::CDSView_DispatchEvent;0
CShot;00481ca0;;0;004011f0;CDSChain::FUN_004011f0;0
CShot;00481ca0;;1;0042ac90;CDSChain::FUN_0042ac90;0
CShot;00481ca0;;2;0041aa40;CDSChain::FUN_0041aa40;0
CShot;00481ca0;;3;00417160;CShot::FUN_00417160;0
CShot;00481ca0;;4;00438340;CShot::CDSView_NoOpStub;0
CShot;00481ca0;;5;00438340;CShot::CDSView_NoOpStub;0
CShot;00481cbc;;0;004170e0;CShot::FUN_004170e0;0
CShot;00481cbc;;1;00417190;CShot::FUN_00417190;0
CShot;00481cbc;;2;004245c0;CShot::CDSObject_ReleaseViaVtable;0
CShot;00481cbc;;3;0042c2e0;CShot::CDSView_GetDataSize;0
CShot;00481cbc;;4;0042c320;CShot::CDSView_SaveData;0
CShot;00481cbc;;5;0042c370;CShot::CDSView_LoadData;0
CShot;00481cbc;;6;004033a0;CShot::CDSView_GetDataKindStubZero;0
CShot;00481cbc;;7;004028a0;CShot::CDSView_HitTest;0
CShot;00481cbc;;8;0042cae0;CShot::CDSView_AdaptDisplaySize;0
CShot;00481cbc;;9;0042ca30;CShot::CDSView_InvalidateRectClipped;0
CShot;00481cbc;;10;0042c580;CShot::CDSView_ComputeAnchoredRect;0
CShot;00481cbc;;11;0041df60;CShot::Update;0
CShot;00481cbc;;12;0042c430;CShot::CDSView_GetParentBounds;0
CShot;00481cbc;;13;0042c3e0;CShot::CDSView_IsModalDoneRecursive;0
CShot;00481cbc;;14;00417bd0;CShot::FUN_00417bd0;0
CShot;00481cbc;;15;00438340;CShot::CDSView_NoOpStub;0
CShot;00481cbc;;16;00438340;CShot::CDSView_NoOpStub;0
CShot;00481cbc;;17;00438340;CShot::CDSView_NoOpStub;0
CShot;00481cbc;;18;00438340;CShot::CDSView_NoOpStub;0
CShot;00481cbc;;19;0042cf50;CShot::CDSView_OnLButtonDownAcquireFocus;0
CShot;00481cbc;;20;00416770;CShot::CDSView_OnMouseStub;0
CShot;00481cbc;;21;00416770;CShot::CDSView_OnMouseStub;0
CShot;00481cbc;;22;0042c0c0;CShot::CDSView_OnKeyDown;0
CShot;00481cbc;;23;0042c0e0;CShot::CDSView_OnKeyUp;0
CShot;00481cbc;;24;0042c100;CShot::CDSView_OnChar;0
CShot;00481cbc;;25;0042c770;CShot::CDSApp_BroadcastSyntheticEventToChildren;0
CShot;00481cbc;;26;0042c7d0;CShot::CDSApp_RouteSyntheticCloseEvent;0
CShot;00481cbc;;27;0041acf0;CGameView::FUN_0041acf0;0
CShot;00481cbc;;28;00417210;CGameView::FUN_00417210;0
CShot;00481cbc;;29;00416f50;CGameView::FUN_00416f50;0
CShot;00481cbc;;30;0041b1d0;CShot::FUN_0041b1d0;0
CShotCounter;004838c4;;0;00402890;CBulanci::FUN_00402890;0
CShotCounter;004838c4;;1;004049d0;CBulanci::FUN_004049d0;0
CShotCounter;004838c4;;2;00423db0;CDSView::FUN_00423db0;0
CShotCounter;004838c4;;3;004272b0;CShotCounter::DeletingDestructorThunk_18;0
CShotCounter;004838d8;;0;00402880;CBulanci::FUN_00402880;0
CShotCounter;004838d8;;1;004049c0;CBulanci::FUN_004049c0;0
CShotCounter;004838d8;;2;004034a0;CDSView::FUN_004034a0;0
CShotCounter;004838d8;;3;004272a0;CShotCounter::DeletingDestructorThunk_10;0
CShotCounter;004838d8;;4;0042c040;CShotCounter::CDSView_DispatchEvent;0
CShotCounter;004838f0;;0;004011f0;CDSChain::FUN_004011f0;0
CShotCounter;004838f0;;1;0042ac90;CDSChain::FUN_0042ac90;0
CShotCounter;004838f0;;2;0041aa40;CDSChain::FUN_0041aa40;0
CShotCounter;004838f0;;3;004272c0;CShotCounter::DeletingDestructorThunk_4;0
CShotCounter;004838f0;;4;00438340;CShotCounter::CDSView_NoOpStub;0
CShotCounter;004838f0;;5;00438340;CShotCounter::CDSView_NoOpStub;0
CShotCounter;0048390c;;0;00427290;CShotCounter::GetClassIdentifier;0
CShotCounter;0048390c;;1;00427a60;CShotCounter::ScalarDeletingDestructor;0
CShotCounter;0048390c;;2;004245c0;CShotCounter::CDSObject_ReleaseViaVtable;0
CShotCounter;0048390c;;3;0042c2e0;CShotCounter::CDSView_GetDataSize;0
CShotCounter;0048390c;;4;0042c320;CShotCounter::CDSView_SaveData;0
CShotCounter;0048390c;;5;0042c370;CShotCounter::CDSView_LoadData;0
CShotCounter;0048390c;;6;004033a0;CShotCounter::CDSView_GetDataKindStubZero;0
CShotCounter;0048390c;;7;004028a0;CShotCounter::CDSView_HitTest;0
CShotCounter;0048390c;;8;0042cae0;CShotCounter::CDSView_AdaptDisplaySize;0
CShotCounter;0048390c;;9;0042ca30;CShotCounter::CDSView_InvalidateRectClipped;0
CShotCounter;0048390c;;10;0042c580;CShotCounter::CDSView_ComputeAnchoredRect;0
CShotCounter;0048390c;;11;0042c480;CShotCounter::CDSView_SetRect;0
CShotCounter;0048390c;;12;0042c430;CShotCounter::CDSView_GetParentBounds;0
CShotCounter;0048390c;;13;0042c3e0;CShotCounter::CDSView_IsModalDoneRecursive;0
CShotCounter;0048390c;;14;00426e10;CShotCounter::Render;0
CShotCounter;0048390c;;15;00438340;CShotCounter::CDSView_NoOpStub;0
CShotCounter;0048390c;;16;00438340;CShotCounter::CDSView_NoOpStub;0
CShotCounter;0048390c;;17;00438340;CShotCounter::CDSView_NoOpStub;0
CShotCounter;0048390c;;18;00438340;CShotCounter::CDSView_NoOpStub;0
CShotCounter;0048390c;;19;0042cf50;CShotCounter::CDSView_OnLButtonDownAcquireFocus;0
CShotCounter;0048390c;;20;00416770;CShotCounter::CDSView_OnMouseStub;0
CShotCounter;0048390c;;21;00416770;CShotCounter::CDSView_OnMouseStub;0
CShotCounter;0048390c;;22;0042c0c0;CShotCounter::CDSView_OnKeyDown;0
CShotCounter;0048390c;;23;0042c0e0;CShotCounter::CDSView_OnKeyUp;0
CShotCounter;0048390c;;24;0042c100;CShotCounter::CDSView_OnChar;0
CShotCounter;0048390c;;25;0042c770;CShotCounter::CDSApp_BroadcastSyntheticEventToChildren;0
CShotCounter;0048390c;;26;0042c7d0;CShotCounter::CDSApp_RouteSyntheticCloseEvent;0
CShotCounter;0048390c;;27;00438f80;CShotCounter::CDSView_EmptyHook27;0
CSpells;00483a58;;0;00438f20;CBulAnim::IDSAnim_NotifyEvents;0
CSpells;00483a58;;1;00438f60;CBulAnim::IDSAnim_BindUserData;0
CSpells;00483a58;;2;004391d0;CBulAnim::IDSAnim_SetSequence_thunk;0
CSpells;00483a58;;3;00438f80;CSpells::CDSView_EmptyHook27;0
CSpells;00483a58;;4;00416770;CSpells::CDSView_OnMouseStub;0
CSpells;00483a70;;0;0040b820;CBulAnim::GetTypeInfo_Sub68;0
CSpells;00483a70;;1;00404de0;CScroller::FUN_00404de0;0
CSpells;00483a70;;2;004229a0;CScroller::FUN_004229a0;0
CSpells;00483a70;;3;004274d0;CDSBitmap::FUN_004274d0;0
CSpells;00483a84;;0;00402890;CBulanci::FUN_00402890;0
CSpells;00483a84;;1;004049d0;CBulanci::FUN_004049d0;0
CSpells;00483a84;;2;00423db0;CDSView::FUN_00423db0;0
CSpells;00483a84;;3;004274c0;CDSBitmap::FUN_004274c0;0
CSpells;00483a98;;0;00402880;CBulanci::FUN_00402880;0
CSpells;00483a98;;1;004049c0;CBulanci::FUN_004049c0;0
CSpells;00483a98;;2;004034a0;CDSView::FUN_004034a0;0
CSpells;00483a98;;3;004274e0;CDSBitmap::FUN_004274e0;0
CSpells;00483a98;;4;0042c040;CSpells::CDSView_DispatchEvent;0
CSpells;00483ab0;;0;004011f0;CDSChain::FUN_004011f0;0
CSpells;00483ab0;;1;0042ac90;CDSChain::FUN_0042ac90;0
CSpells;00483ab0;;2;0041aa40;CDSChain::FUN_0041aa40;0
CSpells;00483ab0;;3;00422990;CDSBitmap::FUN_00422990;0
CSpells;00483ab0;;4;00438340;CSpells::CDSView_NoOpStub;0
CSpells;00483ab0;;5;00438340;CSpells::CDSView_NoOpStub;0
CSpells;00483acc;;0;004274b0;CSpells::FUN_004274b0;0
CSpells;00483acc;;1;004274f0;CDSBitmap::FUN_004274f0;0
CSpells;00483acc;;2;004245c0;CSpells::CDSObject_ReleaseViaVtable;0
CSpells;00483acc;;3;0042c2e0;CSpells::CDSView_GetDataSize;0
CSpells;00483acc;;4;0042c320;CSpells::CDSView_SaveData;0
CSpells;00483acc;;5;0042c370;CSpells::CDSView_LoadData;0
CSpells;00483acc;;6;004033a0;CSpells::CDSView_GetDataKindStubZero;0
CSpells;00483acc;;7;004028a0;CSpells::CDSView_HitTest;0
CSpells;00483acc;;8;0042cae0;CSpells::CDSView_AdaptDisplaySize;0
CSpells;00483acc;;9;0042ca30;CSpells::CDSView_InvalidateRectClipped;0
CSpells;00483acc;;10;0042c580;CSpells::CDSView_ComputeAnchoredRect;0
CSpells;00483acc;;11;0042c480;CSpells::CDSView_SetRect;0
CSpells;00483acc;;12;0042c430;CSpells::CDSView_GetParentBounds;0
CSpells;00483acc;;13;0042c3e0;CSpells::CDSView_IsModalDoneRecursive;0
CSpells;00483acc;;14;004278c0;CSpells::Draw;0
CSpells;00483acc;;15;00438340;CSpells::CDSView_NoOpStub;0
CSpells;00483acc;;16;00438340;CSpells::CDSView_NoOpStub;0
CSpells;00483acc;;17;00438340;CSpells::CDSView_NoOpStub;0
CSpells;00483acc;;18;00438340;CSpells::CDSView_NoOpStub;0
CSpells;00483acc;;19;0042cf50;CSpells::CDSView_OnLButtonDownAcquireFocus;0
CSpells;00483acc;;20;00416770;CSpells::CDSView_OnMouseStub;0
CSpells;00483acc;;21;00416770;CSpells::CDSView_OnMouseStub;0
CSpells;00483acc;;22;0042c0c0;CSpells::CDSView_OnKeyDown;0
CSpells;00483acc;;23;0042c0e0;CSpells::CDSView_OnKeyUp;0
CSpells;00483acc;;24;0042c100;CSpells::CDSView_OnChar;0
CSpells;00483acc;;25;0042c770;CSpells::CDSApp_BroadcastSyntheticEventToChildren;0
CSpells;00483acc;;26;0042c7d0;CSpells::CDSApp_RouteSyntheticCloseEvent;0
CSpells;00483acc;;27;00426da0;CSpells::OnEvent;0
CStartGame1;00481890;;0;004034d0;CScroller::FUN_004034d0;0
CStartGame1;00481890;;1;0040e760;CStartGame2::FUN_0040e760;0
CStartGame1;00481890;;2;0040e770;CStartGame2::FUN_0040e770;0
CStartGame1;00481890;;3;0040f4d0;CStartGame1::FUN_0040f4d0;0
CStartGame1;00481890;;4;0040ae00;CStartGame1::FUN_0040ae00;0
CStartGame1;004818a8;;0;00402890;CBulanci::FUN_00402890;0
CStartGame1;004818a8;;1;004049d0;CBulanci::FUN_004049d0;0
CStartGame1;004818a8;;2;00423db0;CDSView::FUN_00423db0;0
CStartGame1;004818a8;;3;0040f4e0;CStartGame1::FUN_0040f4e0;0
CStartGame1;004818bc;;0;00402880;CBulanci::FUN_00402880;0
CStartGame1;004818bc;;1;004049c0;CBulanci::FUN_004049c0;0
CStartGame1;004818bc;;2;004034a0;CDSView::FUN_004034a0;0
CStartGame1;004818bc;;3;0040f4c0;CStartGame1::FUN_0040f4c0;0
CStartGame1;004818bc;;4;0042c040;CStartGame1::CDSView_DispatchEvent;0
CStartGame1;004818d4;;0;004011f0;CDSChain::FUN_004011f0;0
CStartGame1;004818d4;;1;0042ac90;CDSChain::FUN_0042ac90;0
CStartGame1;004818d4;;2;0041aa40;CDSChain::FUN_0041aa40;0
CStartGame1;004818d4;;3;0040f4f0;CStartGame1::FUN_0040f4f0;0
CStartGame1;004818d4;;4;00438340;CStartGame1::CDSView_NoOpStub;0
CStartGame1;004818d4;;5;00438340;CStartGame1::CDSView_NoOpStub;0
CStartGame1;004818f4;;0;0040f4b0;CStartGame1::CStartGame1_GetSingleton;0
CStartGame1;004818f4;;1;0040f560;CStartGame1::FUN_0040f560;0
CStartGame1;004818f4;;2;004245c0;CStartGame1::CDSObject_ReleaseViaVtable;0
CStartGame1;004818f4;;3;0042c2e0;CStartGame1::CDSView_GetDataSize;0
CStartGame1;004818f4;;4;0042c320;CStartGame1::CDSView_SaveData;0
CStartGame1;004818f4;;5;0042c370;CStartGame1::CDSView_LoadData;0
CStartGame1;004818f4;;6;004033a0;CStartGame1::CDSView_GetDataKindStubZero;0
CStartGame1;004818f4;;7;004028a0;CStartGame1::CDSView_HitTest;0
CStartGame1;004818f4;;8;0042cae0;CStartGame1::CDSView_AdaptDisplaySize;0
CStartGame1;004818f4;;9;0042ca30;CStartGame1::CDSView_InvalidateRectClipped;0
CStartGame1;004818f4;;10;0042c580;CStartGame1::CDSView_ComputeAnchoredRect;0
CStartGame1;004818f4;;11;0042c480;CStartGame1::CDSView_SetRect;0
CStartGame1;004818f4;;12;0042c430;CStartGame1::CDSView_GetParentBounds;0
CStartGame1;004818f4;;13;0042c3e0;CStartGame1::CDSView_IsModalDoneRecursive;0
CStartGame1;004818f4;;14;004055c0;CWindow::CWindow_Render;0
CStartGame1;004818f4;;15;00438340;CStartGame1::CDSView_NoOpStub;0
CStartGame1;004818f4;;16;00438340;CStartGame1::CDSView_NoOpStub;0
CStartGame1;004818f4;;17;00438340;CStartGame1::CDSView_NoOpStub;0
CStartGame1;004818f4;;18;00438340;CStartGame1::CDSView_NoOpStub;0
CStartGame1;004818f4;;19;0042cf50;CStartGame1::CDSView_OnLButtonDownAcquireFocus;0
CStartGame1;004818f4;;20;00416770;CStartGame1::CDSView_OnMouseStub;0
CStartGame1;004818f4;;21;00416770;CStartGame1::CDSView_OnMouseStub;0
CStartGame1;004818f4;;22;00403d60;CWindow::FUN_00403d60;0
CStartGame1;004818f4;;23;0042c0e0;CStartGame1::CDSView_OnKeyUp;0
CStartGame1;004818f4;;24;0042c100;CStartGame1::CDSView_OnChar;0
CStartGame1;004818f4;;25;0040ae30;CStartGame1::CStartGame1_OnRadioChange;0
CStartGame1;004818f4;;26;0040ae90;CStartGame1::CStartGame1_OnEvent;0
CStartGame1;004818f4;;27;00438f80;CStartGame1::CDSView_EmptyHook27;0
CStartGame2;00480ce8;;0;004034d0;CScroller::FUN_004034d0;0
CStartGame2;00480ce8;;1;0040e760;CStartGame2::FUN_0040e760;0
CStartGame2;00480ce8;;2;0040e770;CStartGame2::FUN_0040e770;0
CStartGame2;00480ce8;;3;0040bb50;CStartGame2::FUN_0040bb50;0
CStartGame2;00480ce8;;4;0040d520;CStartGame2::FUN_0040d520;0
CStartGame2;00480d00;;0;00402890;CBulanci::FUN_00402890;0
CStartGame2;00480d00;;1;004049d0;CBulanci::FUN_004049d0;0
CStartGame2;00480d00;;2;00423db0;CDSView::FUN_00423db0;0
CStartGame2;00480d00;;3;0040bb60;CStartGame2::FUN_0040bb60;0
CStartGame2;00480d14;;0;00402880;CBulanci::FUN_00402880;0
CStartGame2;00480d14;;1;004049c0;CBulanci::FUN_004049c0;0
CStartGame2;00480d14;;2;004034a0;CDSView::FUN_004034a0;0
CStartGame2;00480d14;;3;0040bb80;CStartGame2::FUN_0040bb80;0
CStartGame2;00480d14;;4;0042c040;CStartGame2::CDSView_DispatchEvent;0
CStartGame2;00480d2c;;0;004011f0;CDSChain::FUN_004011f0;0
CStartGame2;00480d2c;;1;0042ac90;CDSChain::FUN_0042ac90;0
CStartGame2;00480d2c;;2;0041aa40;CDSChain::FUN_0041aa40;0
CStartGame2;00480d2c;;3;0040bb70;CStartGame2::FUN_0040bb70;0
CStartGame2;00480d2c;;4;00438340;CStartGame2::CDSView_NoOpStub;0
CStartGame2;00480d2c;;5;00438340;CStartGame2::CDSView_NoOpStub;0
CStartGame2;00480d4c;;0;0040bb40;CStartGame2::FUN_0040bb40;0
CStartGame2;00480d4c;;1;0040ed90;CStartGame2::FUN_0040ed90;0
CStartGame2;00480d4c;;2;004245c0;CStartGame2::CDSObject_ReleaseViaVtable;0
CStartGame2;00480d4c;;3;0042c2e0;CStartGame2::CDSView_GetDataSize;0
CStartGame2;00480d4c;;4;0042c320;CStartGame2::CDSView_SaveData;0
CStartGame2;00480d4c;;5;0042c370;CStartGame2::CDSView_LoadData;0
CStartGame2;00480d4c;;6;004033a0;CStartGame2::CDSView_GetDataKindStubZero;0
CStartGame2;00480d4c;;7;004028a0;CStartGame2::CDSView_HitTest;0
CStartGame2;00480d4c;;8;0042cae0;CStartGame2::CDSView_AdaptDisplaySize;0
CStartGame2;00480d4c;;9;0042ca30;CStartGame2::CDSView_InvalidateRectClipped;0
CStartGame2;00480d4c;;10;0042c580;CStartGame2::CDSView_ComputeAnchoredRect;0
CStartGame2;00480d4c;;11;0042c480;CStartGame2::CDSView_SetRect;0
CStartGame2;00480d4c;;12;0042c430;CStartGame2::CDSView_GetParentBounds;0
CStartGame2;00480d4c;;13;0040f610;CStartGame2::FUN_0040f610;0
CStartGame2;00480d4c;;14;004055c0;CWindow::CWindow_Render;0
CStartGame2;00480d4c;;15;00438340;CStartGame2::CDSView_NoOpStub;0
CStartGame2;00480d4c;;16;00438340;CStartGame2::CDSView_NoOpStub;0
CStartGame2;00480d4c;;17;00438340;CStartGame2::CDSView_NoOpStub;0
CStartGame2;00480d4c;;18;00438340;CStartGame2::CDSView_NoOpStub;0
CStartGame2;00480d4c;;19;0042cf50;CStartGame2::CDSView_OnLButtonDownAcquireFocus;0
CStartGame2;00480d4c;;20;00416770;CStartGame2::CDSView_OnMouseStub;0
CStartGame2;00480d4c;;21;00416770;CStartGame2::CDSView_OnMouseStub;0
CStartGame2;00480d4c;;22;00403d60;CWindow::FUN_00403d60;0
CStartGame2;00480d4c;;23;0042c0e0;CStartGame2::CDSView_OnKeyUp;0
CStartGame2;00480d4c;;24;0042c100;CStartGame2::CDSView_OnChar;0
CStartGame2;00480d4c;;25;0040d7e0;CStartGame2::FUN_0040d7e0;0
CStartGame2;00480d4c;;26;0040fc20;CStartGame2::FUN_0040fc20;0
CStartGame2;00480d4c;;27;0040d6b0;CStartGame2::FUN_0040d6b0;0
CStaticText;0047fc50;;0;00402890;CBulanci::FUN_00402890;0
CStaticText;0047fc50;;1;004049d0;CBulanci::FUN_004049d0;0
CStaticText;0047fc50;;2;00423db0;CDSView::FUN_00423db0;0
CStaticText;0047fc50;;3;004049a0;CStaticText::CStaticText_AdjustorThunk18_Dtor;0
CStaticText;0047fc64;;0;00402880;CBulanci::FUN_00402880;0
CStaticText;0047fc64;;1;004049c0;CBulanci::FUN_004049c0;0
CStaticText;0047fc64;;2;004034a0;CDSView::FUN_004034a0;0
CStaticText;0047fc64;;3;00404990;CStaticText::CStaticText_AdjustorThunk10_Dtor;0
CStaticText;0047fc64;;4;0042c040;CStaticText::CDSView_DispatchEvent;0
CStaticText;0047fc7c;;0;004011f0;CDSChain::FUN_004011f0;0
CStaticText;0047fc7c;;1;0042ac90;CDSChain::FUN_0042ac90;0
CStaticText;0047fc7c;;2;0041aa40;CDSChain::FUN_0041aa40;0
CStaticText;0047fc7c;;3;00404980;CStaticText::CStaticText_AdjustorThunk04_Dtor;0
CStaticText;0047fc7c;;4;00438340;CStaticText::CDSView_NoOpStub;0
CStaticText;0047fc7c;;5;00438340;CStaticText::CDSView_NoOpStub;0
CStaticText;0047fc9c;;0;00404970;CStaticText::CStaticText_GetTypeDescriptor;0
CStaticText;0047fc9c;;1;004064c0;CStaticText::CStaticText_vDtor;0
CStaticText;0047fc9c;;2;004245c0;CStaticText::CDSObject_ReleaseViaVtable;0
CStaticText;0047fc9c;;3;0042c2e0;CStaticText::CDSView_GetDataSize;0
CStaticText;0047fc9c;;4;0042c320;CStaticText::CDSView_SaveData;0
CStaticText;0047fc9c;;5;0042c370;CStaticText::CDSView_LoadData;0
CStaticText;0047fc9c;;6;004033a0;CStaticText::CDSView_GetDataKindStubZero;0
CStaticText;0047fc9c;;7;004028a0;CStaticText::CDSView_HitTest;0
CStaticText;0047fc9c;;8;0042cae0;CStaticText::CDSView_AdaptDisplaySize;0
CStaticText;0047fc9c;;9;0042ca30;CStaticText::CDSView_InvalidateRectClipped;0
CStaticText;0047fc9c;;10;0042c580;CStaticText::CDSView_ComputeAnchoredRect;0
CStaticText;0047fc9c;;11;0042c480;CStaticText::CDSView_SetRect;0
CStaticText;0047fc9c;;12;0042c430;CStaticText::CDSView_GetParentBounds;0
CStaticText;0047fc9c;;13;0042c3e0;CStaticText::CDSView_IsModalDoneRecursive;0
CStaticText;0047fc9c;;14;004054d0;CStaticText::CStaticText_Render;0
CStaticText;0047fc9c;;15;00438340;CStaticText::CDSView_NoOpStub;0
CStaticText;0047fc9c;;16;00438340;CStaticText::CDSView_NoOpStub;0
CStaticText;0047fc9c;;17;00438340;CStaticText::CDSView_NoOpStub;0
CStaticText;0047fc9c;;18;00438340;CStaticText::CDSView_NoOpStub;0
CStaticText;0047fc9c;;19;0042cf50;CStaticText::CDSView_OnLButtonDownAcquireFocus;0
CStaticText;0047fc9c;;20;00416770;CStaticText::CDSView_OnMouseStub;0
CStaticText;0047fc9c;;21;00416770;CStaticText::CDSView_OnMouseStub;0
CStaticText;0047fc9c;;22;0042c0c0;CStaticText::CDSView_OnKeyDown;0
CStaticText;0047fc9c;;23;0042c0e0;CStaticText::CDSView_OnKeyUp;0
CStaticText;0047fc9c;;24;0042c100;CStaticText::CDSView_OnChar;0
CStaticText;0047fc9c;;25;0042c770;CStaticText::CDSApp_BroadcastSyntheticEventToChildren;0
CStaticText;0047fc9c;;26;0042c7d0;CStaticText::CDSApp_RouteSyntheticCloseEvent;0
CStaticText;0047fc9c;;27;00438f80;CStaticText::CDSView_EmptyHook27;0
CSwitch;00483460;;0;00438f20;CBulAnim::IDSAnim_NotifyEvents;0
CSwitch;00483460;;1;00438f60;CBulAnim::IDSAnim_BindUserData;0
CSwitch;00483460;;2;004391d0;CBulAnim::IDSAnim_SetSequence_thunk;0
CSwitch;00483460;;3;00438f80;CSwitch::CDSView_EmptyHook27;0
CSwitch;00483460;;4;00424e10;CSwitch::CSwitch_OnAnimEnd;0
CSwitch;00483478;;0;0040b820;CBulAnim::GetTypeInfo_Sub68;0
CSwitch;00483478;;1;00404de0;CScroller::FUN_00404de0;0
CSwitch;00483478;;2;004229a0;CScroller::FUN_004229a0;0
CSwitch;00483478;;3;00423ad0;CSwitch::FUN_00423ad0;0
CSwitch;0048348c;;0;00402890;CBulanci::FUN_00402890;0
CSwitch;0048348c;;1;004049d0;CBulanci::FUN_004049d0;0
CSwitch;0048348c;;2;00423db0;CDSView::FUN_00423db0;0
CSwitch;0048348c;;3;00423af0;CSwitch::FUN_00423af0;0
CSwitch;004834a0;;0;00402880;CBulanci::FUN_00402880;0
CSwitch;004834a0;;1;004049c0;CBulanci::FUN_004049c0;0
CSwitch;004834a0;;2;004034a0;CDSView::FUN_004034a0;0
CSwitch;004834a0;;3;00423ae0;CSwitch::FUN_00423ae0;0
CSwitch;004834a0;;4;0042c040;CSwitch::CDSView_DispatchEvent;0
CSwitch;004834b8;;0;004011f0;CDSChain::FUN_004011f0;0
CSwitch;004834b8;;1;0042ac90;CDSChain::FUN_0042ac90;0
CSwitch;004834b8;;2;0041aa40;CDSChain::FUN_0041aa40;0
CSwitch;004834b8;;3;00423b00;CSwitch::FUN_00423b00;0
CSwitch;004834b8;;4;00438340;CSwitch::CDSView_NoOpStub;0
CSwitch;004834b8;;5;00438340;CSwitch::CDSView_NoOpStub;0
CSwitch;004834d4;;0;004239e0;CSwitch::FUN_004239e0;0
CSwitch;004834d4;;1;00423b30;CSwitch::FUN_00423b30;0
CSwitch;004834d4;;2;004245c0;CSwitch::CDSObject_ReleaseViaVtable;0
CSwitch;004834d4;;3;0042c2e0;CSwitch::CDSView_GetDataSize;0
CSwitch;004834d4;;4;0042c320;CSwitch::CDSView_SaveData;0
CSwitch;004834d4;;5;0042c370;CSwitch::CDSView_LoadData;0
CSwitch;004834d4;;6;004033a0;CSwitch::CDSView_GetDataKindStubZero;0
CSwitch;004834d4;;7;004028a0;CSwitch::CDSView_HitTest;0
CSwitch;004834d4;;8;0042cae0;CSwitch::CDSView_AdaptDisplaySize;0
CSwitch;004834d4;;9;0042ca30;CSwitch::CDSView_InvalidateRectClipped;0
CSwitch;004834d4;;10;0042c580;CSwitch::CDSView_ComputeAnchoredRect;0
CSwitch;004834d4;;11;0042c480;CSwitch::CDSView_SetRect;0
CSwitch;004834d4;;12;0042c430;CSwitch::CDSView_GetParentBounds;0
CSwitch;004834d4;;13;0042c3e0;CSwitch::CDSView_IsModalDoneRecursive;0
CSwitch;004834d4;;14;0040b840;CBulAnim::PrimaryTick_thunk;0
CSwitch;004834d4;;15;00438340;CSwitch::CDSView_NoOpStub;0
CSwitch;004834d4;;16;00438340;CSwitch::CDSView_NoOpStub;0
CSwitch;004834d4;;17;00424cf0;CSwitch::CSwitch_OnMouseEnter;0
CSwitch;004834d4;;18;00424d10;CSwitch::CSwitch_OnMouseLeave;0
CSwitch;004834d4;;19;004239f0;CSwitch::CSwitch_OnFocusChange;0
CSwitch;004834d4;;20;00425260;CSwitch::CSwitch_OnMouseClick;0
CSwitch;004834d4;;21;00416770;CSwitch::CDSView_OnMouseStub;0
CSwitch;004834d4;;22;0042c0c0;CSwitch::CDSView_OnKeyDown;0
CSwitch;004834d4;;23;0042c0e0;CSwitch::CDSView_OnKeyUp;0
CSwitch;004834d4;;24;0042c100;CSwitch::CDSView_OnChar;0
CSwitch;004834d4;;25;0042c770;CSwitch::CDSApp_BroadcastSyntheticEventToChildren;0
CSwitch;004834d4;;26;0042c7d0;CSwitch::CDSApp_RouteSyntheticCloseEvent;0
CSwitch;004834d4;;27;00424dc0;CSwitch::CSwitch_OnSiblingPressed;0
CTcpIpConfig;00481258;;0;00402890;CBulanci::FUN_00402890;0
CTcpIpConfig;00481258;;1;004049d0;CBulanci::FUN_004049d0;0
CTcpIpConfig;00481258;;2;00423db0;CDSView::FUN_00423db0;0
CTcpIpConfig;00481258;;3;0040bc10;CWindow::FUN_0040bc10;0
CTcpIpConfig;0048126c;;0;00402880;CBulanci::FUN_00402880;0
CTcpIpConfig;0048126c;;1;004049c0;CBulanci::FUN_004049c0;0
CTcpIpConfig;0048126c;;2;004034a0;CDSView::FUN_004034a0;0
CTcpIpConfig;0048126c;;3;0040be20;CWindow::FUN_0040be20;0
CTcpIpConfig;0048126c;;4;0042c040;CTcpIpConfig::CDSView_DispatchEvent;0
CTcpIpConfig;00481284;;0;004011f0;CDSChain::FUN_004011f0;0
CTcpIpConfig;00481284;;1;0042ac90;CDSChain::FUN_0042ac90;0
CTcpIpConfig;00481284;;2;0041aa40;CDSChain::FUN_0041aa40;0
CTcpIpConfig;00481284;;3;0040c540;CWindow::FUN_0040c540;0
CTcpIpConfig;00481284;;4;00438340;CTcpIpConfig::CDSView_NoOpStub;0
CTcpIpConfig;00481284;;5;00438340;CTcpIpConfig::CDSView_NoOpStub;0
CTcpIpConfig;004812a4;;0;0040c2c0;CTcpIpConfig::GetClassMeta;0
CTcpIpConfig;004812a4;;1;0040f120;CWindow::CWindow_vDtor;0
CTcpIpConfig;004812a4;;2;004245c0;CTcpIpConfig::CDSObject_ReleaseViaVtable;0
CTcpIpConfig;004812a4;;3;0042c2e0;CTcpIpConfig::CDSView_GetDataSize;0
CTcpIpConfig;004812a4;;4;0042c320;CTcpIpConfig::CDSView_SaveData;0
CTcpIpConfig;004812a4;;5;0042c370;CTcpIpConfig::CDSView_LoadData;0
CTcpIpConfig;004812a4;;6;004033a0;CTcpIpConfig::CDSView_GetDataKindStubZero;0
CTcpIpConfig;004812a4;;7;004028a0;CTcpIpConfig::CDSView_HitTest;0
CTcpIpConfig;004812a4;;8;0042cae0;CTcpIpConfig::CDSView_AdaptDisplaySize;0
CTcpIpConfig;004812a4;;9;0042ca30;CTcpIpConfig::CDSView_InvalidateRectClipped;0
CTcpIpConfig;004812a4;;10;0042c580;CTcpIpConfig::CDSView_ComputeAnchoredRect;0
CTcpIpConfig;004812a4;;11;0042c480;CTcpIpConfig::CDSView_SetRect;0
CTcpIpConfig;004812a4;;12;0042c430;CTcpIpConfig::CDSView_GetParentBounds;0
CTcpIpConfig;004812a4;;13;0042c3e0;CTcpIpConfig::CDSView_IsModalDoneRecursive;0
CTcpIpConfig;004812a4;;14;004055c0;CWindow::CWindow_Render;0
CTcpIpConfig;004812a4;;15;00438340;CTcpIpConfig::CDSView_NoOpStub;0
CTcpIpConfig;004812a4;;16;00438340;CTcpIpConfig::CDSView_NoOpStub;0
CTcpIpConfig;004812a4;;17;00438340;CTcpIpConfig::CDSView_NoOpStub;0
CTcpIpConfig;004812a4;;18;00438340;CTcpIpConfig::CDSView_NoOpStub;0
CTcpIpConfig;004812a4;;19;0042cf50;CTcpIpConfig::CDSView_OnLButtonDownAcquireFocus;0
CTcpIpConfig;004812a4;;20;00416770;CTcpIpConfig::CDSView_OnMouseStub;0
CTcpIpConfig;004812a4;;21;00416770;CTcpIpConfig::CDSView_OnMouseStub;0
CTcpIpConfig;004812a4;;22;00403d60;CWindow::FUN_00403d60;0
CTcpIpConfig;004812a4;;23;0042c0e0;CTcpIpConfig::CDSView_OnKeyUp;0
CTcpIpConfig;004812a4;;24;0042c100;CTcpIpConfig::CDSView_OnChar;0
CTcpIpConfig;004812a4;;25;0042c770;CTcpIpConfig::CDSApp_BroadcastSyntheticEventToChildren;0
CTcpIpConfig;004812a4;;26;0042c7d0;CTcpIpConfig::CDSApp_RouteSyntheticCloseEvent;0
CTcpIpConfig;004812a4;;27;00438f80;CTcpIpConfig::CDSView_EmptyHook27;0
CTeleportPoint;004823d0;;0;0040b830;CBulAnim::GetTypeInfo_Sub78;0
CTeleportPoint;004823d0;;1;0041ab40;CAnim::FUN_0041ab40;0
CTeleportPoint;004823d0;;2;00419930;CAnim::FUN_00419930;0
CTeleportPoint;004823d0;;3;00419b20;CAnim::FUN_00419b20;0
CTeleportPoint;004823e4;;0;00438f20;CBulAnim::IDSAnim_NotifyEvents;0
CTeleportPoint;004823e4;;1;00438f60;CBulAnim::IDSAnim_BindUserData;0
CTeleportPoint;004823e4;;2;004391d0;CBulAnim::IDSAnim_SetSequence_thunk;0
CTeleportPoint;004823e4;;3;00438f80;CTeleportPoint::CDSView_EmptyHook27;0
CTeleportPoint;004823e4;;4;0041fed0;CTeleportPoint::OnEvent;0
CTeleportPoint;004823fc;;0;0040b820;CBulAnim::GetTypeInfo_Sub68;0
CTeleportPoint;004823fc;;1;0041a980;CShot::FUN_0041a980;0
CTeleportPoint;004823fc;;2;00418ed0;CShot::FUN_00418ed0;0
CTeleportPoint;004823fc;;3;00419b30;CAnim::FUN_00419b30;0
CTeleportPoint;00482410;;0;00402890;CBulanci::FUN_00402890;0
CTeleportPoint;00482410;;1;004049d0;CBulanci::FUN_004049d0;0
CTeleportPoint;00482410;;2;00423db0;CDSView::FUN_00423db0;0
CTeleportPoint;00482410;;3;00419b10;CAnim::FUN_00419b10;0
CTeleportPoint;00482424;;0;00402880;CBulanci::FUN_00402880;0
CTeleportPoint;00482424;;1;004049c0;CBulanci::FUN_004049c0;0
CTeleportPoint;00482424;;2;004034a0;CDSView::FUN_004034a0;0
CTeleportPoint;00482424;;3;0041ab30;CAnim::FUN_0041ab30;0
CTeleportPoint;00482424;;4;0042c040;CTeleportPoint::CDSView_DispatchEvent;0
CTeleportPoint;0048243c;;0;004011f0;CDSChain::FUN_004011f0;0
CTeleportPoint;0048243c;;1;0042ac90;CDSChain::FUN_0042ac90;0
CTeleportPoint;0048243c;;2;0041aa40;CDSChain::FUN_0041aa40;0
CTeleportPoint;0048243c;;3;00419a90;CAnim::FUN_00419a90;0
CTeleportPoint;0048243c;;4;00438340;CTeleportPoint::CDSView_NoOpStub;0
CTeleportPoint;0048243c;;5;00438340;CTeleportPoint::CDSView_NoOpStub;0
CTeleportPoint;0048245c;;0;0041a970;CTeleportPoint::FUN_0041a970;0
CTeleportPoint;0048245c;;1;0041ab50;CAnim::FUN_0041ab50;0
CTeleportPoint;0048245c;;2;004245c0;CTeleportPoint::CDSObject_ReleaseViaVtable;0
CTeleportPoint;0048245c;;3;0042c2e0;CTeleportPoint::CDSView_GetDataSize;0
CTeleportPoint;0048245c;;4;0042c320;CTeleportPoint::CDSView_SaveData;0
CTeleportPoint;0048245c;;5;0042c370;CTeleportPoint::CDSView_LoadData;0
CTeleportPoint;0048245c;;6;004033a0;CTeleportPoint::CDSView_GetDataKindStubZero;0
CTeleportPoint;0048245c;;7;004028a0;CTeleportPoint::CDSView_HitTest;0
CTeleportPoint;0048245c;;8;0042cae0;CTeleportPoint::CDSView_AdaptDisplaySize;0
CTeleportPoint;0048245c;;9;0042ca30;CTeleportPoint::CDSView_InvalidateRectClipped;0
CTeleportPoint;0048245c;;10;0042c580;CTeleportPoint::CDSView_ComputeAnchoredRect;0
CTeleportPoint;0048245c;;11;00419010;CGameView::FUN_00419010;0
CTeleportPoint;0048245c;;12;0042c430;CTeleportPoint::CDSView_GetParentBounds;0
CTeleportPoint;0048245c;;13;0042c3e0;CTeleportPoint::CDSView_IsModalDoneRecursive;0
CTeleportPoint;0048245c;;14;00419130;CBitmap::FUN_00419130;0
CTeleportPoint;0048245c;;15;004164f0;CAnim::FUN_004164f0;0
CTeleportPoint;0048245c;;16;00438340;CTeleportPoint::CDSView_NoOpStub;0
CTeleportPoint;0048245c;;17;00438340;CTeleportPoint::CDSView_NoOpStub;0
CTeleportPoint;0048245c;;18;00438340;CTeleportPoint::CDSView_NoOpStub;0
CTeleportPoint;0048245c;;19;0042cf50;CTeleportPoint::CDSView_OnLButtonDownAcquireFocus;0
CTeleportPoint;0048245c;;20;00416770;CTeleportPoint::CDSView_OnMouseStub;0
CTeleportPoint;0048245c;;21;00416770;CTeleportPoint::CDSView_OnMouseStub;0
CTeleportPoint;0048245c;;22;0042c0c0;CTeleportPoint::CDSView_OnKeyDown;0
CTeleportPoint;0048245c;;23;0042c0e0;CTeleportPoint::CDSView_OnKeyUp;0
CTeleportPoint;0048245c;;24;0042c100;CTeleportPoint::CDSView_OnChar;0
CTeleportPoint;0048245c;;25;0042c770;CTeleportPoint::CDSApp_BroadcastSyntheticEventToChildren;0
CTeleportPoint;0048245c;;26;0042c7d0;CTeleportPoint::CDSApp_RouteSyntheticCloseEvent;0
CTeleportPoint;0048245c;;27;0041acf0;CGameView::FUN_0041acf0;0
CTeleportPoint;0048245c;;28;00417210;CGameView::FUN_00417210;0
CTeleportPoint;0048245c;;29;00416f50;CGameView::FUN_00416f50;0
CTeleportPoint;0048245c;;30;0041b190;CAnim::FUN_0041b190;0
CVolume;00481180;;0;004034d0;CScroller::FUN_004034d0;0
CVolume;00481180;;1;00404de0;CScroller::FUN_00404de0;0
CVolume;00481180;;2;004229a0;CScroller::FUN_004229a0;0
CVolume;00481180;;3;0040be60;CVolume::CVolume_AdjustorThunk18_Dtor;0
CVolume;00481180;;4;00406770;CScrollBar::CScrollBar_Invalidate;0
CVolume;00481198;;0;00402890;CBulanci::FUN_00402890;0
CVolume;00481198;;1;004049d0;CBulanci::FUN_004049d0;0
CVolume;00481198;;2;00423db0;CDSView::FUN_00423db0;0
CVolume;00481198;;3;0040be40;CVolume::CVolume_AdjustorThunk04_Dtor;0
CVolume;004811ac;;0;00402880;CBulanci::FUN_00402880;0
CVolume;004811ac;;1;004049c0;CBulanci::FUN_004049c0;0
CVolume;004811ac;;2;004034a0;CDSView::FUN_004034a0;0
CVolume;004811ac;;3;0040be70;CVolume::CVolume_AdjustorThunk68_Dtor;0
CVolume;004811ac;;4;0042c040;CVolume::CDSView_DispatchEvent;0
CVolume;004811c4;;0;004011f0;CDSChain::FUN_004011f0;0
CVolume;004811c4;;1;0042ac90;CDSChain::FUN_0042ac90;0
CVolume;004811c4;;2;0041aa40;CDSChain::FUN_0041aa40;0
CVolume;004811c4;;3;0040be50;CVolume::CVolume_AdjustorThunk10_Dtor;0
CVolume;004811c4;;4;00438340;CVolume::CDSView_NoOpStub;0
CVolume;004811c4;;5;00438340;CVolume::CDSView_NoOpStub;0
CVolume;004811e4;;0;0040be30;CVolume::CVolume_GetTypeDescriptor;0
CVolume;004811e4;;1;0040fc00;CVolume::CVolume_vDtor;0
CVolume;004811e4;;2;004245c0;CVolume::CDSObject_ReleaseViaVtable;0
CVolume;004811e4;;3;0042c2e0;CVolume::CDSView_GetDataSize;0
CVolume;004811e4;;4;0042c320;CVolume::CDSView_SaveData;0
CVolume;004811e4;;5;0042c370;CVolume::CDSView_LoadData;0
CVolume;004811e4;;6;004033a0;CVolume::CDSView_GetDataKindStubZero;0
CVolume;004811e4;;7;004028a0;CVolume::CDSView_HitTest;0
CVolume;004811e4;;8;0042cae0;CVolume::CDSView_AdaptDisplaySize;0
CVolume;004811e4;;9;0042ca30;CVolume::CDSView_InvalidateRectClipped;0
CVolume;004811e4;;10;0042c580;CVolume::CDSView_ComputeAnchoredRect;0
CVolume;004811e4;;11;0042c480;CVolume::CDSView_SetRect;0
CVolume;004811e4;;12;0042c430;CVolume::CDSView_GetParentBounds;0
CVolume;004811e4;;13;0042c3e0;CVolume::CDSView_IsModalDoneRecursive;0
CVolume;004811e4;;14;00403530;CScrollBar::CScrollBar_Render;0
CVolume;004811e4;;15;00438340;CVolume::CDSView_NoOpStub;0
CVolume;004811e4;;16;00404fe0;CScrollBar::CScrollBar_dtor;0
CVolume;004811e4;;17;00438340;CVolume::CDSView_NoOpStub;0
CVolume;004811e4;;18;00403a80;CScrollBar::CScrollBar_OnTimerTick;0
CVolume;004811e4;;19;0040fb00;CVolume::CVolume_OnMouseDown;0
CVolume;004811e4;;20;0040e270;CVolume::CVolume_OnMouseUp;0
CVolume;004811e4;;21;00416770;CVolume::CDSView_OnMouseStub;0
CVolume;004811e4;;22;0042c0c0;CVolume::CDSView_OnKeyDown;0
CVolume;004811e4;;23;0042c0e0;CVolume::CDSView_OnKeyUp;0
CVolume;004811e4;;24;0042c100;CVolume::CDSView_OnChar;0
CVolume;004811e4;;25;0042c770;CVolume::CDSApp_BroadcastSyntheticEventToChildren;0
CVolume;004811e4;;26;0042c7d0;CVolume::CDSApp_RouteSyntheticCloseEvent;0
CVolume;004811e4;;27;00438f80;CVolume::CDSView_EmptyHook27;0
CWeapon;00481ed4;;0;0041bf70;CWeapon::FUN_0041bf70;0
CWeapon;00481ed4;;1;00416770;CWeapon::CDSView_OnMouseStub;0
CWeapon;00481ed4;;2;0041c600;CWeapon::Init;0
CWeapon;00481ed4;;3;00417a00;CWeapon::FUN_00417a00;0
CWeapon;00481ed4;;4;004212b0;CWeapon::Fire;0
CWeapon;00481eec;;0;00418f60;CWeapon::FUN_00418f60;0
CWeapon;00481eec;;1;0041dae0;CWeapon::FUN_0041dae0;0
CWeapon;00481eec;;2;00416750;CWeapon::FUN_00416750;0
CWeapon;00481eec;;3;00434b10;CItemInfo::FUN_00434b10;0
CWindow;0047fd10;;0;00402890;CBulanci::FUN_00402890;0
CWindow;0047fd10;;1;004049d0;CBulanci::FUN_004049d0;0
CWindow;0047fd10;;2;00423db0;CDSView::FUN_00423db0;0
CWindow;0047fd10;;3;0040bc10;CWindow::FUN_0040bc10;0
CWindow;0047fd24;;0;00402880;CBulanci::FUN_00402880;0
CWindow;0047fd24;;1;004049c0;CBulanci::FUN_004049c0;0
CWindow;0047fd24;;2;004034a0;CDSView::FUN_004034a0;0
CWindow;0047fd24;;3;0040be20;CWindow::FUN_0040be20;0
CWindow;0047fd24;;4;0042c040;CWindow::CDSView_DispatchEvent;0
CWindow;0047fd3c;;0;004011f0;CDSChain::FUN_004011f0;0
CWindow;0047fd3c;;1;0042ac90;CDSChain::FUN_0042ac90;0
CWindow;0047fd3c;;2;0041aa40;CDSChain::FUN_0041aa40;0
CWindow;0047fd3c;;3;0040c540;CWindow::FUN_0040c540;0
CWindow;0047fd3c;;4;00438340;CWindow::CDSView_NoOpStub;0
CWindow;0047fd3c;;5;00438340;CWindow::CDSView_NoOpStub;0
CWindow;0047fd5c;;0;004049b0;CWindow::CWindow_GetTypeDescriptor;0
CWindow;0047fd5c;;1;0040f120;CWindow::CWindow_vDtor;0
CWindow;0047fd5c;;2;004245c0;CWindow::CDSObject_ReleaseViaVtable;0
CWindow;0047fd5c;;3;0042c2e0;CWindow::CDSView_GetDataSize;0
CWindow;0047fd5c;;4;0042c320;CWindow::CDSView_SaveData;0
CWindow;0047fd5c;;5;0042c370;CWindow::CDSView_LoadData;0
CWindow;0047fd5c;;6;004033a0;CWindow::CDSView_GetDataKindStubZero;0
CWindow;0047fd5c;;7;004028a0;CWindow::CDSView_HitTest;0
CWindow;0047fd5c;;8;0042cae0;CWindow::CDSView_AdaptDisplaySize;0
CWindow;0047fd5c;;9;0042ca30;CWindow::CDSView_InvalidateRectClipped;0
CWindow;0047fd5c;;10;0042c580;CWindow::CDSView_ComputeAnchoredRect;0
CWindow;0047fd5c;;11;0042c480;CWindow::CDSView_SetRect;0
CWindow;0047fd5c;;12;0042c430;CWindow::CDSView_GetParentBounds;0
CWindow;0047fd5c;;13;0042c3e0;CWindow::CDSView_IsModalDoneRecursive;0
CWindow;0047fd5c;;14;004055c0;CWindow::CWindow_Render;0
CWindow;0047fd5c;;15;00438340;CWindow::CDSView_NoOpStub;0
CWindow;0047fd5c;;16;00438340;CWindow::CDSView_NoOpStub;0
CWindow;0047fd5c;;17;00438340;CWindow::CDSView_NoOpStub;0
CWindow;0047fd5c;;18;00438340;CWindow::CDSView_NoOpStub;0
CWindow;0047fd5c;;19;0042cf50;CWindow::CDSView_OnLButtonDownAcquireFocus;0
CWindow;0047fd5c;;20;00416770;CWindow::CDSView_OnMouseStub;0
CWindow;0047fd5c;;21;00416770;CWindow::CDSView_OnMouseStub;0
CWindow;0047fd5c;;22;00403d60;CWindow::FUN_00403d60;0
CWindow;0047fd5c;;23;0042c0e0;CWindow::CDSView_OnKeyUp;0
CWindow;0047fd5c;;24;0042c100;CWindow::CDSView_OnChar;0
CWindow;0047fd5c;;25;0042c770;CWindow::CDSApp_BroadcastSyntheticEventToChildren;0
CWindow;0047fd5c;;26;0042c7d0;CWindow::CDSApp_RouteSyntheticCloseEvent;0
CWindow;0047fd5c;;27;00438f80;CWindow::CDSView_EmptyHook27;0
ODSImage;00481ab4;;0;00448a6d;CDSException::__purecall;1
ODSImage;00481ab4;;1;00416770;ODSImage::CDSView_OnMouseStub;0
ODSImage;00481ab4;;2;00448a6d;CDSException::__purecall;1
ODSImage;00481ab4;;3;00438f80;ODSImage::CDSView_EmptyHook27;0
ODSImage;00481ab4;;4;00416770;ODSImage::CDSView_OnMouseStub;0
std::bad_alloc;004895c0;;0;00447c08;std::bad_alloc::FUN_00447c08;0
std::bad_alloc;004895c0;;1;0044bf84;std::bad_alloc::FUN_0044bf84;0
std::bad_alloc;004895c0;;2;00448af8;Runtime::MSVCRT::__fpmath;0
std::bad_alloc;004895c0;;3;00448a97;_Globals::FUN_00448a97;0
std::bad_alloc;004895c0;;4;00448a97;_Globals::FUN_00448a97;0
std::bad_exception;00489638;;0;0044b047;std::bad_exception::FUN_0044b047;0
std::bad_exception;00489638;;1;0044bf84;std::bad_alloc::FUN_0044bf84;0
std::exception;0048965c;;0;0044bf91;std::exception::FUN_0044bf91;0
std::exception;0048965c;;1;0044bf84;std::bad_alloc::FUN_0044bf84;0
type_info;004895b8;;0;0044735b;type_info::`scalar_deleting_destructor';0
